name,price,rating,reviews,sold,category,value_score,price_tier,is_overpriced
Vivo Y66 | 100% Inspected Fresh Stock | 4GB RAM 64GB ROM(3/32 for user) | 13MP Camera | Dual Sim Approved | With Box & Charger | Premium Quality |  Vivo Mobile Phone | Globally Customized,9999.0,4.0,192,765,mobiles,4.000400040004001,Budget,0
"Vivo Y66 | Dual Sim | PTA Approve | 4GB Ram 64GB Storage | Long Lasting 3000 MAH Battery | Memory Card Suppirt | Vivo Box , Charger Sim Injector Tool & Phone | Vivo Mobile | Mobile Phone On Easy Installment | Whatsapp , Youtube Facebook & Tiktok Working",8812.0,4.4,0,19,mobiles,4.993191103041307,Budget,0
"Vgotel Note 23 - 8GB RAM 256GB ROM - 6.78’’ FHD+ Punch Hole Display, 120Hz Refresh Rate - Dual SIM - 5000mAh Battery",37999.0,5.0,21,50,mobiles,1.315824100634227,Budget,0
Infinix Smart 10 4GB+64GB - PTA APPROVED,30498.0,5.0,21,939,mobiles,1.639451767329005,Budget,0
American Schok Volt SV55 Mobile Phone | No Sims(WiFi Only) | Android 11 | Free Compatible Charger | Snapdragon 425 | Best Economical Smart Mobile Phone | Mobile Phones Low Price | Globally Customized,6990.0,5.0,2,0,mobiles,7.15307582260372,Budget,0
"Imported Original Vivo Y71 Mobile | 100% INSPECTED | 6GB RAM | 128GB ROM(STORAGE) | 3360mAh Battery | Fresh Kit | Dual Sim PTA Approved | BEST FOR ADULT AND KIDS BOTH | Android 8 | Just Like New Condition | With Box, Charger, Cable & FREE Handsfree",10999.0,5.0,3,10,mobiles,4.545867806164197,Budget,0
Vivo Mobile Phone Y85 Global Variant 4GB 64GB – Dual Sim Approved - Imported Model | Superior to Local | +Free Shockproof Jelly Cover | 13MP Dual Camera | with Charger & Handsfree | Best Discounted Price in Pakistan | Vivo Y85 Globally Customized,14999.0,4.0,410,14,mobiles,2.6668444562970866,Budget,0
Redmi A5 4GB+128GB - PTA APPROVED,29799.0,5.0,16,11,mobiles,1.6779086546528406,Budget,0
REDMI A3 || 4GB Ram 128GB Rom || 5000mAh Battery,29999.0,4.0,64,475,mobiles,1.3333777792593087,Budget,0
Y66 128GB /6GB RAM / 2sim/ 4G LTE/ BEST for low budget/ COMPLETE BOX N ACCESSORIES,9025.0,4.4,0,0,mobiles,4.875346260387812,Budget,0
"Schok Volt SV55 2GB RAM 16GB ROM - 5.5"" Display Budget Slightly Used Android Phone Best for WiFi and Gaming ONLY MOBILE PHONE",5519.0,4.4,0,0,mobiles,7.97245877876427,Budget,0
Infinix Smart 10 Plus 4GB+128GB - PTA APPROVED,32998.0,4.0,17,656,mobiles,1.2121946784653614,Budget,0
Y19S 5500 mh big battery - 50mp camera - Dual sim,22000.0,4.4,0,0,mobiles,2.0,Budget,0
American Schok Volt SV55 Mobile Phone | No Sims(WiFi Only) | Android 11 | Free Compatible Charger | Snapdragon 425 | Best Economical Smart Mobile Phone | Mobile Phones Low Price | Globally Customized,6000.0,4.4,0,0,mobiles,7.333333333333333,Budget,0
Samsung Galaxy A07 4GB+64GB - PTA APPROVED,27999.0,4.0,307,65,mobiles,1.4286224508018144,Budget,0
"Vivo Y20s | 8GB Ram 128GB Storage | 5000 MAH Battery + 18w Fast Charging | PTA Approve | Side FingerPrint | 6.51"" HD+ Halo Big Display | 13MP AI Triple Camera | Phone, Box, Charger | Mobile Phone On Installment",19475.0,4.4,0,0,mobiles,2.259306803594352,Budget,0
Apple iPhone 17 Pro Max - 256GB,520499.0,4.4,0,0,mobiles,0.08453426423489767,Premium,1
Vivo Y19s - 6.74 Inches IPS LCD Display - 8+1GB RAM - 256GB Storage (128GB Usable + 128GB System Reserved) - Official PTA Approved - Fingerprint Sensor - (Phone and Universal Box. No Charger and No Accessories Included - Mix Color),25999.0,5.0,1,0,mobiles,1.9231508904188623,Budget,0
Redmi 15C 6GB +128GB - PTA APPROVED,39999.0,4.0,80,16,mobiles,1.0000250006250155,Mid-Range,0
Samsung Galaxy A07 4GB+128GB - PTA APPROVED,32999.0,4.0,175,43,mobiles,1.2121579441801267,Budget,0
Redmi 15C 4GB +128GB - PTA APPROVED,33499.0,5.0,11,389,mobiles,1.4925818681154661,Budget,0
Redmi 15 8GB+128GB - PTA APPROVED,45649.0,5.0,35,470,mobiles,1.095314245657079,Mid-Range,0
"Imported Original Vivo Y75 Mobile | 100% INSPECTED | 6GB RAM | 128GB ROM(STORAGE) | Fingerprint | 3360mAh Battery | Dual Sim PTA Approved | BEST FOR ADULT AND KIDS BOTH | Android 8.1 | Just Like New Condition | With Box, Charger, Cable & FREE Handsfree",11999.0,5.0,1,16,mobiles,4.167013917826486,Budget,0
Vivo Y19s - 6.74 Inches IPS LCD Display - 8+1GB RAM - 256GB Storage - Official PTA Approved - Fingerprint Sensor - (Phone and Universal Box. No Charger and No Accessories Included - Mix Color),29999.0,4.4,0,0,mobiles,1.4667155571852395,Budget,0
Samsung Galaxy A07 6GB+128GB PTA APPROVED,38999.0,4.0,131,39,mobiles,1.0256673248032,Mid-Range,0
"Imported Original Vivo Y71 Mobile | 100% INSPECTED | 6GB RAM | 128GB ROM(STORAGE) | 3360mAh Battery | Fresh Kit | Dual Sim PTA Approved | BEST FOR ADULT AND KIDS BOTH | Android 8 | Just Like New Condition | With Box, Charger, Cable & FREE Handsfree",11999.0,4.0,108,397,mobiles,3.3336111342611883,Budget,0
"Vivo Y20s | 8GB Ram 128GB Storage | 5000 MAH Battery + 18w Fast Charging | PTA Approve | Side FingerPrint | 6.51"" HD+ Halo Big Display | 13MP AI Triple Camera | Phone, Box, Charger | Mobile Phone On Installment",18700.0,3.0,2,8,mobiles,1.6042780748663101,Budget,0
Imported Oppo A57 Gifts(Charger Jelly Cover Sim Eject Tool)- Dual Sim IMEI Approved - 4/64 Memory ( For User 3/32) - 3GB RAM Mobile - Snapdragon Processor Mobile - Oppo Mobile - Oppo Phone - Mobile Phone on Installment - Budget Phone - 4G Mobile,10293.0,4.0,92,282,mobiles,3.886136209074128,Budget,0
American Schok Volt SV55 Mobile Phone - No Sims(WiFi Only) - 2Gb Ram - 16Gb Rom - Android 11 - Snapdragon 425 - Best Economical Smart Mobile - Phone Multi Colour (Phone Only - Box Charger Accessoires Not Included),6499.0,4.4,0,0,mobiles,6.770272349592246,Budget,0
Vivo Y20s Mobile Phone | 8GB RAM 256GB ROM(For User 4/128) | Android 10 | 5000mAh Battery | Vivo Mobile Phone | Triple Camera | Dual Sim Approved | With Charger Jelly Cover & Handsfree | Globally Customized,19999.0,4.4,0,0,mobiles,2.2001100055002754,Budget,0
"Mobile - Imported Original Vivo Y71 Mobile | 100% INSPECTED | 6GB RAM | 128GB ROM(STORAGE) | 3360mAh Battery | Fresh Kit | Dual Sim PTA Approved| BEST FOR ADULT AND KIDS BOTH | Android 8| Just Like New Condition | With Box, Charger, Cable & FREE Handsfree",10999.0,4.4,0,0,mobiles,4.000363669424494,Budget,0
Apple iPhone 13 - 128GB,163999.0,4.4,0,0,mobiles,0.268294318867798,Premium,1
Vivo Y19 | 4GB RAM | 128GB Storage | Dual Sim | PTA Approve | 5000 MAH Big Battery | Dual Speaker | FingerPrint + Face Unlock | Vivo Mobile On Installment,15905.0,3.0,1,0,mobiles,1.8861993083935868,Budget,0
Samsung Galaxy Z Fold 3 12GB RAM 256 GB ROM || FOLDABLE MOBILE PHONE || ONE YEAR BRAND WARRANTY,300000.0,4.4,0,0,mobiles,0.14666666666666667,Premium,1
Sony Xperia 5 Mark 1 - 6GB /64GB- Official PTA Approved - Dust & Water Resistant - Official PTA Approved,37710.0,5.0,2,0,mobiles,1.3259082471492973,Budget,0
"Vivo Y71 6/128 Ram Rom(3/32 for user) - Complete Box Set with Free Charger, Handsfree, Jelly Cover & Sim Tool - Dual Sim Approved Best Budget Smartphone Deal | Limited Time Discount",11994.0,4.0,16,60,mobiles,3.3350008337502084,Budget,0
Vivo Y17 PTA Approved Original Mobile Phone | 8GB RAM 256GB ROM | 5000mAh Battery | Dual SIM | Fingerprint | Android Smartphone | Global Variant | Like New | Box Charger Handsfree Included | Installment Available | Best Budget Phone in Pakistan,15862.0,4.4,0,0,mobiles,2.7739251040221915,Budget,0
Tecno Spark GO 3 4/64,28998.0,5.0,22,836,mobiles,1.7242568452996756,Budget,0
Xiaomi POCO C85,42749.0,5.0,5,27,mobiles,1.1696180027602985,Mid-Range,0
Vivo S1 6.38 Inches Super AMOLED Display - 8GB RAM 256GB ROM - 16MP + 8MP + 2MP + 32MP Camera - Official PTA Approve - Dual SIM (WIth Box Charger Only Accessoires Not Included - Multi Color),24999.0,5.0,2,19,mobiles,2.000080003200128,Budget,0
Apple iPhone 17 Pro Max - 512GB,607999.0,4.4,0,0,mobiles,0.07236854007983566,Premium,1
Apple iPhone 17 - 256 GB,372999.0,4.4,0,0,mobiles,0.1179627827420449,Premium,1
Infinix Note 60 Pro 8GB / 256GB with Free Powerbank,105998.0,4.0,21,105,mobiles,0.3773656106718995,Mid-Range,0
Infinix Smart 20 4GB / 64GB,30999.0,4.4,0,0,mobiles,1.4194006258266396,Budget,0
Infinix Hot 60 Pro Plus 8GB+256GB PTA APPROVED,61498.0,4.0,24,275,mobiles,0.650427656183941,Mid-Range,0
Infinix Note Edge 8GB / 256GB,74998.0,5.0,5,72,mobiles,0.6666844449185312,Mid-Range,0
Infinix Note 60 8GB+256GB,83998.0,4.0,5,28,mobiles,0.4762018143289126,Mid-Range,0
Infinix GT 50 Pro 12GB / 256GB,154998.0,5.0,1,0,mobiles,0.3225848075459038,Premium,0
Google Pixel 9 Pro XL Official PTA Approved 16 GB - 128/256 GB Dual Sim,208000.0,4.4,0,0,mobiles,0.21153846153846156,Premium,1
Tecno Spark 50 6GB / 128GB,43798.0,5.0,3,43,mobiles,1.141604639481255,Mid-Range,0
Samsung Galaxy A56 12/256GB - PTA APPROVED,123899.0,4.0,60,479,mobiles,0.3228436064859281,Premium,0
Tecno SPARK 40 Pro 8GB+256GB PTA APPROVED,57998.0,4.0,52,872,mobiles,0.6896789544467051,Mid-Range,0
Infinix Hot 60i 6GB+128GB PTA APPROVED,42998.0,4.0,17,460,mobiles,0.9302758267826411,Mid-Range,0
Infinix Hot 60 Pro 8GB+128GB - PTA APPROVED,54998.0,5.0,11,87,mobiles,0.9091239681442962,Mid-Range,0
Samsung Galaxy A17 8GB + 256 GB,59299.0,4.0,96,23,mobiles,0.6745476314946289,Mid-Range,0
OPPO A6 8GB + 256GB,60498.0,5.0,1,29,mobiles,0.8264736024331383,Mid-Range,0
Infinix Note 60 Edge 5G - 6.78'' AMOLED Display 8GB RAM 256GB ROM  6500mAh Battery PTA Approved 1 Year Official Brand Warranty,87980.0,4.4,0,0,mobiles,0.5001136621959537,Mid-Range,0
"Samsung Galaxy S24 Ultra (12GB RAM, 256GB Storage)",350000.0,5.0,1,0,mobiles,0.14285714285714285,Premium,0
Apple iPhone 15 - 128GB,264499.0,4.4,0,0,mobiles,0.16635223573624097,Premium,1
Samsung Galaxy S26 Ultra - 256 GB,399999.0,5.0,5,40,mobiles,0.12500031250078125,Premium,0
Samsung A57 5G 8GB/256GB,161999.0,4.4,0,0,mobiles,0.2716066148556473,Premium,1
vivo V70 FE  5G - 8GB RAM - 256GBGB ROM - 200MP OIS Ultra clear Camera - 7000 mAh Battery - MTK Dimensity 7360 Turbo,124999.0,4.4,0,0,mobiles,0.35200281602252825,Premium,0
Google Pixel 7 Pro Official PTA Approved 12GB RAM 128GB/256/512GB ROM Dual Sim,114000.0,4.4,0,0,mobiles,0.3859649122807018,Mid-Range,0
Tecno Camon 40 Pro 8GB+256GB PTA APPROVED,65998.0,5.0,152,48,mobiles,0.7575987151125791,Mid-Range,0
Apple iPhone 17 Pro - 256GB,484999.0,4.4,0,0,mobiles,0.09072183653986916,Premium,1
Samsung A57 5G 12GB/256GB,177999.0,5.0,2,0,mobiles,0.2809004544969354,Premium,0
Samsung Galaxy A55 5G || 8GB RAM 256GB ROM || 50 MP + 12 MP + 5 MP Back Camera || 5000 mAh Battery || 6.6 Inches Display,120999.0,4.4,0,0,mobiles,0.3636393689204043,Premium,0
OPPO Reno13 5G | 12GB RAM + 256GB ROM - Refurbished (Open Box),149999.0,4.4,0,0,mobiles,0.293335288901926,Premium,1
INFINIX Note 60 Pro || 8GB+8GB Ram 256GB Rom || 6500mAh Battery,119999.0,4.4,0,0,mobiles,0.36666972224768546,Premium,0
OPPO A5 Pro | 8GB RAM + 128GB ROM - Active (Open Box),42999.0,5.0,7,71,mobiles,1.1628177399474406,Mid-Range,0
"Samsung Galaxy S22 Ultra Official PTA Approved Dual SIM - 128GB, 256GB, and 512GB",180000.0,4.4,0,0,mobiles,0.24444444444444444,Premium,1
"Infinix Note 60 Pro 5G 8GB + 8GB Ram 256GB Rom || 6.78 Inches AMOLED 144Hz 1.5K Display || IP64 , Snapdragon 7s Gen 4 || 6500 mAh Fast Charging 90W || Wireless 30W,",119999.0,4.4,0,0,mobiles,0.36666972224768546,Premium,0
Apple iPhone 17 Pro - 512GB,579999.0,4.4,0,0,mobiles,0.07586219976241339,Premium,1
Aquos Zero 2 | 256GB ROM | 8GB RAM | Snapdragon 855 | 3130 mAh Battery | Official PTA Approved,39500.0,3.0,2,0,mobiles,0.759493670886076,Mid-Range,0
Google Pixel 7 Pro – 6.7″ QHD+ 120Hz | dual sim approved | Tensor G2 | 50MP Triple Camera |  12GB RAM | 128 and 256GB Storage  5000mAh with Fast Wired & Wireless Charging | just like new condition without box,89999.0,4.4,0,0,mobiles,0.4888943210480117,Mid-Range,0
OPPO A6s Pro 8GB+256GB,99998.0,4.4,0,0,mobiles,0.4400088001760035,Mid-Range,0
Vivo Y31d - 8GB RAM 128GB ROM 7200mAh Battery 44w Fast Charge PTA Approved 1 Year Official Brand Warranty,63980.0,4.4,0,0,mobiles,0.6877149109096593,Mid-Range,0
Google Pixel 8 Official PTA Approved 8 GB - 128 GB Dual Sim,112000.0,4.4,0,0,mobiles,0.3928571428571429,Mid-Range,0
Realme 5i - 6.5 Inches HD+ Display - Dual Sim Official PTA Approved - 6GB RAM / 128GB ROM (Usable ROM 32GB) - Qualcomm Snapdragon 665 AIE Processor - (Phone with Universal Box and Charger - Mix Color),17999.0,4.4,0,0,mobiles,2.444580254458581,Budget,0
Dcode Cygnal Ultra || 8GB+8GGB Ram 128GB Rom 6000mAh Battery,34999.0,4.4,0,0,mobiles,1.2571787765364726,Budget,0
iPhone Air- 256GB,397999.0,4.4,0,0,mobiles,0.11055304159055677,Premium,1
Tecno Spark 50 - 6GB RAM - 128GB ROM - 7000mAh Battery - 50MP Camera - Official Brand Warranty,49980.0,4.4,0,0,mobiles,0.8803521408563426,Mid-Range,0
Imported ViVo S1 with Box Dual Engine Fast Charger Back Jelly Cover Handsfree Sim Eject Tool - 8/256 RAM ROM (for user 6/128) - Super AMOLED Display - Dual Sim Approved - Vivo Mobile Phone - Vivo Phone - Budget Phone - 4G Mobile - Globally Customized,21993.0,4.0,65,281,mobiles,1.8187605147092256,Budget,0
Google Pixel 7 | 8GB Ram | 128GB storage | dual sim approved | Tensor G2 chipset | 10/10 condition | just like new condition without box,61999.0,5.0,1,6,mobiles,0.8064646203971031,Mid-Range,0
Samsung Galaxy S23 Ultra Official PTA Approved Dual SIM - 256GB and 512GB,260000.0,5.0,0,0,mobiles,0.19230769230769232,Premium,0
Redmi Note 15 Pro || 12GB Ram 512GB Rom || 6500mAh Battery,119999.0,4.4,0,0,mobiles,0.36666972224768546,Premium,0
realme 14 5G 12GB RAM + 512GB ROM,99999.0,4.0,3,12,mobiles,0.4000040000400004,Mid-Range,0
Samsung Galaxy A07 128GB - 6GB RAM 6.7 Inches Display  5000 mAh Battery  50 MP + 2 MP Back Camera,42499.0,4.4,0,0,mobiles,1.0353184780818374,Mid-Range,0
vivo Y31d - 7200 mAh BlueVolt Battery - Snapdragon 6s Gen 2 4G - IP68 & 69 Dust and Waterproof - OriginOS 6.0 New System,65999.0,4.0,2,0,mobiles,0.606069788936196,Mid-Range,0
Google Pixel 7 Official PTA Approved 8 GB - 128/256 GB Dual Sim,76000.0,4.4,0,0,mobiles,0.5789473684210527,Mid-Range,0
Sumsung Galaxy S23 Ultra 12GB / 512GB OFFICAIL PTA APPROVED,285000.0,4.4,0,0,mobiles,0.1543859649122807,Premium,1
Itel City 200 || 4GB+4GB Ram 128GB Rom  || 6000mAh Battery,29999.0,4.4,0,0,mobiles,1.4667155571852395,Budget,0
Google Pixel 9 PRO XL | 16GB RAM | 256GB STORAGE | Dual sim approved | flagship model |,198499.0,5.0,0,0,mobiles,0.2518904377352027,Premium,0
Google Pixel 9 | 12GB RAM | 128GB storage | dual sim approved | WITHOUT BOX | latest model,139999.0,4.4,0,0,mobiles,0.3142879591997086,Premium,0
Realme 16 Pro Plus 12GB RAM 512GB ROM 200MP+50MP+8MP Back Camera 50MP Front Camera 7000 mAh Battery One Year Brand Warranty,198999.0,4.4,0,0,mobiles,0.2211066387268278,Premium,1
Daraz Like New Phone - Google Pixel 10 Pro XL - 256GB - Dual Esim (PTA APPROVED) - WITH CHARGER AND COVER,245999.0,4.4,0,0,mobiles,0.17886251570128336,Premium,1
Moto Stylus 2024 5G - 6.7 Inches Full FHD+ Display - 8GB RAM 128GB ROM - Sim Lock - Snapdragon 6 Gen 1 - In-Screen Fingerprint Sensor - Mix Color (Phone Only - Box Charger Accessoires Not Included),39999.0,4.4,0,0,mobiles,1.1000275006875173,Mid-Range,0
Realme GT 7T 12GB RAM 512GB ROM - PTA APPROVED,169998.0,5.0,6,30,mobiles,0.2941211073071448,Premium,0
Mobile - Imported Original Vivo Y81 Mobile | 100% INSPECTED | 6GB RAM | 128GB ROM(STORAGE) | 3260mAh Battery | Dual Sim PTA Approved | BEST FOR ADULT AND KIDS BOTH | Android 8.1 | Just Like New Condition |,13299.0,4.4,0,0,mobiles,3.3085194375516958,Budget,0
Realme 16 Pro Plus 12GB RAM 512GB ROM 200MP+50MP+8MP Back Camera 50MP Front Camera 7000 mAh Battery One Year Brand Warranty,200000.0,4.4,0,0,mobiles,0.22000000000000003,Premium,1
Oppo Reno 15 5G 12GB / 512GB,169999.0,4.4,0,0,mobiles,0.2588250519120701,Premium,1
"Samsung Galaxy s22 ultra | 12GB Ram | 128GB, 256GB, 512GB | official PTA approved | without box",152000.0,5.0,2,5,mobiles,0.3289473684210526,Premium,0
Vivo V50 Lite 5G 12GB + 12GB Expandable RAM 256GB ROM 6.77″ AMOLED Display 120 Hz  IP65  6500 mAh Battery 90W Fast Charge,104999.0,4.4,0,0,mobiles,0.41905161001533353,Mid-Range,0
Realme GT7 12GB RAM 512GB ROM - PTA APPROVED,199998.0,4.0,23,81,mobiles,0.2000020000200002,Premium,1
"Google Pixel 9 Pro XL | 128GB, 256GB and 512GB | official PTA approved | 16GB Ram | without box",214999.0,4.4,0,0,mobiles,0.20465211466099845,Premium,1
"Google Pixel 8 Pro Official PTA Approved (12GB RAM, 128GB/256GB ROM)",168000.0,4.4,0,0,mobiles,0.2619047619047619,Premium,1
"Schok Volt SV55 | 2GB Ram 16GB Storage | Andriod Version 11 | Type-C Cable | Non PTA Approve | 3000 MAH Long Lasting Battery | Youtube, Tiktok, FaceBook Working | Amrican Phone | Orginial Stock",5842.0,3.0,1,11,mobiles,5.1352276617596715,Budget,0
Samsung Galaxy S25 FE 8GB+256GB PTA APPROVED,182499.0,4.0,4,16,mobiles,0.2191792831741544,Premium,1
Google Pixel 6a | 6GB ram | 128GB storage | dual sim approved | 4410mAh battery | original phone without box,48999.0,4.0,12,48,mobiles,0.8163431906773607,Mid-Range,0
Google Pixel 6 | 8GB Ram | 128GB storage | dual sim | just like new condition | without box |,55999.0,4.4,0,0,mobiles,0.7857283165770818,Mid-Range,0
Tecno Camon 50 Ultra 5G 12GB RAM 256GB ROM Front Camera 50 MP Back Camera 50 MP 6500 mAh Battery One Year Brand Warenty,131499.0,4.4,0,0,mobiles,0.33460330496809865,Premium,0
Google Pixel 8 Pro | 12GB RAM | 256GB & 128GB storage | dual sim approved | 5050 mAh battery | OLED display | 2023 model new phone without box | Al-Aswad Tech,119999.0,5.0,6,24,mobiles,0.41667013891782434,Premium,0
vivo V70 - 12GB RAM - 256GB/512GB ROM - 50MP ZEISS Camera - 6500 mAh Battery - SDM 7 Gen 4 Processor,179999.0,5.0,1,7,mobiles,0.27777932099622776,Premium,0
Oppo A6K 6GB + 128GB,49998.0,4.4,0,0,mobiles,0.8800352014080564,Mid-Range,0
vivo V70 FE  5G - 12GB RAM - 256GBGB ROM - 200MP OIS Ultra clear Camera - 7000 mAh Battery - MTK Dimensity 7360 Turbo,139999.0,4.4,0,0,mobiles,0.3142879591997086,Premium,0
vivo Y31d - 7200 mAh BlueVolt Battery - Snapdragon 6s Gen 2 4G - IP68 & 69 Dust and Waterproof - OriginOS 6.0 New System,57999.0,4.4,0,0,mobiles,0.758633769547751,Mid-Range,0
"Redmi Note 14 8GB + 256GB  ,6.67"" AMOLED display 120Hz, IP54,108MP main 20MP front , 5500 mAh battery 33W Turbo",61999.0,5.0,30,89,mobiles,0.8064646203971031,Mid-Range,0
Google Pixel 7A | official PTA approved | 8GB Ram | 128GB Storage | just like new condition without box,66999.0,5.0,4,14,mobiles,0.7462797952208242,Mid-Range,0
realme C75 8GB RAM + 128GB ROM,44999.0,4.0,10,53,mobiles,0.8889086424142759,Mid-Range,0
"(Official PTA Approve) VivoY81 - 6.22"" HD Display - Dual Sim - 6GB RAM - 128GB ROM - Android Oreo - PTA Approved - Phone And Box Charger Only (, No Accessories Included)",12999.0,3.5,21,65,mobiles,2.6925148088314486,Budget,0
Nothing 4a Pro 12GB / 256GB,244999.0,4.4,0,0,mobiles,0.1795925697655909,Premium,1
Samsung Galaxy A17 6GB + 128GB PTA APPROVED,51999.0,4.0,40,779,mobiles,0.7692455624146619,Mid-Range,0
Vivo Y11d - IPS LCD - 6.74 Inches Display - 6GB RAM 128GB ROM - 5MP Front Camera - 50MP + 0.08MP Rear Camera - Unisoc T7225 Chipset - Dual SIM - 6500mAh Battery,53499.0,4.4,0,0,mobiles,0.822445279351016,Mid-Range,0
Realme 5i - 6.52 Inches IPS LCD Display - 6GB RAM - 128GB Storage - Official PTA Approved - Fingerprint Sensor - Snapdragon 665 - (Phone And Charger Only.No Box and No Accessories Included - Mix Color),19999.0,4.4,0,0,mobiles,2.2001100055002754,Budget,0
"Vivo V15 - 6.53 Inches Full HD+ Display - Dual Sim Official PTA Approved - 8GB RAM - 256GB ROM - Motorize Popup Front 32MP Camera - Dual Engine Fast Charging (Phone with Imported Box, Charger) - Mix Color",23999.0,4.0,7,16,mobiles,1.6667361140047503,Budget,0
Samsung Galaxy S26 Ultra - 512 GB,458999.0,4.0,6,31,mobiles,0.08714615935982431,Premium,1
Tecno Camon 50 Pro || 8GB+8GB Ram 256GB Rom || 6500mAh Battery,95999.0,4.4,0,0,mobiles,0.45833810768862177,Mid-Range,0
Google Pixel 9 12 GB - 128 GB Dual Sim,152000.0,4.4,0,0,mobiles,0.2894736842105263,Premium,1
Samsung Galaxy S25 Ultra 12 GB RAM + 256 GB ROM PTA APPROVED,329999.0,5.0,4,92,mobiles,0.1515156106533656,Premium,0
Itel A100C || 2GB+4GB Ram 64GB Rom || 5000mAh Battery,20999.0,4.4,0,0,mobiles,2.095337873232059,Budget,0
Google Pixel 7 Pro | official PTA approved | 12GB Ram | 128GB & 256GB storage | just like new condition without box,109999.0,4.4,0,0,mobiles,0.4000036363966945,Mid-Range,0
"Redmi Note 12 _ 6.67"" Inch Display _ 8GB RAM _ 128GB _ Pta Approved",46100.0,4.4,0,0,mobiles,0.9544468546637744,Mid-Range,0
"Samsung Galaxy S23 Ultra | 12GB & 8GB RAM 512GB & 256GB storage, S Pen Precision, and Immersive Dynamic AMOLED 2X Display.",240000.0,5.0,2,0,mobiles,0.20833333333333331,Premium,0
"Imported Original Vivo Y71 Mobile | 100% INSPECTED | 6GB RAM | 128GB ROM(STORAGE) | 3360mAh Battery | Fresh Kit | Dual Sim PTA Approved | BEST FOR ADULT AND KIDS BOTH | Android 8 | Just Like New Condition | With Box, Charger, Cable & FREE Handsfree",12999.0,5.0,1,5,mobiles,3.8464497269020694,Budget,0
Google Pixel 7A | 128GB Storage | 8GB RAM | Google Tensor G2 | 64 MP Dual Camera | 4385 mAh Battery | Dual SIM | Official PTA Approved,64500.0,4.4,0,0,mobiles,0.6821705426356589,Mid-Range,0
Samsung A05 - 4GB Ram - 128GB Rom - 5000mAh Battery,30000.0,4.4,0,0,mobiles,1.466666666666667,Budget,0
Nothing 4a  12GB / 256GB,214999.0,4.4,0,0,mobiles,0.20465211466099845,Premium,1
"Imported Original Vivo Y66 Mobile | 100% INSPECTED | 4GB RAM | 64GB ROM(STORAGE) | 2930mAh Battery | Fresh Kit | Dual Sim PTA Approved | BEST FOR ADULT AND KIDS BOTH | Android 8.1 | Just Like New Condition | With Box, Charger, Cable & FREE Handsfree",10499.0,4.0,4,17,mobiles,3.8098866558719875,Budget,0
Honor X9d - 6.79 Inches Display - 12GB RAM 256GB ROM - 16MP Front Camera - 108MP+5MP Rear Camera - Dual SIM - 8300mAh Battery,116999.0,4.4,0,0,mobiles,0.3760715903554731,Premium,0
Realme C71 Smartphone 6.5 Inch LCD 90Hz Ultra Smooth Display 48MP AI Quad Camera 8 GB RAM 128 GB ROM 5000mAh Battery,44999.0,4.0,4,17,mobiles,0.8889086424142759,Mid-Range,0
"[Official PTA Approved] Vivo Y17 - 6.35 Inches HD+ Display - Dual Sim - 8GB RAM - 256GB ROM (128GB Usable + 128GB System Reserved) - 18w Dual Engine Fast Charging - Fingerprint Seneor (Phone with Box, Imported, Mix Color)",18999.0,4.0,47,178,mobiles,2.1053739670508973,Budget,0
Itel City 200 - IPS LCD - 6.78 Inches Display - 4GB RAM 128GB ROM - 8MP Front Camera - 50MP Rear Camera - Unisoc T7250 Chipset - Dual SIM - 5200mAh Battery,30999.0,4.4,0,0,mobiles,1.4194006258266396,Budget,0
Google Pixel 6A | 128GB Storage | 6GB RAM | Google Tensor | Android 12 | 12MP Dual Camera | 4410 mAh Battery | Official PTA Approved,55600.0,4.4,0,0,mobiles,0.7913669064748202,Mid-Range,0
Samsung Galaxy S25 Ultra || 12GB RAM 512GB ROM ||  Qualcomm Snapdragon 8 Elite (3nm) Processor ||  UHD 8K Back Video Recording || 200.0 MP Camera || 6.9 Inches Display,399999.0,4.4,0,0,mobiles,0.1100002750006875,Premium,1
Vivo Y91 - 6.22 Inches IPS LCD Display - 6GB RAM - 128GB Storage - Official PTA Approved - Helio P22 Processor - (Phone and Box Charger. No Accessories Included - Mix Color),13999.0,4.4,0,0,mobiles,3.1430816486891926,Budget,0
Daraz Like New Phones - Oppo F15 || 8GB RAM || 256GB Storage Dual SIM Approved - FREE CHARGER AND COVER,21999.0,3.0,2,18,mobiles,1.3636983499249966,Budget,0
Realme 16 5G 8GB RAM 256GB ROM 50MP Back Camera 50MP Front Camera 7000 mAh Battery One Year Brand Warranty,126999.0,4.4,0,0,mobiles,0.3464594209403224,Premium,0
Daraz Like New Phone - Google Pixel 9 pro XL - 16gb / 128gb - Tensor G4 - 6.8' OLED Display - PTA APPROVED - With free cover and charger,184999.0,4.4,0,0,mobiles,0.23783912345472139,Premium,1
"Infinix Note 60 Pro 5G - 6.78"" 144Hz 1.5K AMOLED Display - 8GB RAM + 256GB ROM - Snapdragon 7s Gen 4 - 50MP Camera - 6500mAh Battery - 90W Fast Charging - 30W Wireless - 1 Year Official Brand Warranty",116980.0,4.4,0,0,mobiles,0.37613267225166697,Premium,0
Tecno Spark 50 6GB RAM 128GB ROM 50 MP + AI Back Camera 7000 mAh Battery One Year Brand Warranty,48000.0,4.4,0,0,mobiles,0.9166666666666666,Mid-Range,0
Google Pixel 6 pro | official PTA approved | 12GB Ram | 128GB  & 256GB storage | just like new condition without box,86999.0,4.4,0,0,mobiles,0.505752939688962,Mid-Range,0
itel VistaTab 10 Mini - 8 Inches Display - 3GB RAM 64GB ROM - 5MP Front Camera - 5MP Rear Camera - Dual SIM - 5100mAh Battery,29899.0,4.4,0,0,mobiles,1.471621124452323,Budget,0
Itel City 200 4GB RAM 128GB ROM Front Camera 8MP Back Camera 50MP 520018 mAh Battery One Year Brand Warenty,30999.0,5.0,1,0,mobiles,1.6129552566211813,Budget,0
"Infinix Note 40 Pro 12GB+12GB Ram 256GB Rom [With Wireless Mag Gift] , Display 6.78'' 3D-Curved AMOLED , 5000 mAh- Fast battery 70W wired,20W wireless",99999.0,5.0,6,15,mobiles,0.5000050000500005,Mid-Range,0
Sony Xperia 1 Mark 3 - RAM 12GB - ROM 256GB - 4500mAh Battery - 6.5 Inch Display - Dust & Water Resistant - Official PTA Approved,79500.0,5.0,1,0,mobiles,0.6289308176100629,Mid-Range,0
Infinix Note Edge 5G  256GB - 8GB RAM  6500 mAH battery  6.78 inches Display  50 MP Back Camera  Powered by Android™ 16  Corning Gorilla Glass 7i,82999.0,3.5,1,0,mobiles,0.42169182761238083,Mid-Range,0
Google Pixel 8a | 8GB Ram | 128GB storage | dual sim | just like new condition | without box,84999.0,4.4,0,0,mobiles,0.5176531488605749,Mid-Range,0
Infinix Note 60 Pro - 6.78 Inches Display - 8GB RAM 256GB ROM - 13MP Front Camera - 50MP + 8MP Rear Camera - Dual SIM - 6500mAh Battery,111499.0,4.4,0,0,mobiles,0.39462237329482774,Mid-Range,0
Oppo Reno 15F 8GB / 256GB,119998.0,4.4,0,0,mobiles,0.3666727778796314,Premium,0
Honor X8d - AMOLED LCD - 6.77 Inches Display - 8GB RAM 256GB ROM - 16MP Front Camera - 108MP+16MP Rear Camera - Dual SIM - 7000mAh Battery,72499.0,4.4,0,0,mobiles,0.6069049228265218,Mid-Range,0
Honor X9d - AMOLED LCD - 6.79 Inches Display - 12GB RAM 256GB ROM - 16MP Front Camera - 108MP+5MP Rear Camera - Dual SIM - 8300mAh Battery,116999.0,4.4,0,0,mobiles,0.3760715903554731,Premium,0
Infinix Smart 20 4GB RAM 64GB/128GB ROM 8 MP Back Camera 8 MP Front Camera 5200 mAh Battery One Year Brand Warranty,32500.0,4.4,0,0,mobiles,1.353846153846154,Budget,0
Nothing Phone 3A 12/256GB - PTA Approved- Free CMF Buds 2 Nothing Phone,148499.0,4.4,0,0,mobiles,0.296298291570987,Premium,1
"Oppo Reno2 Z - 6.53 Inches Full HD+ AMOLED Display - 8GB RAM - 256GB ROM (128GB Usable) - 16MP Motorize Popup Camera - Dual Sim PTA Approved - Phone with Box Only, Accessories Not Included) - Multi Color",31999.0,5.0,3,18,mobiles,1.5625488296509265,Budget,0
Samsung Galaxy S26 Ultra 12GB RAM 256GB/512GB ROM 200.0 MP + 50.0 MP + 50.0 MP + 10.0 MP Back Camera 5000 mAh Battery ONE YEAR BRAND WARRANTY,455000.0,4.4,0,0,mobiles,0.0967032967032967,Premium,1
HP Chromebook 11 G4 | 16GB Storage | 2GB RAM | 11.6″ Display | Factory Playstore | Black & Silver - Daraz Like New Laptops,7199.0,4.0,145,546,laptops,5.556327267676067,Budget,0
Dell Core i3 7310  Chromebook Laptop | 4GB RAM  |  ROM 128GB - Backlit Keyboard - Windows 10 Installed - Core i3 5th Generation,30500.0,4.4,0,0,laptops,1.4426229508196722,Mid-Range,0
Used Chromebook Laptop 11-3120 P22T 11.6 Inches Intel Celeron N2840 2.16GHz  4GB RAM 16GB SSD Chrome OS with Charger,15999.0,4.4,0,0,laptops,2.750171885742859,Budget,0
"Dell Chromebook 3180/3100 11.6 Inch HD , 4GB RAM, Windows 10, WiFi, New - 6 Months Warranty",9499.0,4.0,1343,47,laptops,4.210969575744816,Budget,0
HP Chromebook 11 G8 | 32GB Storage | 4GB RAM | 11.6″ Display | Playstore Chromebook | 2029 Updated- Daraz Like New Laptops,9999.0,4.0,40,174,laptops,4.000400040004001,Budget,0
"HP EliteBook 840 G4 Ultra Book, Core i7 7th generation, 8GB DDR Ram, 256GB SSD Drive , 14.1"" Led Display, Intel HD Graphics - Daraz Like New Laptops",58999.0,4.4,0,0,laptops,0.7457753521246124,Premium,0
HP EliteBook 840 G7 Intel® Core™ i5 10310U 10th Generation 16GB RAM 512GB SSD 14” FHD Win 11 Dos Silver - Daraz Like New Laptops,89999.0,5.0,3,8,laptops,0.5555617284636496,Premium,0
HP Chromebook 11 G8 | 32GB Storage | 4GB RAM | 11.6″ Display | Playstore Supported Chromebook | Grey - Daraz Like New Laptops,9498.0,4.0,418,15,laptops,4.211412929037692,Budget,0
HP Chromebook 11 G4 | 16GB Storage | 2GB RAM | 11.6″ Display | Playstore Supported Chromebook | Black - Daraz Like New Laptops,7299.0,5.0,8,26,laptops,6.850253459377997,Budget,0
"Gaming Laptop HP Victus 15-FB2082WM - 14th Gen - NVIDIA RTX 4050 6GB Graphics - Ryzen 5 8000 series - 8GB DDR4 - 512GB SSD - Backlit Keyboard - 15.6"" FHD IPS 144Hz - Daraz Like New Laptop",302500.0,5.0,2,0,laptops,0.1652892561983471,Premium,0
"HP Intel Core i7-8th Generation | 16GB Ram , 512GB M2 SSD Hard | 2K Display | 3Hours+ Battery Backup | Back-Lit Keyboard | Fingerprint Scanner | FREE LAPTOP BAG | Charger Included | One Month Warranty",98500.0,4.0,12,25,laptops,0.40609137055837563,Premium,1
"Dell Latitude 5410 Ultra Book Core i7 10th generation, 16GB DDR4 Ram 256GB Solid State Drive SSD 14.1"" FHD Led Display Intel HD Graphics",82999.0,4.4,0,0,laptops,0.5301268689984217,Premium,0
"LENOVO CHROMEBOOK 100E - 4GB RAM DDR4 - 32GB SSD EMMC - 11.6"" SCREEN - PLAYSTORE SUPPORTED - AUE UPDATE 2027",9500.0,4.0,279,10,laptops,4.210526315789474,Budget,0
Daraz Like New Samsung Original Most Demanded Chromebook 128GB Storage 4GB Fast Ram 4 to 6 Hours Battery Timing Windows 10 Installed With Free Bag & Charger 11.6 Inches Full Hd Display HDMI Supported Webcam & Mic Installed USA IMPORTED STOCK,16989.0,4.4,0,0,laptops,2.589911118959327,Mid-Range,0
DELL ORIGINAL CHROMEBOOK | 128GB STORAGE | WINDOWS 11 INSTALLED | 4 TO 6 HOURS BATTERY | 11.6 INCHES FULL HD DISPLAY | WITH FREE LAPTOP BAG & CHARGER INCLUDED,16675.0,5.0,7,20,laptops,2.998500749625187,Mid-Range,0
"HP Chromebook G8/G7/G6 touch and simple , playstore updated, condition brand new",8499.0,4.4,0,0,laptops,5.177079656430169,Budget,0
Dell 7280 - Core i5 7th Generation - 8GB RAM - 256GB SSD - 12.5inch Screen - FREE LAPTOP BAG (Windows 11 Licensed) - Daraz like new laptops,45999.0,4.0,32,124,laptops,0.8695841213939434,Mid-Range,0
Lenovo Thinkpad i5 8th generation laptop,57999.0,4.4,0,0,laptops,0.758633769547751,Premium,0
Acer Chromebook  514 - Intel Core i3 - 11th Gen - Windows 11 - 128GB SSD Storage | 8GB RAM | 14″ Full HD Display | Chrome OS | Backlit Keyboard - Slim Machine - Long Battery Life,58500.0,4.4,0,0,laptops,0.7521367521367521,Premium,0
"HP Victus 16-D0023DX Gaming Laptop 11th Gen Core i5-11400H, 8GB DDR4, 256GB SSD, NVIDIA RTX3050 4GB, 16.1"" FHD IPS, Windows 11 Home",260000.0,4.4,0,0,laptops,0.16923076923076924,Premium,0
Lenovo Chromebook 300e - X360 2-in-1 - (FREE STYLUS PEN GIFT) - Touch Laptop and Tab - 4GB Ram - 32GB Storage - Touch x 360° Rotatable - Type C Charger - Auto Update 2027/2029,14800.0,4.0,525,21,laptops,2.7027027027027026,Budget,0
"Lenovo 300e Chromebook 11.6"" Touchscreen 2-in-1 Laptop | 4GB RAM | Student & Online Work",14000.0,4.4,0,0,laptops,3.1428571428571432,Budget,0
"HP ProBook x360 11 G5 EE 2-in-1 Touchscreen Laptop - 11.6"" HD Display - Intel Celeron N4120 - 8GB RAM - 128GB SSD - Windows 10 Pro - Renewed Like New",40999.0,4.4,0,0,laptops,1.07319690724164,Mid-Range,0
"HP Victus 16-D0023DX Gaming Laptop 11th Gen Core i5-11400H, 32GB DDR4, 512GB SSD, NVIDIA RTX3050 4GB, 16.1"" FHD IPS, Windows 11 Home",245000.0,4.4,0,0,laptops,0.1795918367346939,Premium,0
"HP Pavilion 13-bb0021nm (Natural silver) FHD IPS, Core i7-11th Gen, 2.80Ghz, Intel Iris Processor 16GB Ram , 512GB SSD, Open Box - With Bag Gift - Daraz Like New Laptops",300000.0,4.4,0,0,laptops,0.14666666666666667,Premium,0
"HP EliteBook 850 G3 Laptop | Intel Core i7 6th Gen | 8GB RAM 256GB SSD | 15.6"" Display | AMD 1GB + Intel HD Graphics | Backlit Keyboard",49999.0,4.4,0,0,laptops,0.880017600352007,Mid-Range,0
"Dell Latitude 3379 2-in-1, i5 6th Gen, 8GB RAM, 128GB SSD, 13.3"" FHD touchscreen, backlit keyboard, excellent battery, original charger, 1 month warranty. Best for office, home, online work & multitasking. Use as laptop or tablet. Eid offer ends 4-3-2026",52000.0,4.4,0,0,laptops,0.8461538461538463,Mid-Range,0
DELL INSPIRON 15 7567 GAMING SERIES LAPTOP INTEL CORE I5 7 GENERATION NAVEDIA GTX 1050 GAMING GPU 1 TB HD AND 256 GB SSD 16 GB RAM,112000.0,4.4,0,0,laptops,0.3928571428571429,Premium,0
Heavy Gaming Laptop eid ul fitr offer HP EliteBook 830 G7 Intel Core i5 10th Generation | 4 Cores 8 Threads | 8 GB RAM DDR4 | 256 GB NVMe | 4 GB Graphics | Keyboard Light | 13.3 Inches 1080p FHD Display | Fingerprint Sensor | Excellent Battery | 1 month w,85000.0,4.4,0,0,laptops,0.5176470588235295,Premium,0
HP VICTUS 15 FB1013dx - GAMING LAPTOP - AMD Ryzen 5 7535HS Processor - 8GB RAM - 512GB SSD - 4GB NVIDIA GeForce RTX 2050 (144Hz Full HD IPS Display) - Free Laptop Bag - Daraz Like New Laptops,217690.0,4.4,0,0,laptops,0.202122283981809,Premium,0
"Lenovo Chromebook 500e Chromebook Laptop Touchscreen – Affordable, Reliable & Portable Device,Best for Students, Office & Online Business,High Speed & Long Battery and Life Lightweight, Powerful & Perfect for Online Work",15000.0,5.0,6,17,laptops,3.333333333333333,Budget,0
Lenovo ThinkPad X230 - Core i5 - 3rd Gen - 4 GB RAM - 250 GB - 12..5″ Windows 10 - (Free Laptop Bag) - Daraz like new laptops - USED LAPTOP,21999.0,5.0,4,17,laptops,2.2728305832083278,Mid-Range,0
"HP CHROMEBOOK 14 G5 | 4GB RAM DDR4 | 16GB SSD EMMC | 14"" SCREEN | PLAYSTORE | Update 2029",11999.0,5.0,1,8,laptops,4.167013917826486,Budget,0
"LENOVO CHROMEBOOK 100E | 4GB RAM DDR4 | 32GB SSD EMMC | 11.6"" SCREEN | PLAYSTORE SUPPORTED | AUE UPDATE 2027",9000.0,4.0,138,485,laptops,4.444444444444445,Budget,0
HP ORIGINAL CHROMEBOOK | 128GB STORAGE | WINDOWS 11 INSTALLED | 4 TO 6 HOURS BATTERY | 11.6 INCHES FULL HD DISPLAY | WITH FREE LAPTOP BAG & CHARGER INCLUDED | TOP SELLING | MOST DEMANDED | TRENDY | HIGH PERFORMANCE | RELIABLE | AFFORDABLE,16675.0,4.0,6,10,laptops,2.39880059970015,Mid-Range,0
"Dell Latitude 6430, Core i5 3rd generation, 8GB Ram, 500GB Hard Drive, 14"" Led Display, (Windows 10 Registered) FREE LAPTOP BAG - Daraz like new laptops.",49999.0,4.4,0,0,laptops,0.880017600352007,Mid-Range,0
Daraz Like New Laptops  - Lenovo Chromebook 300E/500E X360 TOUCH SCREEN - 2027/2029 UPDATE -  Intel Celeron 4GB RAM 32GB Chrome OS,12798.0,4.0,240,986,laptops,3.1254883575558683,Budget,0
"Lenovo Thinkpad T480 Ultra Book, Core i5 8th generation, 8GB DDR4 Ram, 256GB SSD, 14"" Led Display, Intel HD Graphics Windows 11 Licensed (FREE LAPTOP BAG) - Daraz like new laptops",54999.0,4.4,0,0,laptops,0.8000145457190132,Premium,0
"Lenovo 14e Chromebook –4GB RAM, 32GB Storage,  14"" HD Display - 7 days checking warranty- Lenovo Chromebook",24499.0,4.4,0,0,laptops,1.7959916731295156,Mid-Range,0
Acer  ChromeBook Spin R752 | Touch Screen Laptop | 32GB Storage | 4GB RAM | 360 Rotatable | 11.6″ HD Display | Playstore Supported | Long Battery Life,14500.0,4.4,0,0,laptops,3.03448275862069,Budget,0
"Dell Latitude 5410 Ultra Book Core i7 10th generation, 8GB DDR4 Ram 256GB Solid State Drive SSD 14.1"" FHD Led Display Intel HD Graphics - Daraz Like New Laptops",74999.0,4.4,0,0,laptops,0.5866744889931866,Premium,0
Portable Foldable Laptop Stand – Adjustable Aluminum Metal Stand with Anti-Slip Rubber Grips Ergonomic Folding Laptop Holder for MacBook Dell HP Lenovo Asus | Lightweight Durable Laptop Stand for All Sizes Adjustable Height for Comfortable View,859.0,4.0,1696,50,laptops,46.56577415599534,Budget,0
DARAZ LIKE NEW LAPTOPS - HP ELITEBOOK 840 G3 - INTEL CORE I5-6TH GENERATION - 8GB RAM - 128GB SSD - 500GB HDD - FREE LAPTOP BAG,59499.0,4.4,0,0,laptops,0.7395082270290257,Premium,0
"HP ProBook 640 G3 | 14"" FHD IPS Display | Core i5 7th Gen 2.5GHz | 8GB DDR4 RAM | 256GB SSD | Windows 11 | Intel HD 620 | Backlit Keyboard | 6 Month Warranty | Like New | KT Laptop House",45999.0,4.4,0,0,laptops,0.9565425335333377,Mid-Range,0
"ASUS BR1100FK Flip 2-in-1 Touch Screen Laptop | 11.6"" 360° Convertible Display | 8GB RAM 128GB SSD | Stylus Support | Rugged Design for Students | Like New Imported Stock - K-Mall",37999.0,4.4,0,0,laptops,1.15792520855812,Mid-Range,0
HP - 1040x360 - core i7 - 10th Generation - 16gb RAM - 512SSD - Free Laptop Bag - Daraz Like New Laptops,115000.0,4.4,0,0,laptops,0.3826086956521739,Premium,0
"Lenovo ThinkPad X1 Carbon | Intel Core i7 10th Generation | 16GB DDR4 Ram |  256GB SSD Drive | 14.1"" FHD Led Display Intel HD Graphics - Daraz Like New Laptops",108399.0,4.4,0,0,laptops,0.40590780357752376,Premium,0
"Acer Nitro V15 ANV15-52-769M Gaming Laptop 13th Gen Core i7-13620H, 16GB DDR4, 512GB SSD, NVIDIA RTX 5050 8GB Graphics, 15.6"" FHD IPS 165Hz, Windows 11 Home, Black, 1 Year Official Local Warranty",319999.0,4.4,0,0,laptops,0.1375004296888428,Premium,0
"Lenovo ThinkPad X1 Carbon Silver Edition Intel Core i7 8th Generation, 16GB DDR4 Ram, 256GB SSD Drive, 14.1"" FHD Led Display Intel HD Graphics - Daraz Like New Laptops",74999.0,4.4,0,0,laptops,0.5866744889931866,Premium,0
HP EliteBook 840 G5 – Business Class Performance,65000.0,4.4,0,0,laptops,0.676923076923077,Premium,0
Dell XPS 13 9365 — Technical Details & Listing Content,75000.0,4.4,0,0,laptops,0.5866666666666667,Premium,0
Acer C720 ChromeBook Laptop - 4GB RAM / 128GB SSD Storage - Windows 10 Installed - Long Battery Life,18500.0,4.0,3,18,laptops,2.1621621621621623,Mid-Range,0
ALIEN WARE17-R5 laptop (not available cash on delivery),225000.0,4.4,0,0,laptops,0.19555555555555557,Premium,0
"Acer Predator Helios 16 AI PH16-73-95Q8 Gaming Laptop Intel Core Ultra 9 275HX, 64GB DDR5, 2TB SSD, NVIDIA RTX 5090 24GB Graphics, 16"" WQXGA OLED 240Hz, Windows 11 Home, Black, 2 Year Acer Official Local Warranty",1299999.0,4.4,0,0,laptops,0.03384617988167683,Premium,0
"Acer Chromebook | Windows 10 Professional | 4GB RAM | 128GB Storage | Latest Technology Laptop | Full HD 11.6"" Display | 6+ Hours Battery | INTEL Fast Processor | Slim Machine | Grey Color | FREE MOUSE & ORIGINAL CHARGER",17899.0,4.0,10,46,laptops,2.2347617185317614,Mid-Range,0
"Daraz Like New Laptops - Lenovo ThinkPad T480 14""HD Display - Intel Core i5 (8th Gen) - 8 GB RAM - 256 GB SSD (Windows 11 Licensed) FREE LAPTOP BAG",51999.0,5.0,1,0,laptops,0.9615569530183273,Mid-Range,0
💻✨ RAMADAN SPECIAL – Lenovo ThinkPad T470 | 8GB RAM | 128GB SSD | Double Battery | 1080p | Fingerprint Sensor 🔥,49800.0,4.4,0,0,laptops,0.8835341365461847,Mid-Range,0
"Daraz Like New - Dell Original Chromebook 4GB Ram 128GB Storage 11.6 Inches Full HD Display 4 to 6 Hours of Battery Timing Fast Charger Included Windows 10 Installed Most Demanded Laptop High Performance Reliable Affordable With Free Bag, Mouse & Charger",14570.0,4.0,8,18,laptops,2.7453671928620453,Budget,0
Lenovo 300e Chromebook Laptop | Touch Screen | 360 Rotatable | 4GB Ram | 32GB Storage | Playstore Supported  - Long Battery Life - Auto update till June 2027,15500.0,5.0,1,0,laptops,3.225806451612903,Budget,0
"Acer Predator Helios 18 AI PH18-73-96CY Gaming Laptop Intel Core Ultra 9-275HX, 64GB DDR5, 1TB SSD, NVIDIA RTX 5080 16GB Graphics,18"" WQXGA IPS Mini LED 250Hz, Windows 11 Home",1049999.0,4.4,0,0,laptops,0.04190480181409697,Premium,0
"HP EliteBook 840 G2 Core i5 – 5th Gen., 8GB Ram,256GB SSD, 14″ Display Window 10 - With Bag Gift - Daraz Like New Laptops",60000.0,4.4,0,0,laptops,0.7333333333333335,Premium,0
"Daraz Like New - Dell Original Chromebook 4GB Ram 128GB Storage 11.6"" Inches Full HD Display 4 to 6+ Hours of Battery Timing Fast Charger Included Windows 10 Installed Most Demanded Laptop High Performance Reliable Affordable With Free Bag & Charger",14570.0,5.0,3,8,laptops,3.4317089910775564,Budget,0
"Laptop Acer C740 4GB Ram | 128GB SSD | 12"" HD Display",17800.0,4.4,0,0,laptops,2.4719101123595504,Mid-Range,0
Acer Chromebook Spin 11 R751T -4GB/32GB- Touchscreen - 360 Rotatable - Playstore Supported - PubG Supported - Longer Battery Life,16500.0,4.4,0,0,laptops,2.666666666666667,Mid-Range,0
Daraz Like New DELL Original Chromebook 128GB Storage 4GB Ram Most Demanded Laptop 4 to 6 Hours Battery Timing Windows 10 Installed With Free Bag & Charger 11.6 Inches Full Hd Display HDMI Supported Webcam & Mic Installed USA IMPORTED STOCK,16989.0,5.0,2,0,laptops,2.9430808169992346,Mid-Range,0
Daraz Like New Samsung Original Most Demanded Chromebook 128GB Storage 4GB Fast Ram 4 to 6 Hours Battery Timing Windows 10 Installed With Free Bag & Charger 11.6 Inches Full Hd Display HDMI Supported Webcam & Mic Installed USA IMPORTED STOCK,16803.0,4.4,0,0,laptops,2.618580015473428,Mid-Range,0
"HP ProBook X360 11 G2 2-in-1 11.6 Inch Touchscreen, Intel Core M3 7th Gen 4GB RAM, 128GB SSD, Windows 10 Pro - Daraz Like New Laptops",36999.0,4.0,16,33,laptops,1.081110300278386,Mid-Range,0
Lenovo | ChromeBook 100E | 4GB RAM | 32GB Storage | 11.6″ Display | Webcam | Playstore Supported | 2027 Updateable | ChromeBook,10499.0,4.0,26,83,laptops,3.8098866558719875,Budget,0
"Lenovo 100e Chromebook 2029 update 4gb ram 32gb SSD , 9th gen processor , windows/playstore both varient",8999.0,4.0,3,14,laptops,4.44493832648072,Budget,0
"HP EliteBook 840 G5 | 14"" FHD IPS Display | Core i5 8th Gen 1.6GHz | 8GB DDR4 RAM | 256GB SSD | Windows 11 | Intel UHD 620 | Backlit Keyboard | 6 Month Warranty | Like New | KT Laptop House",79999.0,4.4,0,0,laptops,0.5500068750859386,Premium,0
"Dell Latitude 5490 Ultra Book, Core i5 8th generation, 8GB DDR Ram, 256GB Solid State Drive SSD, 14.1"" FHD Led Display, Intel HD Graphics (Windows 11 Licensed) - Daraz like new laptops",57999.0,3.5,23,60,laptops,0.6034586803220745,Premium,0
HP ORIGINAL Chromebook 128GB Storage 4GB Ram Most Demanded 5th Generation Laptop Chromebook With Charger & free Laptop Bag Gift Windows 10 Pre Installed Best for Online Work 6+ Hours Battery Timing Slim Easy to Carry Wifi & Bluetooth Supported,16306.0,4.0,9,15,laptops,2.453084754078253,Mid-Range,0
Acer  ChromeBook Spin R752 | Touch Screen Laptop | 32GB Storage | 4GB RAM | 360 Rotatable | 11.6″ HD Display | Windows 10 Installed,15900.0,5.0,2,0,laptops,3.144654088050314,Budget,0
"Lenovo Legion Y500 15IAH7H, i7-12700H 1TB SSD, NVIDIA® GeForce RTX™ 3070 8GB GDDR6 15.6"" WQHD",619999.0,4.4,0,0,laptops,0.0709678563997684,Premium,0
"USED - Lenovo ThinkPad L390 Core i5 8th Generation, 16GB, 512GB SSD, 14″ Screen IPS LED (Windows 11 Licensed) FREE LAPTOP BAG - Daraz like new laptops",57999.0,4.4,0,0,laptops,0.758633769547751,Premium,0
Daraz Like New HP Original Chromebook 128GB Storage 4GB Ram Most Demanded Laptop 4 to 6 Hours Battery Timing Windows 10 Installed With Free Bag & Charger 11.6 Inches Full Hd Display HDMI Supported Webcam & Mic Installed USA IMPORTED STOCK,15970.0,5.0,3,5,laptops,3.1308703819661865,Budget,0
Acer C740 - 4th Generation - Storage 128GB SSD - RAM 4GB - Long Battery Life - Windows 10 Installed,16900.0,4.4,0,0,laptops,2.6035502958579886,Mid-Range,0
"HP Victus 16-D0023DX Gaming Laptop 11th Gen Core i5-11400H,",225000.0,4.4,0,0,laptops,0.19555555555555557,Premium,0
Daraz Like New Laptops - Lenovo ThinkPad T490 - Intel Core i5-8th Generation - 16gb DDR4 Ram 256gb SSD - 14.1 Inch Screen - FHD Display - Backlit Keyboard - FREE LAPTOP BAG,83189.0,4.4,0,0,laptops,0.5289160826551588,Premium,0
Acer R11 Chromebook C738T Windows 10 converted Touch 360 rotateable,13000.0,4.4,0,0,laptops,3.384615384615385,Budget,0
Acer 5th Generation Laptop 4GB Ram 128GB SSD Windows 10,18500.0,4.0,138,453,laptops,2.1621621621621623,Mid-Range,0
Samsung | Chromebook 500C | 16GB Storage | 4GB RAM | ‎1.6 GHz Intel Celeron | Dual Core | 11.6 Inch Display | Playstore Supported | Chromebook - Daraz Like New Laptops,9998.0,4.0,64,180,laptops,4.000800160032006,Budget,0
Chromebook Lenovo 300e - 2-in-1 with (FREE TOUCH PEN GIFT)  4GB Ram 32GB Storage,14500.0,4.0,29,126,laptops,2.7586206896551726,Budget,0
HP Chromebook 11 - 8th Generation - 32GB Storage - 4GB Ram DDR4 - 12 Inches HD Display Built in Playstore - 6 Hours Battery Timing -Type C Support - Auto Update 2029 - Slimmest Chromebook,10999.0,4.0,8,28,laptops,3.6366942449313573,Budget,0
"Daraz Like New Laptops - Lenovo ThinkPad T470 , Core i5 7th Generation , 8GB Ram , 256GB SSD Drive, ""14"" FHD Led Display, Intel UHD Graphics",54199.0,4.4,0,0,laptops,0.8118230963670917,Premium,0
HP ORIGINAL CHROMEBOOK | 128GB STORAGE | WINDOWS 11 INSTALLED | 4 TO 6 HOURS BATTERY | 11.6 INCHES FULL HD DISPLAY | WITH FREE LAPTOP BAG & CHARGER INCLUDED | TOP SELLING | MOST DEMANDED | TRENDY | HIGH PERFORMANCE | RELIABLE | AFFORDABLE,14999.0,5.0,3,10,laptops,3.3335555703713577,Budget,0
Wooden Gaming Laptop Table For Bed Foldable Stand Ergonomic Portable Drawing Notebook Reading Food Breakfast Serving With Inbuild Tablet And Cup Holder Slots Couch Black,1599.0,4.5,1,7,laptops,28.142589118198874,Budget,0
HP Probook 640 G1 |14in Laptop | Intel i5-4300M 2.6GHz | 4GB RAM | 500GB Hard Drive | Windows 10 Pro,50000.0,4.0,17,34,laptops,0.8,Mid-Range,0
Dell Latitude 7280 - Core i5 7th Generation - 8GB RAM - 256GB SSD - 12.5inch Screen - FREE LAPTOP BAG (Windows 11 Licensed) - daraz like new laptops,42499.0,4.0,14,40,laptops,0.9411986164380338,Mid-Range,0
HP ELITEBOOK 840-G5 8TH GENERATION | INTEL CORE-I5 | 8250u PROCESSOR | 8GB RAM | 256GB SSD | FHD | 14.1’INCH DISPLAY | SILVER | WIN10 PRO | REGITERED (FREE LAPTOP BAG) - daraz like new laptops,74999.0,4.0,6,18,laptops,0.5333404445392604,Premium,1
"DELL LATITUDE 3190 LAPTOP | INTEL CELERON 6th Generation PROCESSOR | 4GB RAM DDR4 | 64GB SSD EMMC |11.6"" DISPLAY",18999.0,4.0,5,8,laptops,2.1053739670508973,Mid-Range,0
"Core i7 4770,16GB Ram,500 GB HDD,128 SSD,2 GB Graphics Card",56550.0,4.4,0,0,laptops,0.7780725022104333,Premium,0
"HP EliteBook 840 G6 | 14"" FHD IPS Display | Core i5 8th Gen 1.6GHz | 8GB DDR4 RAM | 256GB SSD | Windows 11 | Intel UHD 620 | Backlit KB Fingerprint | 6 Month Warranty | Like New | KT Laptop House",82999.0,4.4,0,0,laptops,0.5301268689984217,Premium,0
"Mini Portable Washing Machine | Premium Look Spin Dryer Machine | Compact & Powerful Washer for Small Clothes, Travel, Hostel & Home Use",1189.0,4.4,0,0,laptops,37.00588730025232,Budget,0
Top Adjustable Wooden Gaming Laptop Table With For Bed 4 Level Adjustment Board Foldable Stand Ergonomic Portable Drawing Notebook Reading Food Breakfast Serving With Mouse Space Area,3499.0,5.0,6,12,laptops,14.289797084881394,Budget,0
"HP EliteBook 840 G7 Core i7 10th Gen, 32GB RAM, 512GB SSD, 14″ FHD LED Windows 11 Licensed (FREE LAPTOP BAG) - Daraz like new laptops",199999.0,4.4,0,0,laptops,0.22000110000550005,Premium,0
"LAPTOP Dell 3180 Chromebook 11.6 inches HD screen, 4GB Ram 16GB SSD, HDMI, WiFi, Webcam, Chrome OS - (FREE LAPTOP BAG) - Daraz Like New Laptops",19999.0,4.4,0,0,laptops,2.2001100055002754,Mid-Range,0
"Daraz Like New Laptops - Dell Latitude 3490 14' Display, Intel Core i5 8th Gen 8GB RAM 256GB Storage",80000.0,4.4,0,0,laptops,0.55,Premium,0
Samsung NP900X3N i7 7th Gen | 8GB RAM | 256GB SSD | 13.3″  Display -7 days checking warranty -Samsunng laptop,53999.0,4.4,0,0,laptops,0.8148299042574864,Mid-Range,0
"Dell Latitude 3190 Educational Laptop - Intel Pentium Quad Core - 8GB RAM - 128GB SSD - 11.6"" HD Display - Windows 10 - K.Mall Premium Quality",24999.0,4.0,58,133,laptops,1.6000640025601025,Mid-Range,0
Dell 3180 CROMEBOOK,7500.0,4.4,0,0,laptops,5.866666666666668,Budget,0
HP EliteBook Folio 9480M 14in Intel Core i5-4310U 2.0GHz 4GB 500 GB HDD Windows 10 Pro (Registered Windows) - Daraz like new laptops,33499.0,5.0,3,7,laptops,1.4925818681154661,Mid-Range,0
Lenovo IdeaPad Core i5 11th gen,75000.0,4.4,0,0,laptops,0.5866666666666667,Premium,0
HP CHROMEBOOK LAPTOP TOUCH SCEEN G5 /4GB RAM/ 9 HOURS BATTERY BACKUP/ 4K DISPLY /ORIGINAL AMERICAN IMPORTED,13500.0,4.4,0,0,laptops,3.2592592592592595,Budget,0
"Acer Nitro Lite NL16-71G-55JR Gaming Laptop 13th Gen Core i5-13420H, 16GB DDR5, 512GB SSD, NVIDIA RTX 3050 6GB Graphics, 16"" WUXGA IPS 165Hz, Windows 11 Home, White, 1 Year Official Local Warranty",224999.0,4.4,0,0,laptops,0.19555642469522086,Premium,0
Lenovo -Touch Chromebook- X360 2-in-1 with (FREE TOUCH PEN GIFT) - Touch Laptop and Tab - 4GB Ram 32GB Storage - Auto Update 2027/2029,14500.0,4.0,17,56,laptops,2.7586206896551726,Budget,0
"Daraz Like New Laptops - HP EliteBook 840 G6 Notebook PC Intel Core i5 8th Generation, 8GB DDR4 Ram, 256GB SSD Drive, 14.1"" Led Display, Intel FHD Graphics Card",69999.0,4.4,0,0,laptops,0.6285804082915472,Premium,0
DELL ORIGINAL CHROMEBOOK | 128GB STORAGE | WINDOWS 11 INSTALLED | 4 TO 6 HOURS BATTERY | 11.6 INCHES FULL HD DISPLAY | WITH FREE LAPTOP BAG & CHARGER INCLUDED,15400.0,5.0,4,8,laptops,3.2467532467532467,Budget,0
Hp Gaming Laptop - Zbook G5 - Core I7 8th Generation - 8GB RAM - 256GB SSD - 4GB Graphic Card - 15.6 Inch - Windows® 10 Activated - Free Laptop Bag,150000.0,4.4,0,0,laptops,0.29333333333333333,Premium,0
Lenovo 300e Chromebook | Touch Screen | 360 Flip | 4GB Ram | 32GB Storage | Playstore Supported - Long Battery Life,14800.0,5.0,1,0,laptops,3.3783783783783785,Budget,0
Dell Chromebook P22T with Touch screen – 4GB RAM | 16GB eMMC | 11.6″ HD Display | Chrome OS (No Play Store) | 7 Days Checking Warranty,8499.0,4.4,0,0,laptops,5.177079656430169,Budget,0
Dell 5190 Chromebook touch and simple 4gb ram 32gb SSD playstore and windows,9404.0,5.0,2,0,laptops,5.316886431305828,Budget,0
"Lenovo ThinkPad X1 Carbon Silver Edition Intel Core i7 7th Generation, 16GB DDR4 Ram, 256GB SSD Drive, 14.1"" FHD Led Display Intel HD Graphics - Daraz Like New Laptops",74999.0,4.0,4,8,laptops,0.5333404445392604,Premium,1
Acer 5th Generation Laptop | 4GB Ram | 128GB SSD | Windows 10,17777.0,4.0,74,264,laptops,2.250098441806829,Mid-Range,0
"HP EliteBook 840 G3 Ultra Book, Core i5 6th generation, 8GB DDR Ram, 500GB Hard drive 14.1"" Led Display, Intel HD Graphics",49999.0,4.4,0,0,laptops,0.880017600352007,Mid-Range,0
"ASUS BR1100FK Flip 2-in-1 Touch Screen Laptop | 11.6"" 360° Display | 8GB RAM 128GB SSD | Intel N4500 | World Facing Camera | 6 Months Warranty - K-Mall Laptop Store",44999.0,4.4,0,0,laptops,0.9777995066557036,Mid-Range,0
DELL LATITUDE 3420/CORE i5 /11TH GENERATION /16GB RAM /256GB NVME SSD/500GB HHD HARD/14iNCHES DISPLAY SIZE/5HOURS BATTERY BACKUP /BAZZEL LESS DISPLAY,65000.0,4.4,0,0,laptops,0.676923076923077,Premium,0
LENOVO T470 - CORE I5 -7TH GENERATION- 8GB RAM - 256GB SSD - Windows 11 LICENSED - FREE LAPTOP BAG - DARAZ LIKE NEW LAPTOPS,48999.0,4.4,0,0,laptops,0.8979775097450969,Mid-Range,0
Aluminium Laptop Stand Adjustable 7 Levels Foldable Portable Notebook Holder Cooling Design for 11–17 Inch Laptops,1799.0,4.4,0,0,laptops,24.458032240133406,Budget,0
Gaming laptops - Dell Precision 7550 Core-i7-10th Gen 16GB RAM 512GB SSD NVIDIA Quadro RTX4000 8GB Card GDDR6 15.6″ Display,199999.0,4.4,0,0,laptops,0.22000110000550005,Premium,0
"Daraz Like New Laptops - Dell Latitude 5410 Ultra Book Core i5 10th generation, 16GB DDR4 Ram 256GB Solid State Drive SSD 14.1"" FHD Led Display Intel HD Graphics",64999.0,4.4,0,0,laptops,0.6769334912844813,Premium,0
USA STOCK TOUCH SCREEN 360° Folding Lenovo 300e Chromebook 4GB Ram 32 GB Storage Update 2029/2027 FREE TOUCH STYLUS PEN,14999.0,4.0,275,831,laptops,2.6668444562970866,Budget,0
HP Chromebook G8 - 8th Generation - 32GB Storage - 4GB Ram DDR4 - 12 Inches HD Display - Built in Playstore - 6 Hours Battery Timing - Type C Support - Auto Update 2029 - Slimmest Chromebook,11400.0,4.0,199,671,laptops,3.508771929824561,Budget,0
Acer ChromeBook R11 | Touch Screen | 32GB Storage | 4GB RAM | 360 Rotatable | 11.6″ HD Display | Playstore Supported | - Daraz Like New Laptops,15999.0,4.0,14,71,laptops,2.5001562597662352,Budget,0
HP G8 windows 10  - 8th Generation - 32GB Storage - 4GB Ram DDR4 - 12 Inches HD Display - 6 Hours Battery Timing -Type C Support - Auto Update 2029 - Slimmest,10999.0,4.0,19,61,laptops,3.6366942449313573,Budget,0
Dell Latitude E5440 - Core i5 4th Generation - 4GB RAM - 500GB HDD - 14inch Screen - FREE LAPTOP BAG Windows 10 (Registered Windows) - Daraz like new laptops,29999.0,5.0,3,7,laptops,1.666722224074136,Mid-Range,0
"HP ProBook 650 G1 15.6"" Business Ultrabook: Intel Core i5-4Th Gen  500GB  4GB DDR3  (1920x1080) FHD  DVD - Window 10 Pro - Daraz Like New Laptops",38999.0,5.0,1,8,laptops,1.282084156004,Mid-Range,0
HP Chromebook 11 G4 | 16GB Storage | 4GB RAM | 11.6″ Display | Playstore Supported Chromebook | Black - Daraz Like New Laptops,9300.0,4.4,0,0,laptops,4.731182795698925,Budget,0
"Hp Elitebook 840 G5 - Core i5 - 8th Generation - 16gb RAM - 256GB SSD - 14"" Screen - Windows 10 Activated - Free Laptop Bag",76999.0,4.4,0,0,laptops,0.5714359926752296,Premium,0
"Lenovo ThinkPad T460 Core i5 6th Gen, 8GB, 256GB SSD, 14″ LED (Windows 11 Licensed) FREE LAPTOP BAG)",43999.0,4.0,44,129,laptops,0.9091115707175162,Mid-Range,0
Acer ChromeBook R11 | Touch Screen | 32GB Storage | 4GB RAM | 360 Rotatable | 11.6″ HD Display | Playstore Supported | - Daraz Like New Laptops,14698.0,4.0,181,660,laptops,2.7214587018641994,Budget,0
"Laptop Hp elitebook x360 1040g5 i5 8th generation 16gb ram 256gb ssd 14"" with 3 months warranty (USED)",95000.0,4.4,0,0,laptops,0.46315789473684216,Premium,0
Lenovo Thinkpad T470 - Core i5 7th Generation - 8GB DDR4 - 256GB SSD - 14inch Screen - FREE LAPTOP BAG - Daraz like new laptops,48499.0,4.0,79,186,laptops,0.8247592733870802,Mid-Range,0
HP ProBook 640 G1 Business Laptop ~Intel Core i5-4210M 2.6GHz ~ 500GB 7200RPM HHD~ 4GB DDR3 Window 10 Pro - Daraz Like New Laptops,37999.0,5.0,1,8,laptops,1.315824100634227,Mid-Range,0
(FREE TOUCH PEN GIFT) with - Lenovo Chromebook  x360 2-in-1 Lenovo Chromebook 300e -  4GB Ram 32GB Storage - Touch x 360° Rotatable Playstore Supported - Type C Charger - Auto Update 2027/2029,14500.0,4.0,34,132,laptops,2.7586206896551726,Budget,0
Laptop Dell LATITUDE 5420 - CORE I5 11TH GENERATION - 8GB RAM - 256GB M2 SSD - 14” - 3 months warranty (USED),70000.0,4.4,0,0,laptops,0.6285714285714286,Premium,0
"Dell Latitude 3380 | 13.3"" HD Display | Core i3 6th Gen 2.0GHz | 8GB DDR4 RAM | 128GB SSD | Windows 10 | Intel HD 520 | Lightweight Business Laptop | 6 Month Warranty | Like New | KT Laptop House",32999.0,4.4,0,0,laptops,1.3333737385981397,Mid-Range,0
Microsoft Surface Pro 7 Plus 2-in-1 Detachable Laptop Intel Core i5 11th Gen 8GB RAM 256GB SSD 12.3 Inch Touchscreen With Local Warranty,85000.0,4.4,0,0,laptops,0.5176470588235295,Premium,0
Lenovo Original Chromebook 128GB Storage 4GB Ram Most Demanded 5th Generation Laptop Chromebook With Charger & free Laptop Bag Gift Windows 10 Pre Installed Best for Online Work 6+ Hours Battery Timing Slim Easy to Carry Wifi & Bluetooth Supported,14899.0,5.0,5,23,laptops,3.3559299281830994,Budget,0
Metal Laptop Stand Portable Laptop Stand 7 Gear Slot Anti Slip Silicone Foldable Adjustable Laptop Stand Compatible with all sizes of Laptop Easy to Carry Smart Stand Strong Material High Quality Stand,799.0,5.0,1,16,laptops,62.57822277847309,Budget,0
Dell Latitude E7470 Laptop | Intel Core i5-6300U 2.6GHZ | 14 Inch Full HD 1080p | 8GB RAM DDR4 | 256GB Solid State Drive | Windows 10 Pro 64bit,70000.0,4.0,11,23,laptops,0.5714285714285714,Premium,1
DELL CHROMEBOOK LAPTOP 3120 P22T - 4GB/16GB - Longer Battery Life,10143.0,4.5,5,11,laptops,4.436557231588288,Budget,0
HP Elite Book 830 G8 - i7 - 11th Generation - Like New Laptops -,145000.0,5.0,1,0,laptops,0.3448275862068966,Premium,0
"Lenovo Legion Go 8APU1, AMD Ryzen™ Z1 Extreme,AMD Radeon Graphics, 16GB Soldered LPDDR5x-7500 1TB SSD M.2 2242 PCIe® 4.0x4 NVMe®,High Definition  Audio,Stereo speakers, 2W x2,8.8"" WQXGA (2560x1600) IPS 500nits Glossy / Anti-fingerprint, 97% DCI",276999.0,4.4,0,0,laptops,0.1588453387918368,Premium,0
"Lenovo ThinkPad T470s 14'' FHD (1920x1080) IPS Business Laptop (Intel Dual-Core i5-6300U, 8GB DDR4 RAM, 256GB PCIe NVMe M.2 SSD) Backlit, Fingerprint, Thunderbolt 3, Type-C, Windows 10 Pro - Daraz Like New Laptops",53999.0,4.4,0,5,laptops,0.8148299042574864,Mid-Range,0
"Daraz Like New Laptops - Dell Latitude 7490 Ultra Book Core i7 8th generation, 8GB DDR4 Ram 256GB Solid State Drive SSD 14.1"" FHD Led Display Intel HD Graphics",69999.0,3.5,5,8,laptops,0.5000071429591851,Premium,1
"Dell Core i7-8th Generation | 8GB DDR4 RAM , 256GB Nvme SSD | 6 Months Warranty | FHD Display | 4Hours+ Battery Backup | Windows 11 | FREE LAPTOP CLEANER | Like New Laptops",64000.0,4.0,11,23,laptops,0.625,Premium,0
Lenovo 500e Chromebook Laptop | Intel Celeron processor | 4GB RAM | 32GB SSD,16500.0,4.0,2,0,laptops,2.4242424242424243,Mid-Range,0
LENOVO ORIGINAL CHROMEBOOK | 128GB STORAGE | WINDOWS 11 INSTALLED | 4 TO 6 HOURS BATTERY | 11.6 INCHES FULL HD DISPLAY | WITH FREE LAPTOP BAG & CHARGER INCLUDED | TOP SELLING | MOST DEMANDED | TRENDY | HIGH PERFORMANCE | RELIABLE | AFFORDABLE,14999.0,5.0,3,6,laptops,3.3335555703713577,Budget,0
"Daraz Like New Laptops - Hp Chromebook 11 G8 - 4GB Ram DDR4 - 32GB SSD - 11.6"" Screen Size - Chrome OS - FREE LAPTOP BAG AND CHARGER",12999.0,4.4,0,6,laptops,3.3848757596738213,Budget,0
LAPTOP Dell Chromebook 3180 - 4GB RAM - 16GB SSD (FREE LAPTOP BAG) - Daraz like new laptops - USED LAPTOP,8499.0,4.4,0,0,laptops,5.177079656430169,Budget,0
"Lenovo Ideapad, MIIX 520 2-In-1, Touchscreen 12.2 inch Laptop, Core i5 8th Generation, Fingerprint Sensor, RAM 8GB DDR4, 256GB SSD",46000.0,4.4,0,0,laptops,0.9565217391304348,Mid-Range,0
Daraz Like New Laptops - HP ELITEBOOK 840-G5 8TH GENERATION | INTEL CORE-I5 | 8250u PROCESSOR | 16GB RAM | 512GB SSD | FHD | 14.1’INCH WINDOWS 11 LICENSED (FREE LAPTOP BAG),74999.0,5.0,1,5,laptops,0.6666755556740757,Premium,0
"Lenovo Chromebook N23 Laptop windows 10| Celeron | 4GB RAM | 16GB SSD | 11.6"" Screen | Windows Converted",9999.0,3.5,2,5,laptops,3.5003500350035,Budget,0
"Lenovo Thinkpad T440 Ultrabook, 14 Inch Display, Intel Core i5 4th Gen 1.9GHz, 4GB RAM, 500GB, USB 3.0, WiFi, Windows 10 Pro - Daraz Like New Laptops",31999.0,5.0,3,9,laptops,1.5625488296509265,Mid-Range,0
LENOVO ORIGINAL CHROMEBOOK | 64GB STORAGE | WINDOWS 11 INSTALLED | 4 TO 6 HOURS BATTERY | 11.6 INCHES FULL HD DISPLAY | WITH FREE LAPTOP BAG & CHARGER INCLUDED | TOP SELLING | MOST DEMANDED | TRENDY | HIGH PERFORMANCE | RELIABLE | AFFORDABLE,16675.0,5.0,3,0,laptops,2.998500749625187,Mid-Range,0
PRIME MINISTER YOUTH LAPTOP WITH TYPE C CHARGER BAG AND BOX 8GB/256GB,84999.0,4.4,0,0,laptops,0.5176531488605749,Premium,0
SAMSUNG USA IMPORTED METAL CHROMEBOOK/9HOURS BATTERY BACKUP /4GB RM/4K ULTRA HD RESULT/13INCH DISPLAY SIZE/NEW PIECES,12999.0,4.4,0,0,laptops,3.3848757596738213,Budget,0
"Samsung Chromebook 4 Chrome OS 11.6"" - HD Intel Celeron Processor N4000 - 4GB DDR4 RAM - 32GB eMMC - Gigabit Wi-Fi - Intel HD Graphics 600 - XE310XBA-K01US - Play Store - All Metal Body",13999.0,5.0,2,14,laptops,3.5716836916922636,Budget,0
Hp Chromebook 11 G8 EE | ‎Intel HD Graphics 400 | 4GB Ram | 32GB Storage | 11.6 inch Display | Intel Celeron N4020 | 2027 Updatable | Playstore Supported | Chromebook,9020.0,4.0,19,58,laptops,4.434589800443459,Budget,0
Daraz Like New Laptops - Lenovo Chromebook 300E X360 TOUCH SCREEN - 2027 UPDATE - Intel Celeron 4GB RAM 32GB Chrome OS (FREE LAPTOP BAG),13999.0,4.0,7,29,laptops,2.857346953353811,Budget,0
"Lenovo ThinkPad T480 Core i5 8th Gen, 8GB RAM, 256GB SSD, 14″ FHD Like A New Laptop Screen LED",54999.0,5.0,2,7,laptops,0.9091074383170603,Premium,0
Daraz Like New HP Original Chromebook 128GB Storage 4GB Ram Most Demanded Laptop 4 to 6 Hours Battery Timing Windows 10 Installed With Free Bag & Charger 11.6 Inches Full Hd Display HDMI Supported Webcam & Mic Installed USA IMPORTED STOCK,15795.0,5.0,3,0,laptops,3.1655587211142766,Budget,0
"Lenovo N23 CHROMEBOOK - Celeron processor - 4gb Ram - 16GB SSD - 11.6"" screen",8200.0,4.0,40,106,laptops,4.878048780487805,Budget,0
Daraz Like New Laptops - Hp Chromebook 14 - 4GB Ram - 16GB Rom - Playstore Supported - 14 inch HD Display - Best Battery Backup - Free Laptop Bag,11999.0,3.0,1,0,laptops,2.5002083506958916,Budget,0
Laptop Dell LATITUDE 5420 - CORE I5 11TH GENERATION - 8GB RAM - 512GB M2 SSD - 14” - 3 months warranty (USED),78000.0,4.4,0,0,laptops,0.5641025641025641,Premium,0
"Laptop Acer C740 4GB Ram | 128GB SSD | 12"" HD Display",18000.0,4.4,0,0,laptops,2.4444444444444446,Mid-Range,0
LAPTOP - Dell Chromebook 3180 - 4GB RAM - 16GB SSD (FREE LAPTOP BAG) - Daraz like new laptops - USED LAPTOP,8499.0,5.0,0,0,laptops,5.8830450641251915,Budget,0
Acer 5th Gen Laptop - 4 GB Ram - 128 GB SSD - Windows 10 Pro - Slimmest Laptop,18500.0,4.0,25,69,laptops,2.1621621621621623,Mid-Range,0
Daraz Like New Laptops - Dell Latitude 7490 - Intel Core i7-8th Generation - 8gb DDR4 Ram 256gb SSD - 14.1 Inch Screen - FHD Display - Backlit Keyboard - Windows 11 Pro - FREE LAPTOP BAG,71999.0,4.0,4,13,laptops,0.5555632717121071,Premium,1
Acer Chromebook CP315 | Touch Screen | 32GB Storage | 4GB RAM | 360 Rotatable | 15.6″ FULL HD Display | Playstore Supported | - Daraz Like New Laptops,31999.0,5.0,1,0,laptops,1.5625488296509265,Mid-Range,0
Daraz Like New Laptops - Lenovo Chromebook 100E Intel Celeron 4GB RAM 16GB Chrome OS (FREE LAPTOP BAG),11999.0,4.4,0,0,laptops,3.6669722476873075,Budget,0
HP EliteBook 840 G3 - Core i5 6th Generation - 8 GB RAM - 128GB SSD 500GB HDD- 14inch Screen - FREE LAPTOP BAG (WINDOWS 11 REGISTERED) - daraz like new laptops,49499.0,4.0,29,47,laptops,0.8080971332754197,Mid-Range,0
"Hp Chromebook 11 G6 EE | 4GB RAM DDR4 | 16GB SSD EMMC | Playstore supported | 11.6"" screen - Daraz Like New Laptops",10999.0,4.0,150,515,laptops,3.6366942449313573,Budget,0
Dell Latitude 7290 - Core i5 8th Generation - 8GB RAM - 256GB SSD - 12.5inch Screen - FREE LAPTOP BAG (Windows 11 Licensed) - Daraz like new laptops,51999.0,3.5,6,16,laptops,0.6730898671128291,Mid-Range,0
Lenovo 300e Chromebook Daraz Like New Laptops - Lenovo Chromebook 300E X360 TOUCH SCREEN - 2027/2029 UPDATE - Intel Celeron 4GB RAM 32GB Chrome OS,14500.0,4.4,0,0,laptops,3.03448275862069,Budget,0
DARAZ LIKE NEW LAPTOPS - LENOVO THINKPAD 13 - INTEL CORE I5-6TH GENERATION - 8GB DDR4 RAM - 128GB SSD - 13.3 INCH - FREE LAPTOP BAG,42499.0,4.4,0,0,laptops,1.0353184780818374,Mid-Range,0
Microsoft Surface pro 7 plus Core i5 11th Generation 8GB Ram 256GB ssd 2 in 1 tablet laptop with detachable keyboard,75000.0,5.0,4,11,laptops,0.6666666666666667,Premium,0
Acer C740/C720 | 2GB RAM 16GB Storage Windows 10 | 11.6″ Display | Play Store Supported | Android Apps Supported - Daraz Like New Laptops,18999.0,5.0,2,6,laptops,2.631717458813622,Mid-Range,0
"Dell Latitude E5470 - Core i5 - 6th Generation - 8gb RAM - 512gb SSD - 14"" Screen - Windows 10 Activated - Free Laptop Bag - Fattani Computer",50999.0,4.4,0,0,laptops,0.8627620149414695,Mid-Range,0
Hp Elitebook 840 G8 Intel Core i7 11th Gen 8GB RAM 256GB SSD 14 Inches Display (6 Months Warranty) - Silver | Daraz Like New Laptops | Renewedpc,121500.0,4.4,0,0,laptops,0.36213991769547327,Premium,0
Daraz Like New Laptops - Hp Elitebook 820 G3 - Core i5 6th Generation - 8GB DDR4 RAM - 128GB SSD - 500GB HDD -12.5inch Screen - FREE LAPTOP BAG,46999.0,4.4,0,0,laptops,0.93619013170493,Mid-Range,0
USED - Lenovo Thinkpad T460 -14-Inch Laptop - Intel Core i5-6300U Dual-Core 2.4GHz - 8GB RAM - 256GB SSD - Windows 11 Licensed - (FREE LAPTOP BAG) - Daraz like new laptops,53999.0,4.4,0,0,laptops,0.8148299042574864,Mid-Range,0
"Dell Chromebook 11 3180 Windows | 4GB RAM | 16GB SSD EMMC | 11.6"" SCREEN | Windows 10 Converted",10499.0,4.0,38,149,laptops,3.8098866558719875,Budget,0
"HP EliteBook 840 G3 Ultra Book, Core i5 6th generation, 8GB DDR4 Ram, 256GB Solid State Drive SSD, 14.1"" Led Display, Intel HD Graphics - Daraz Like New Laptops",61999.0,4.4,0,0,laptops,0.7096888659494509,Premium,0
Daraz Like New - HP ProBook 640 G1 - Core i5 4th Generation - 8GB RAM - 256GB SSD - 14inch Screen - FREE LAPTOP BAG,36999.0,4.4,0,0,laptops,1.1892213303062247,Mid-Range,0
Dell P22T Chromebook 3120 Intel Celeron 2GB RAM 16GB Windows 10  -  Daraz like new laptops,10499.0,5.0,4,10,laptops,4.762358319839985,Budget,0
Dell Latitude 7480 14in FHD Laptop PC - Intel Core i5-7TH 2.5GHz 8GB 256GB SSD Windows 10 Pro - Daraz Like New Laptops,57999.0,5.0,1,0,laptops,0.862083829031535,Premium,0
"Dell Precision 5560 Intel Core i7 11th Gen 32GB RAM 512GB SSD 4GB GPU NVIDIA T1200 15""  Inches Display (6 Months Warranty) - Gray | Daraz Like New Laptops | Renewedpc",242000.0,4.4,0,0,laptops,0.18181818181818182,Premium,0
Daraz Like New Laptops - Dell Latitude E5590 - Intel Core i5-8th Generation - 8gb Ram 256gb Ssd - 15.6 Inch FHD Display - Windows 11,74999.0,4.4,0,0,laptops,0.5866744889931866,Premium,0
HP ProBook 640 G2 Laptop (Core i5 6th Generation) 14-inch 8GB Ram 256GB SSD,47000.0,5.0,1,0,laptops,1.0638297872340425,Mid-Range,0
"Lenovo Thinkpad x270 Ultra Book, Core i5 7th generation, 8GB DDR4 Ram, 256GB SSD, 12.5"" Led Display, Intel HD Graphics Windows 11 Licensed (FREE LAPTOP BAG) - Daraz like new laptops - USED LAPTOPS",37999.0,4.0,3,8,laptops,1.0526592805073818,Mid-Range,0
Daraz Like New Laptops - Dell Latitude E7440 - Intel Core i5-4th Generation - 8gb Ram 500gb HDD - 14.0 Inch - Windows 10 - FREE LAPTOP BAG,39999.0,4.0,1,0,laptops,1.0000250006250155,Mid-Range,0
"Dell Latitude 3380 business laptop, 13.3in HD Display, Intel Core i3-6006U, 8GB DDR4, 128GB Solid State Drive, Webcam, Windows 10 Pro - Daraz Like New Laptops",39999.0,4.4,0,0,laptops,1.1000275006875173,Mid-Range,0
"Dell 3189 Convertible Chromebook 11.6 inches HD IPS Touchscreen, Intel Celeron N3060 Up to 2.48GHz, 4GB Ram 16GB / 32GB SSD, HDMI, WiFi, Webcam, Chrome OS - FREE LAPTOP BAG - USED",13199.0,4.4,0,0,laptops,3.333585877718009,Budget,0
Lenovo Thinkpad – X230 – Core i5 3rd Gen – 4GB RAM – 250GB – 12.5″ FREE LAPTOP BAG - Daraz like new laptops,23999.0,4.0,132,276,laptops,1.6667361140047503,Mid-Range,0
"Daraz Like New Laptops - HP Zbook Firefly 14 G7, Core i5, 10th Generation, 16GB Ram , 256GB SSD Drive, 14"" FHD Led Display, Intel UHD Graphics",96299.0,4.4,0,0,laptops,0.45691024828918264,Premium,0
"Daraz Like New Laptops - Lenovo ThinkPad T450 Ultra Book, Core i7 5th generation, 8GB DDR3 Ram, 500GB Hard Drive, 14.1"" Led Display, Intel HD Graphics",39999.0,4.4,0,0,laptops,1.1000275006875173,Mid-Range,0
Amd R9 270x 2gb never mined available in ASUS I NITRO SAPPHIRE I GIGABYTE I MSI,18000.0,4.4,0,0,laptops,2.4444444444444446,Mid-Range,0
"Wireless Bluetooth 5.0 Headphones with Mic  HiFi Stereo Deep Bass Headset for Android, Laptop, PC  Foldable Over-Ear Noise Cancelling Earphones for Gaming, Gym, Travel & Online Classes  Support AUX/TF Card.",1097.0,4.0,67,381,headphones,36.46308113035551,Premium,1
P47 On Ear Wireless Headphones Dynamic Plastic Mobile Phone Earphone with Volume Control / with Microphone / Noise-isolating Headset,775.0,4.0,769,38,headphones,51.61290322580645,Mid-Range,0
"P9 Wireless Bluetooth 5.0 Headphones with Mic | HiFi Stereo Deep Bass Headset for Android, Laptop, PC | Foldable Over-Ear Noise Cancelling Earphones for Gaming, Gym, Travel & Online Classes | Support AUX/TF Card.",929.0,5.0,2,5,headphones,53.82131324004306,Premium,0
Wireless Bluetooth Headphones 5.0 Stereo Bass Noise Cancelling Headset With Mic Foldable Gaming Earphones Sports Handsfree Support TF Card AUX FM Radio Compatible With Android Laptop PC Rechargeable Over Ear Bluetooth Headphone For Men Women Kids,999.0,4.3,0,0,headphones,43.04304304304304,Premium,0
AS Association Wireless Bluetooth 5.0 Headphones With Mic - Over Ear HiFi Stereo Deep Bass Headset For Gaming Gym - Noise Cancelling Foldable Earphones Support AUX/TF Card For Android Mobile Laptop PC,999.0,5.0,5,24,headphones,50.05005005005005,Premium,0
Wireless Bluetooth 5.0 Headphones With Mic HiFi Stereo Deep Bass Noise Cancelling Headset Foldable Over Ear Earphones For Android Laptop PC Gaming Gym Travel Online Classes Support AUX TF Card Volume Control Wireless Headphone,999.0,5.0,0,0,headphones,50.05005005005005,Premium,0
Original p47 headphone Wireless Earbuds Invisible Ultra Small Bluetooth Handfree for all cell phones,792.0,4.0,8015,398,headphones,50.50505050505051,Mid-Range,0
"Wireless Headphones, P47 Bluetooth Foldable Headset with Microphone Support FM Radio TF for PC TV Smart Phones & Tablets Etc",899.0,5.0,3,30,headphones,55.61735261401557,Premium,0
Top Stock Wireless Bluetooth 5.0 Headphones HiFi Stereo Deep Bass Over Ear Foldable Headphones Gaming Headset for Android Laptop PC Travel Gym Online Classes Supports AUX Cable TF Card Wireless Headphones for Boys Girls Gaming Headphones Wireless Bl,999.0,5.0,2,0,headphones,50.05005005005005,Premium,0
"Wireless Headphones, P47 Bluetooth Foldable Headset with Microphone Support FM Radio TF for PC TV Smart Phones & Tablets Etc",737.0,5.0,1,7,headphones,67.84260515603799,Mid-Range,0
"M10 and i12 TWS Wireless Bluetooth Earbuds V5.0 with Touch Sensor and Built-in Mic, True Stereo, 10m Transmission, Charging Case, Sports Headset for All Bluetooth Devices - Black",699.0,4.0,1438,65,headphones,57.22460658082976,Mid-Range,0
Y08 Wireless Bluetooth Headphones Foldable Wireless Headphones 5.0+EDR with Mic Stereo Headset Support FM Radio TF for PC TV Tablets & Smart Phones/Aux Cable,699.0,4.3,0,0,headphones,61.516452074391985,Mid-Range,0
"Wireless Headphones, P47 Bluetooth Foldable Headset with Microphone Support FM Radio TF for PC TV Smart Phones & Tablets Etc",1447.0,4.3,0,0,headphones,29.716655148583275,Premium,1
TOP STOCK Headphones Wireless Bluetooth 5.0 with Mic Deep Bass Stereo Sound Foldable Gaming Headphones for PC Laptop Android Mobile Online Classes Gym Travel Wireless Headphones with AUX TF Card Support Noise Cancelling Headset,999.0,5.0,0,0,headphones,50.05005005005005,Premium,0
New Air 31 Wireless Bluetooth Headset airPod handfree earbuds airdots Hanging Ear Unisex Driving Can Answer The Phone Long Standby 1 Minute Fast Charge Single Headsr-Color Family Headphones & Headsets&gt;Wireless Earbuds,699.0,4.0,2277,109,headphones,57.22460658082976,Mid-Range,0
Wireless Bluetooth Headphones With Mic Headsets Stereo Sound Earphones Sports Gaming Headphones Supports TF,1120.0,4.0,4,14,headphones,35.714285714285715,Premium,1
"Wireless Headphones, P47 Bluetooth Foldable Headset with Microphone Support FM Radio TF for PC TV Smart Phones & Tablets Etc",830.0,4.0,3007,128,headphones,48.19277108433735,Mid-Range,0
Orignal P47 Wireless Headset Bluetooth Foldable On-Ear Headphone Wireless Earbuds Invisible Ultra Small Bluetooth Handfree for all cell phones,750.0,4.0,877,48,headphones,53.33333333333333,Mid-Range,0
Universal Bluetooth Hands-Free Earphone with Mic for All Smartphones,224.0,4.0,362,20,headphones,178.57142857142856,Budget,0
"Wireless Headphones, P47 Bluetooth Foldable Headset with Microphone Support FM Radio TF for PC TV Smart Phones & Tablets Etc",599.0,5.0,1,10,headphones,83.47245409015025,Budget,0
STN-28 Cat Wireless Headphones Bluetooth Over-Ear Headset with Cute Cat Ears,1249.0,4.0,17,81,headphones,32.02562049639712,Premium,1
Air 31- Air31 Earbuds Wireless Earbuds - Air 31 Earbuds - Transparent  Air 31 - Transparent Earbuds Air 31 TWS Earbuds - Airbuds - - Ear Buds Wireless - Air Buds - Bluetooth Earphones,745.0,4.0,45,163,headphones,53.69127516778523,Mid-Range,0
"iP9 Wireless Bluetooth Headphones Over-Ear | Hi-Fi Stereo, Foldable & Comfortable Headset with Mic, USB-C Fast Charge, Long Battery Life",1019.0,4.3,0,0,headphones,42.19823356231599,Premium,0
P47 Wireless Bluetooth Foldable Headset with Microphone – Universal Headphone for All Mobile Phones & Laptops,549.0,5.0,1,14,headphones,91.07468123861567,Budget,0
P47 Bluetooth Over Ear Foldable Headset With Microphone Stereo Earphones 3.5Mmm Audio Support Fm Radio SD Card that suit For Pc Tv Smart Phones & Tablets,1050.0,5.0,3,20,headphones,47.61904761904762,Premium,0
Sleek Wireless Bluetooth Headphones with High Fidelity Sound & FM,1499.0,5.0,1,0,headphones,33.3555703802535,Premium,0
"PRO II RGB Gaming Headphones with Noise Cancelling Mic, 7.1 Surround Sound, Super Bass, Vibration, Soft Memory Foam Ear Cushions, for PC, PS4, Mobile, Laptop, and Gaming Consoles - Unique Mall",1477.0,4.0,716,24,headphones,27.08192281651997,Premium,1
Cat Headphone / P47 Ear Wireless Bluetooth Headphones - Glowing LED Light-Up Foldable Headset for Kids and Adults,1445.0,4.0,264,15,headphones,27.681660899653977,Premium,1
"New STN 28 Cat Ear Bluetooth 5.0 Stereo Headset with RGB Lighting, Microphone, TF Card Support, and Universal Compatibility",1097.0,4.3,0,30,headphones,39.197812215132174,Premium,1
"🔥 TWS Wireless Earbuds with LED Display  m10– and i7s ENC Noise Cancellation, HiFi Stereo, Bluetooth 5.3 – Available in Black & White 🎧",331.0,5.0,1,0,headphones,151.05740181268882,Budget,0
Wireless Neckband Bluetooth 5.0 Headphone Wireless Headset With Heavy Bass Stereo Earphones High Quality Magnetic Attraction Intelligent Noise Reduction Cancelling Sports Headset ZF Tech,233.0,4.0,238,932,headphones,171.67381974248926,Budget,0
Air Buds M10 Wireless Earbuds - 3500mAh Extended Battery HiFi Stereo Sound Bluetooth Headphones,519.0,5.0,2,13,headphones,96.33911368015413,Budget,0
"Lenovo HE05 Bluetooth 5.0 Neckband Earbuds with High Quality Stereo Sound, Intelligent Noise Cancelling for Sports",143.0,3.5,6,40,headphones,244.75524475524475,Budget,0
100% Original Branded Gaming Headset RGB with Noise Reducing Microphone ~ Over the Ear Gaming Headphones with Stereo Sound for Pubg Mobile PC Laptop Computer PlayStation4 Xbox PS4 PS5 Nintendo Switch & Android ~ 3.5mm Wired Headphone Bass ~ By FunBug,1697.0,4.0,308,14,headphones,23.57100766057749,Premium,1
M10 Wireless Bluetooth Headphones With Headsets Stereo Sound Earphones Sports Gaming Headphones Supports Headphones - All device connected,513.0,5.0,2,22,headphones,97.46588693957115,Budget,0
Original M10 & M90 TWS Wireless Earphones Touch Control 5.3 with power bank charger Headset Waterproof 9D Hifi Quality Earbuds 3500mAh Stereo Sports Headphones With Microphone,602.0,5.0,1,0,headphones,83.05647840531562,Budget,0
New TWS wireless headphones - Clear display of battery level - Gaming Bluetooth headphones - With microphone - Noise reduction - High-fidelity bass headphones,548.0,4.0,1632,64,headphones,72.99270072992701,Budget,0
KS19 Bone Conductive Bluetooth Headset Wireless Neckband Earphone Waterproof Sports Headphone,186.0,4.0,7,15,headphones,215.05376344086022,Budget,0
Wireless Bluetooth Headphones with Mic | Foldable & Hi-Fi Stereo Sound,390.0,4.0,3,0,headphones,102.56410256410257,Budget,0
"Wireless Headphones, P47 Bluetooth Foldable Headset with Microphone Support FM Radio TF for PC TV Smart Phones & Tablets Etc",759.0,4.0,10,56,headphones,52.700922266139656,Mid-Range,0
"M10 , A6s , F2 earbuds Headphones,Handfree,EarPhone, earphone Bluetooth Neckband Magnetic Earphones Sport Running Earbuds Waterproof Bluetooth 5.2 Headset With Mic, SM Trader",186.0,4.0,749,62,headphones,215.05376344086022,Budget,0
P47 On Ear Wireless Headphones Dynamic Plastic Mobile Phone Earphone with Volume Control / with Microphone / Noise-isolating Headset,792.0,4.0,46,247,headphones,50.50505050505051,Mid-Range,0
Lenovo HE05 Wireless Neckband Bluetooth 5.0 Headphone Wireless Headset With Heavy Bass Stereo Earphones High Quality Magnetic Attraction Intelligent Noise Reduction Cancelling Sports Headset,955.0,4.0,1398,72,headphones,41.88481675392671,Premium,0
"H130 Gaming Headphones - Over-Ear Stereo Sound Headset with 360° Adjustable Noise Reducing Microphone for PC, Laptop, Mobile, PS4, Xbox - 3.5mm Wired Plug - Red & Black - By FunBug",1697.0,4.0,13,66,headphones,23.57100766057749,Premium,1
P47 Wireless Bluetooth Foldable Headset With Microphone FOR All cell phones and laptop use,746.0,4.0,455,15,headphones,53.61930294906166,Mid-Range,0
P47 Wireless High Quality Bluetooth Foldable Headset With Microphone FOR All cell phones and laptop used,799.0,5.0,15,24,headphones,62.57822277847309,Mid-Range,0
M10 Air buds Wireless Bluetooth EarBuds Stereo Earphones with Power bank Bluetooth Ear phone Ear Buds Airdots Premium Quality For All Smart Phones,653.0,4.0,515,32,headphones,61.25574272588055,Mid-Range,0
Cat Headphone / P47 Ear Wireless Bluetooth Headphones - Glowing LED Light-Up Foldable Headset for Kids and Adults,890.0,4.0,10,45,headphones,44.943820224719104,Mid-Range,0
XT-11 Bluetooth 4.2 Wireless Earphone Sports Headset Waterproof Earbuds Neckband Magnetic Headphone With Mic For Samrtphones,229.0,5.0,2,13,headphones,218.34061135371178,Budget,0
Orignal Wireless Headset Bluetooth Foldable On-Ear Headphone Wireless Earbuds Invisible Ultra Small Bluetooth Handfree for all cell phones,394.0,4.0,3,34,headphones,101.5228426395939,Budget,0
Special Edition P47 Headphone with Pop Window Over The Ear Wireless Bluetooth Headphone Support Sd Card use,799.0,4.0,45,171,headphones,50.06257822277848,Mid-Range,0
🎵 Pro TWS Wireless Earbuds Stereo Sound Deep Bass Noise Reduction Bluetooth 5.3 Earphones 🎧 📦 Wireless Bluetooth Earbuds Long Battery Backup HD Sound Noise Cancelling Earphones with Charging Case 🔋,699.0,3.0,1,23,headphones,42.918454935622314,Mid-Range,0
"Wireless Headphones, P47 Bluetooth Foldable Headset with Microphone Support FM Radio TF for PC TV Smart Phones & Tablets Etc",792.0,4.0,222,977,headphones,50.50505050505051,Mid-Range,0
Magnetic Neckband Headphones Wireless Bluetooth 5.2 Earphones LED Display Headset Sport Noise Cancel Earbuds with Mic,186.0,5.0,3,9,headphones,268.81720430107526,Budget,0
Wireless Bluetooth Headphones China Bubble Packing | HiFi Stereo Over-Ear | Built-in Mic | Sports Headset,1169.0,5.0,1,0,headphones,42.7715996578272,Premium,0
"RGB Wired Gaming Headset for PC, Laptop, PS4, Xbox One & Mobile  Professional 3D Surround Sound RGB Headphones  Noise Canceling Mic with Red LED Light  Soft Earmuffs Over Ear Headset  Best Quality Stereo Bass Gaming Headphone.",1537.0,4.0,167,705,headphones,26.02472348731295,Premium,1
Mini Wireless Bluetooths Earbuds In Ear Headphones for Running Cordless Earphones for Men and Women ZF Tech,611.0,4.3,0,12,headphones,70.37643207855973,Mid-Range,0
"FunBug Premium Gaming Headphones Collection - Over-Ear Stereo Sound Headset with 360° Adjustable Noise Reducing Microphone for PC, Laptop, Mobile, PS4, Xbox - USB 3.5mm Wired Plug -Multiple Models",1697.0,4.0,39,221,headphones,23.57100766057749,Premium,1
High Quality Headphones / Head Phones For Girls for all Smartphones with mic White and Black Colour,682.0,3.5,24,93,headphones,51.31964809384164,Mid-Range,0
P47 On-Ear Wireless Headphones - Dynamic Plastic Mobile Earphones with Microphone and Noise Isolation,799.0,4.0,23,103,headphones,50.06257822277848,Mid-Range,0
"Wireless Neckband Earbuds with MicroSD Card Slot, Bluetooth 5.0, Noise Cancelling Mic, Sweatproof, Siri/Google Assistant Compatible, Intuitive Touch Controls, Lightweight and Compact Design",746.0,4.3,0,11,headphones,57.64075067024128,Mid-Range,0
"ZF Tech Wireless Neckband Bluetooth 5.0 Earbuds with Heavy Bass, Magnetic Attraction & Noise Reduction for Sports",182.0,3.5,3,13,headphones,192.30769230769232,Budget,0
P47 Bluetooth Foldable Headset with Microphone Support Fm Radio TF for PC Smartphone and Tablet,774.0,5.0,1,0,headphones,64.59948320413436,Mid-Range,0
Original M10 & M90 TWS Wireless Earphones Touch Control 5.3 with power bank charger Headset Waterproof 9D Hifi Quality Earbuds 3500mAh Stereo Sports Headphones With Microphone,612.0,4.3,0,0,headphones,70.26143790849673,Mid-Range,0
Open Ear Headphones Clip On Ear Earbuds Hands-Free Noise Canceling Ear Clip For Cell Phone PC Tablet Laptop Computer,308.0,4.0,71,399,headphones,129.8701298701299,Budget,0
"Magnetic Lenovo HEO5 X Bluetooth 5.0 Sports Earbuds - Waterproof Neckband, 8H Battery & Calling Noise Cancellation",625.0,5.0,3,11,headphones,80.0,Mid-Range,0
"SOLIC SLR 812, SLR 822 Headphone Headset Gaming Original Solic SLR MV Super Bass Beats Stereo Dual 3.5mm Plug Interface Microphone HD Music High Quality Smart Fancy Stylish Mobile Laptop Desktop PC",1349.0,4.0,114,447,headphones,29.651593773165306,Premium,1
"Lenovo HE05 Pro Original Bluetooth Neckband Earphones - Clear Sound, Wireless Ease",399.0,4.0,7,31,headphones,100.25062656641603,Budget,0
Best Lenovo XT96 and jbl TWS Wireless Earphone Bluetooth 5.3 Dual Stereo Noise Reduction Headset Bass Touch Control In-Ear Music Earphone - Touch Control - Charging Case - Black,746.0,4.0,44,191,headphones,53.61930294906166,Mid-Range,0
"Pro IV  RGB Gaming Headphones with Noise Cancelling Microphone  360° Surround Sound Wired Over-Ear Headset for PC, Laptop, PS4 & Mobile  Deep Bass Gaming Gear with Soft Earpads - Unique Mall.",1527.0,4.0,141,563,headphones,26.195153896529142,Premium,1
"🔥 TWS Wireless Earbuds with LED Display – ENC Noise Cancellation, HiFi Stereo, Bluetooth 5.3 – Available in Black & White 🎧",679.0,4.5,2,0,headphones,66.27393225331369,Mid-Range,0
"B-51 Wireless Stereo Headphones - RGB Glow Light - Foldable Bluetooth 5.0 Headset for Gaming, Music & Calls",1300.0,4.3,0,6,headphones,33.07692307692307,Premium,1
"Bluetooth 5.2 Earbuds with Magnetic Neckband, LED Display, Noise Cancel & Mic for Active Lifestyles",230.0,5.0,1,0,headphones,217.3913043478261,Budget,0
Cat Ear Wireless Bluetooth Headphones for Girls with LED Light and Microphone,1399.0,5.0,1,15,headphones,35.7398141529664,Premium,0
Neckband Mounted Earphones With Extra Long Battery Life Sports Waterproof Bluetooth Earphones Wireless Neckband Headphone,645.0,5.0,1,0,headphones,77.51937984496124,Mid-Range,0
P47 Wireless Bluetooth Foldable Headset With Microphone FOR All cell phones and laptop used,749.0,5.0,3,19,headphones,66.75567423230974,Mid-Range,0
Special  P47 Headphone with Pop Window Over The Ear Wireless Bluetooth Headphone Support Sd Card,792.0,4.0,150,560,headphones,50.50505050505051,Mid-Range,0
"Wireless Headphones, P47 Bluetooth Foldable Headset with Microphone Support FM Radio TF for PC TV Smart Phones & Tablets Etc",815.0,4.3,0,9,headphones,52.760736196319016,Mid-Range,0
Bluetooth Earpiece Universal Bone Conduction Headset Wireless Bluetooth 4.2 Sports Stereo Headset For Laptops For Smartphones,242.0,5.0,1,0,headphones,206.61157024793388,Budget,0
P47 Wireless Black Headphones Bluetooth Stereo Head phones Foldable Headset,720.0,4.0,6,25,headphones,55.55555555555556,Mid-Range,0
Ibex YG12 Bluetooth 5.4 Neckband Earphones HiFi Sound ENC Noise Cancel LED Display 50H Playtime,840.0,5.0,1,6,headphones,59.52380952380952,Mid-Range,0
"New Air 31 Wireless Bluetooth Earbuds - 1 Min Fast Charge, Long Standby, Handsfree for Driving & Calls",519.0,5.0,2,0,headphones,96.33911368015413,Budget,0
Original M10 & M90 TWS Wireless Earphones Touch Control 5.3 with power bank charger Headset Waterproof 9D Hifi Quality Earbuds 3500mAh Stereo Sports Headphones With Microphone,650.0,3.5,1,5,headphones,53.84615384615385,Mid-Range,0
New S109 Wireless Bluetooth Headset Hanging Ear Unisex Driving Can Answer The Phone Long Standby 1 Minute Fast Charge Single Headset,316.0,4.0,702,24,headphones,126.58227848101265,Budget,0
"G02 Sports Neckband LED Digital Display Wireless BT Headphone Magnetic Bass Headset with Handsfree Earbuds BY Sm""Trader""",419.0,5.0,1,0,headphones,119.33174224343675,Budget,0
Headphones,1050.0,4.0,11,94,headphones,38.095238095238095,Premium,0
"Sport Bluetooth Neckband Pro Air V5.3 + EDR White Bliss Earphones for Ultimate Freedom in Driving, Cycling, Running, & Gym with Rechargeable Balanced Sound & Built-In Mic",746.0,3.5,11,62,headphones,46.91689008042895,Mid-Range,0
Ear Phone 3.5mm Headset Ear Hook Super Bass Earphone Handfree Hnadsfree With Mic For Mp3 Player Computer Mobile Telephone Earphone Wireless Blhutooth with Mic For PUG,276.0,5.0,5,49,headphones,181.1594202898551,Budget,0
Single in-Ear Clip on Headphones TWS Bluetooth 5.3 Earphone Wireless Earbud With Mic Sports Handsfree Headset For Iphone Samsung,316.0,4.0,11,47,headphones,126.58227848101265,Budget,0
Universal S109 Mini Bluetooth Handsfree Earphone with Mic and Dual Device Pairing,325.0,4.5,512,28,headphones,138.46153846153845,Budget,0
Lenovo HE05 Wireless Neckband Bluetooth 5.0 Headphone Wireless Headset With Heavy Bass Stereo Earphones High Quality Magnetic Attraction Intelligent Noise Reduction Cancelling Sports Headset,399.0,4.0,22,105,headphones,100.25062656641603,Budget,0
NEW Imported Bluetooth Earphones Wireless Magnetic in Ear Headphones Sport Neckband Neck-hanging TWS Earbuds Wireless Bluetooth Headset with Mic | large Capacity Digital Display Neckband,279.0,3.5,3,0,headphones,125.44802867383513,Budget,0
Geoni Type C headphones stereo sound clear voice,449.0,4.3,0,0,headphones,95.76837416481068,Budget,0
Magnetic Neckband Headphones Wireless Bluetooth 5.2 Earphones LED Display Headset Sport Noise Cancel Earbuds with Mic,393.0,4.0,4,12,headphones,101.78117048346057,Budget,0
Cross-Border Ambie Earclip Wireless Earphones: Advanced Bone Conduction Technology | Wireless Bluetooth Earbuds: Sound Earcuffs Ear Bone Conduction Earring Headphone for Sports,699.0,4.5,4,24,headphones,64.37768240343348,Mid-Range,0
"P47 Wireless headphones with Microphone Bluetooth Foldable Headset Support FM Radio TF for PC ,TV Smart Phones & Tablets etc.",599.0,4.3,0,0,headphones,71.78631051752922,Budget,0
"Universal Wired Headphones With Mic  & Deep Bass, Comfortable Over-Ear Headset For Gaming Head Phones  Music & Calls Wired Headphones With Microphone, Noise-Isolating Stereo Sound For Smartphone, PC, Laptop & MP3/MP4",1180.0,4.0,52,229,headphones,33.898305084745765,Premium,1
Original p47 headphone Wireless Earbuds Invisible Ultra Small Bluetooth Handfree for all cell phones,726.0,5.0,1,10,headphones,68.87052341597796,Mid-Range,0
P47 Bluetooth Foldable Headset with Microphone Support Fm Radio TF for PC Smartphone and Tablet,499.0,4.0,7,44,headphones,80.16032064128255,Budget,0
Wireless Headphones Bluetooth 5.2 Neckband Earphones Magnetic Sports Waterproof TWS Earbuds Blutooth Headset With Microphone Mic,395.0,4.0,31,146,headphones,101.26582278481013,Budget,0
Original T75 TWS Touch Control Wireless Headphones Bluetooth Earphones Sport Earbuds Music Headset For,625.0,4.0,11,97,headphones,64.0,Mid-Range,0
"RGB Gaming Headphones 3.5mm With USB Earphone Surround Stereo Headphone, Over Ear with Mic Professional Headset For PC, PS4, Xbox One - SnapMart",1482.0,5.0,3,9,headphones,33.738191632928476,Premium,0
Wireless Bluetooth Neckband Headphones with Mic Waterproof 5.2,653.0,4.0,19,109,headphones,61.25574272588055,Mid-Range,0
"Ambie Wireless Ear Clips 5.3 Bluetooth Headphones, Comfortable Ear Cuffs, Premium Sound Quality",607.0,4.0,17,75,headphones,65.89785831960461,Budget,0
K58 Wireless Headphones Bluetooth Neckband Magnetic Earphones Sport Running Earbuds Waterproof Bluetooth 5.2 Headset With Mic by Sm Trader,419.0,5.0,20,62,headphones,119.33174224343675,Budget,0
Universal Stereo blutooth hand free /Earphone/ With Mic \ Handsfree For All Mobiles uesd,224.0,4.0,54,331,headphones,178.57142857142856,Budget,0
"iLink H10E USB Headset with Noise Cancelling Mic | ENC Wired Headphones for Call Center, Online Classes, Zoom Meetings, Office Work | Lightweight Comfortable Headset for PC Laptop",2399.0,4.5,1,7,headphones,18.757815756565236,Premium,0
P47 Wireless Bluetooth Headphones with Mic Foldable Noise Cancelling,792.0,4.0,129,420,headphones,50.50505050505051,Mid-Range,0
P47 Wireless Headphones Bluetooth Stereo Head phones Foldable Headset with Mic Wireless Built-in Mic compaible for all Android Devices and PC,456.0,5.0,4,18,headphones,109.64912280701753,Budget,0
New Special Offer P47 New Multifunctional Noise Cancelling+FM+Mic +Wired Double Mode Mic  Headphones for All Phones,792.0,4.0,35,115,headphones,50.50505050505051,Mid-Range,0
Original Mini Wireless bluetooth handfree Earbuds Wireless Headphones Mini Stereo In-Ear   Cancelling Microphone For All  Devices,232.0,3.5,14,55,headphones,150.86206896551724,Budget,0
Single Ear Headphone Mini Ear Clip Painless Wearing Car Sports Business Open Bluetooth Earphones,399.0,5.0,4,23,headphones,125.31328320802004,Budget,0
Headphone P47 with Pop Window Over The Ear Wireless Bluetooth Headphone Support Sd Card,729.0,4.0,4,24,headphones,54.869684499314126,Mid-Range,0
"Bluetooth TWS Wireless Headset, Premium Sound, Hands-Free, Noise-Canceling, Universal Compatibility",616.0,5.0,3,10,headphones,81.16883116883116,Mid-Range,0
Air Buds M10 Wireless Earbuds - 3500mAh Extended Battery HiFi Stereo Sound Bluetooth Headphones,486.0,4.0,3,15,headphones,82.3045267489712,Budget,0
"Cat Ear Wireless Bluetooth Headphones with LED Lights, HiFi Sound, Foldable Design, Compatible with Mobile Phones, PC, and Laptop",1499.0,4.0,7,36,headphones,26.6844563042028,Premium,1
Super Sound Neckband_Best Sports Neckband_water Resistance_ HEO5 Neckbands_Lenovo Neckband_ Long Lasting battery timing_Hifi Stereo Sounds quality with Heavy Bass_ Neckband Headset,699.0,4.0,76,392,headphones,57.22460658082976,Mid-Range,0
"PRO RGB Gaming Headphones – Premium Stereo Surround Sound Headset with Noise-Canceling MIC, LED Light Effects, Ergonomic Over-Ear Design for Ultimate Comfort, Perfect for PC & Laptop Gaming",1472.0,4.0,112,499,headphones,27.17391304347826,Premium,1
P47 Bluetooth Foldable Headset with Microphone Support FM Radio TF for PC TV Smart Phones & Tablets Etc,792.0,4.0,69,246,headphones,50.50505050505051,Mid-Range,0
Wireless Bluetooth Earphones Neckband Style Sports Card Slot Long Battery Life Semi-In-Ear Digital Display Heavy Bass Effect Magnetic Absorption,1119.0,4.0,7,28,headphones,35.746201966041106,Premium,1
Wireless Headphones | 70H Playtime | Bluetooth 5.0 | 40mm Drivers | Dual Pairing | AUX Support | Long Battery Over-Ear Headphones,3899.0,4.3,0,0,headphones,11.028468838163631,Premium,1
"Pro - III RGB Gaming Headphones | 360° Surround Sound | Noise Cancelling Microphone | Soft Ear Cushions | In-Line Volume Controls | LED Lights | RGB Gaming Headset for PC, PS4, Xbox One, Laptop, Mobile & More - Unique Mall",1477.0,4.0,101,360,headphones,27.08192281651997,Premium,1
"FunBug Gaming Headset Headphone with Noise Cancelling Microphone ~ Over the Ear White Gaming Headphones with Stereo Sound & Bass for Pubg Mobile PC Laptop Computer PlayStation4 Xbox PS4 PS5 Nintendo Switch, OS ~ By FunBug",2892.0,4.0,65,314,headphones,13.831258644536653,Premium,1
Neckband Wireless Headphones Bluetooth Neckband Magnetic Earphones Sport Running Earbuds Waterproof Bluetooth 5.2 Headset With Mic,349.0,4.3,0,0,headphones,123.20916905444125,Budget,0
Magnetic Neckband Headphones Wireless Bluetooth 5.2 Earphones LED Display Headset Sport Noise Cancel Earbuds with Mic,326.0,5.0,3,13,headphones,153.37423312883436,Budget,0
Imported Bluetooth Earphones Wireless Magnetic in Ear Headphones Sport Neckband Neck-hanging TWS Earbuds Wireless Bluetooth Headset with Mic | large Capacity Digital Display Neckband,1038.0,5.0,7,52,headphones,48.169556840077064,Premium,0
Latest High Quality Orignal P47 Wireless Foldable Headphone (Connect with All Smart Cell Phones / Laptops / Computer Systems and Gaming Mode),792.0,5.0,16,68,headphones,63.13131313131313,Mid-Range,0
"M10 , A6s , F2 earbuds Headphones,Handfree,EarPhone, Bluetooth Neckband Magnetic Earphones Sport Running Earbuds Waterproof Bluetooth 5.2 Headset With Mic, SM Trader",363.0,4.3,0,0,headphones,118.45730027548208,Budget,0
"XB450AP Extra Bass Wired Headphones with Mic | Deep Bass, Foldable Design, Comfortable Earpads, Tangle-Free Cable for Mobile & PC",1040.0,4.5,2,34,headphones,43.269230769230774,Premium,0
T-10 Wireless Stereo V4.2 Earphones With Mic Noise Cancelling For All Smartphones Multicolours,299.0,4.0,75,364,headphones,133.77926421404683,Budget,0
HOT Sale Original Lenovo HE05X Bluetooth 5.3 Earphones Sports Headphones Waterproof Wireless HIFI Sound Magnetic Neckband Headset Mic For All Mobile Phone,655.0,5.0,1,6,headphones,76.33587786259541,Mid-Range,0
"P47 Wireless headphones with Microphone Bluetooth Foldable Headset Support FM Radio TF for PC ,TV Smart Phones & Tablets etc.",746.0,4.0,12,28,headphones,53.61930294906166,Mid-Range,0
"Original Gaming Headphones with Microphone ~ Camouflage Headset with Stereo Sound for Mobile, PC, Laptop, Computer, PlayStation4, Xbox ~ Noise Reducing PS4 Headphone with Mic - 3.5mm Wire ~ By Unique Mall",1467.0,4.0,35,150,headphones,27.266530334015,Premium,1
Magnetic Bluetooth 5.2 Neck Band Earphones with LED Display & Noise Cancellation,790.0,5.0,2,0,headphones,63.291139240506325,Mid-Range,0
"Wireless Headphones, P47 Bluetooth Foldable Headset with Microphone Support FM Radio TF for PC TV Smart Phones & Tablets Etc",898.0,4.0,1801,75,headphones,44.54342984409799,Mid-Range,0
"Magnetic Bluetooth 5.2 Neckband Earphones with LED Display & Noise Cancellation, Noise Cancelling Mic, Sweatproof, Siri/Google Assistant Compatible, Intuitive Touch Controls, Lightweight and Compact Design",599.0,4.3,0,0,headphones,71.78631051752922,Budget,0
"Enjoy clear sound and wireless convenience with the P47 Bluetooth Headset. Designed for everyday use, it offers stable connectivity, built-in microphone for hands-free calls, and long battery life. The foldable, lightweight design makes it easy to carry,",740.0,4.3,0,0,headphones,58.108108108108105,Mid-Range,0
"Wired Gaming Headphones with Mic for PS4 Xbox One Switch PC Laptop | Over-Ear Noise Cancelling | Surround Sound | LED Light | Soft Cushion Earmuffs | Gaming Headset for COD, PUBG,",1472.0,4.0,41,267,headphones,27.17391304347826,Premium,1
Wireless 9D Bluetooth Headset NeckHanging Stereo Noise Reduction Universal 5.0 Sports Headset Microphone,847.0,4.3,0,0,headphones,50.76741440377804,Mid-Range,0
Wireless Bluetooth 5.2 Neckband Earphones Magnetic Sports Waterproof TWS with Mic,746.0,4.0,759,40,headphones,53.61930294906166,Mid-Range,0
"Bluetooth 5.2 Earbuds with Magnetic Neckband, LED Display, Noise Cancel & Mic for Active Lifestyles",299.0,4.3,0,0,headphones,143.81270903010034,Budget,0
"Magnetic Lenovo HEO5 X Bluetooth 5.0 Sports Earbuds - Waterproof Neckband, 8H Battery & Calling Noise Cancellation",750.0,5.0,2,0,headphones,66.66666666666667,Mid-Range,0
MZ09 Wireless Bluetooth Headphones | Best Premium Casual USE Headphones in Pakistan | Steric Sound Quality | Long Battery Timing,1499.0,5.0,8,26,headphones,33.3555703802535,Premium,0
Lenovo HE05 Wireless Bluetooth 5.0 Neckband Earbuds Sports Waterproof Headset Hi-Fi Sound Bass In-Ear Earphone,373.0,4.0,11,56,headphones,107.23860589812332,Budget,0
"Wireless Headphones, P47 Bluetooth Foldable Headset with Microphone Support FM Radio TF for PC TV Smart Phones & Tablets Etc",684.0,5.0,1,0,headphones,73.09941520467837,Mid-Range,0
Wireless Headphones Bluetooth 5.2 Neckband Earphones Magnetic Sports Waterproof TWS Earbuds Blutooth Headset With Microphone Mic,666.0,4.0,84,292,headphones,60.06006006006006,Mid-Range,0
Original p47 headphone Wireless Earbuds Invisible Ultra Small Bluetooth Handfree for all cell phones,899.0,4.0,13,96,headphones,44.493882091212456,Premium,0
Cat Ear Wireless Bluetooth Headphones for Girls with LED Light and Microphone,1448.0,4.3,0,0,headphones,29.696132596685082,Premium,1
"P47 On-Ear Wireless Bluetooth Headphones with Volume Control, Microphone, Noise-Isolating, Foldable Design, TF Card & FM Radio Support",799.0,4.0,33,154,headphones,50.06257822277848,Mid-Range,0
【HOT SALE】Premium Magnetic Wireless Earphone Bluetooth Earphone Stereo Sports Waterproof Earbuds Wireless In-Ear Headset With Mic Free Shipping,137.0,4.3,0,0,headphones,313.86861313868616,Budget,0
"【Professional】 Bingle G51 Gaming Headphones Rgb with Mic for PC, Pubg Mobile, PS4, Laptop - 360 Surround Sound Super Bass Vibration Over the Ear Wired Head Phones Headset for Gaming with Noise Cancelling Micophone - By FunBug",1697.0,4.0,998,45,headphones,23.57100766057749,Premium,1
P47 On Ear Wireless Headphones Dynamic Plastic Mobile Phone Earphone with Volume Control / with Microphone / Noise-isolating Headset,749.0,5.0,1,7,headphones,66.75567423230974,Mid-Range,0
"G4 & Pro 4 - M10 and i12 TWS Wireless Bluetooth Earbuds V5.0 with Touch Sensor and Built-in Mic, True Stereo, 10m Transmission, Charging Case, Sports Headset for All Bluetooth Devices - Black",499.0,4.0,25,96,headphones,80.16032064128255,Budget,0
"Lenovo HE05 Bluetooth 5.0 Neckband Earbuds with High Quality Stereo Sound, Intelligent Noise Cancelling for Sports",169.0,4.3,0,0,headphones,254.43786982248517,Budget,0
Techsters T16 Wireless Bluetooth Headphone With Buitin Mic,2699.0,4.0,31,135,headphones,14.820303816228233,Premium,1
Wireless Neckband Bluetooth 5.0 Headphone Wireless Headset With Heavy Bass Stereo Earphones High Quality Magnetic Attraction Intelligent Noise Reduction Cancelling Sports Headset ZF Tech,279.0,4.0,91,361,headphones,143.36917562724014,Budget,0
MONSTER headphone 5.1 Gaming Headphones USB Gaming Headset VIRTUAL SURROUND USB AUDIO INTERFACE WIRED GAMING HEADSET WITH MICROPHONE ( RGB LIGHTS),2099.0,4.0,84,300,headphones,19.056693663649355,Premium,1
"🔥 TWS Wireless Earbuds with LED Display – ENC Noise Cancellation, HiFi Stereo, Bluetooth 5.3 Ear Buds | Airpods woth Mic",747.0,4.0,143,458,headphones,53.5475234270415,Mid-Range,0
"Sony Wireless Headphones with Auto NC Optimizer, 30-Hour Battery & Alexa Voice Control (Midnight Blue)",2400.0,4.3,0,0,headphones,17.916666666666668,Premium,1
Wireless Earphone Bone Conduction Sport Swimming Bluetooth Compatible Headphone Hand-free With Mic For Running X7 Earbuds,2233.0,4.3,0,15,headphones,19.256605463502016,Premium,1
"AirPods Max Wireless Over-Ear Headphones, Active Noise Cancelling, Transparency Mode Bluetooth Headphones",2999.0,5.0,6,17,headphones,16.672224074691563,Premium,0
Ibex YG12 Bluetooth 5.4 Neckband Headset With Voice Changer Earphones_HiFi Sound Quality with Heavy Deep Bass_ENC Noise Cancellation_LED Smooth Screen Display_50H Playtime,1695.0,4.3,0,0,headphones,25.36873156342183,Premium,1
New Original T75 Bone Conduction Wireless Bluetooth 5.3 Headphones Sports Earphones HiFi Sound Quality Waterproof TWS Headset,1120.0,5.0,1,0,headphones,44.64285714285714,Premium,0
"FunBug Gaming Headset Headphone with Noise Cancelling Microphone ~ Over the Ear White Gaming Headphones with Stereo Sound & Bass for Pubg Mobile PC Laptop Computer PlayStation4 Xbox PS4 PS5 Nintendo Switch, MAC OS ~ By FunBug",2997.0,5.0,1,0,headphones,16.68335001668335,Premium,0
"【High-Quality】 Gaming Headset with Noise-Canceling Mic - Gaming Headphones with Breathable Foam Earpads, Stereo Sound Bass & RGB Lighting - Compatible with Pubg Mobile, PC, Laptop, Computer, Xbox, PS4, PS5, Nintendo Switch - By FunBug",1697.0,4.0,301,12,headphones,23.57100766057749,Premium,1
Neckband Wireless Bluetooth 5.4 Headphones HiFi Sound Neckband Earphones Sports Gamer Headsets Noise Reduction,1578.0,4.0,19,47,headphones,25.348542458808616,Premium,1
Ibex YG12 Bluetooth 5.4 Neckband Earphones HiFi Sound ENC Noise Cancel LED Display 50H Playtime,186.0,5.0,1,0,headphones,268.81720430107526,Budget,0
P9 Matrix Wireless Bluetooth 5.0 Headphone with Pro HD Mic | High Fidelity Over-Ear Gaming Headset | Smart Foldable Noise Isolation Wireless Earphones Support Micro SD TF Card & 3.5mm AUX Cable for Laptop Desktop PC Gym Travel - Unique Mall,992.0,4.0,30,122,headphones,40.32258064516129,Premium,0
P47 On Ear Wireless Headphones Dynamic Plastic Mobile Phone Earphone with Volume Control / with Microphone / Noise-isolating Headset,799.0,4.0,23,54,headphones,50.06257822277848,Mid-Range,0
"PRO Gaming Headphones for PC Xbox One, PS4, PS5, Stereo Sound and with Flexible Mic, 3.5mm AUX & Mic Wired, Adjustable Headband Over-Ear Headphones for Laptop PC Smartphones  - By Al-Buraq Tech Zone",1465.0,4.3,0,0,headphones,29.351535836177472,Premium,1
"HOCO MA-730 Wireless Bluetooth 5.0 Neckband Earphones, Long Battery Life, Sports Waterproof, Magnetic In-Ear Headset, Deep Bass Stereo Sound with HD Mic, Comfortable Handsfree Earbuds for Android & iOS",989.0,4.3,0,0,headphones,43.47826086956522,Premium,0
Lenovo HE05 Wireless Neckband Bluetooth 5.0 Headphone Wireless Headset With Heavy Bass Stereo Earphones High Quality Magnetic Attraction Intelligent Noise Reduction Cancelling Sports Headset,279.0,5.0,2,8,headphones,179.21146953405017,Budget,0
"kids headphones, wired headphones for kids,JLab Kids Wired Headphones with Safe Volume Limiter 85dB – On-Ear School Headphones for Kids | Adjustable & Comfortable | 3.5mm Jack for Mobile, Tablet, Laptopot Blue Grey / Pink ,safe volume headphones,jlab kids",934.0,5.0,18,26,headphones,53.533190578158454,Premium,0
Wireless Headphones Bluetooth Neckband Magnetic Earphones Sports Running Earbuds Bluetooth 5.2 with Mic,399.0,5.0,6,40,headphones,125.31328320802004,Budget,0
New S109 Wireless Bluetooth Headset Hanging Ear Unisex Driving Can Answer The Phone Long Standby 1 Minute Fast Charge Single Headset,204.0,4.3,0,0,headphones,210.78431372549016,Budget,0
"RGB - KUBITE Original Gaming Headphones with 40mm Drivers, 3D Surround Sound, Noise-Canceling Mic, Soft Over-Ear Design, Camouflage Desert Green & Gray, for PUBG Mobile, PS4, Xbox, PC, Laptop by Unique Mall",1482.0,4.0,40,176,headphones,26.99055330634278,Premium,1
"Wireless Bluetooth Headphones | HiFi Sound, Deep Bass, Long Battery, Foldable Design",1580.0,4.3,0,0,headphones,27.21518987341772,Premium,1
Air31 Wireless Headphones,659.0,5.0,4,0,headphones,75.87253414264036,Mid-Range,0
Cat Headphones for Girls | P47M Bluetooth Wireless Headphone for Mobile PC & Laptop,1184.0,4.0,116,576,headphones,33.78378378378378,Premium,1
Magnetic Earphones D18 Wireless Neckband – Waterproof Sports Headphones – Bluetooth 5.3 Earbuds with Microphone & SD Card Slot – Compatible with Xiaomi | Blendzii Outleex®,349.0,4.0,7,52,headphones,114.61318051575931,Budget,0
Neckband Wireless Headphones Bluetooth Neckband Magnetic Earphones Sport Running Earbuds Waterproof Bluetooth 5.2 Headset With Mic,326.0,5.0,2,10,headphones,153.37423312883436,Budget,0
M10 TWS Wireless Headphones Earbuds Touch Control Bluetooth-Compatible 5.1 / 5.0 Earphones Wireless Headset Waterproof 9D Hifi Quality Earbuds LED Display Wireless Earphone With Charging Box Sound Like f9 m90 N35 Best For Gaming Pubg Gym Airdots.,699.0,4.0,27,103,headphones,57.22460658082976,Mid-Range,0
P47 Wireless Bluetooth Headphones with Built-in Mic Foldable Stereo Headset for Smart Phones Android Devices PC & Laptops Noise-Cancelling HD Sound Hands-Free Calls Wireless Music Playback Portable Over-Ear Headphones for Gaming & Travel,799.0,4.0,253,425,headphones,50.06257822277848,Mid-Range,0
Magnetic Neckband Headphones Wireless Bluetooth 5.2 Earphones LED Display Headset Sport Noise Cancel Earbuds with Mic,933.0,3.0,3,11,headphones,32.154340836012864,Premium,0
STN-28 Cat Wireless Headphones Bluetooth Over-Ear Headset with Cute Cat Ears,994.0,4.0,160,757,headphones,40.24144869215292,Premium,0
Magnetic Neckband Headphones Wireless Bluetooth 5.2 Earphones LED Display Headset Sport Noise Cancel Earbuds with Mic,466.0,5.0,2,11,headphones,107.29613733905579,Budget,0
New Latest Bluetooth 5.4 Wireless Screen Neckband Headset Earphones With LED Display Screen_Super HiFi 9D Stereo Music Mode_380 Day Standby_ UP TO 500H ENDURANCE TIME,1555.0,4.3,0,0,headphones,27.65273311897106,Premium,1
"New  Wireless  Bluetooth Earbuds - 1 Min Fast Charge, Long Standby, Handsfree for Driving & Calls",583.0,4.3,0,0,headphones,73.75643224699829,Budget,0
Original T75 Bone Conduction Wireless Bluetooth 5.3 Headphones Sports Earphones HiFi Sound Quality Waterproof TWS Headset,653.0,4.3,0,20,headphones,65.84992343032158,Mid-Range,0
"Gaming Headphones with High-Quality Noise Cancelling Mic for PC, PS4, PS5, Xbox One, and Nintendo Switch - 360° Surround Sound, Powerful Deep Bass, Eye-Catching Red LED Lights, Comfortable Over-Ear Wired Headset, Ideal for Streaming",1487.0,3.5,6,31,headphones,23.537323470073975,Premium,1
P9 Wireless Bluetooth Headphones With | Mic Noise Cancelling Headsets Stereo Sound Earphones | Sports Gaming Headphones Supports,249.0,4.0,7,30,headphones,160.64257028112448,Budget,0
【PRO】 Gaming Headset with RGB Microphone for Nintendo Switch PS5 PS4 PC Gaming Headsets / Head Phone / Headphone Over Ear Noise Canceling Mic Wired Mode for Xbox PC,1479.0,4.0,159,616,headphones,27.045300878972277,Premium,1
Fashion Classic Vintage-80's Headphones Sports Portable Wired Walkman ABS Adjustable Wired Small Headphones MP3,1172.0,4.3,0,89,headphones,36.68941979522184,Premium,1
"Lenovo HE05 Bluetooth 5.0 Neckband Earbuds with High Quality Stereo Sound, Intelligent Noise Cancelling for Sports",186.0,4.3,0,0,headphones,231.1827956989247,Budget,0
P47 Wireless Headset Bluetooth Foldable Headphone (Connect with All Smart Cell Phones / Laptops / Computer Systems).,775.0,4.0,452,27,headphones,51.61290322580645,Mid-Range,0
Headphones Bluetooth Neckband Magnetic Earphones  Sports Running Earbuds Bluetooth 5.2 with Mic,186.0,4.0,45,281,headphones,215.05376344086022,Budget,0
Open Ear Headphones Clip On Ear Earbuds Hands-Free Noise Canceling Ear Clip For Cell Phone PC Tablet Laptop Computer,399.0,5.0,1,0,headphones,125.31328320802004,Budget,0
New Wireless Earphone Bluetooth 5.0 Waterproof Sports Headset Earplugs Sound Magnetic Neckband Headset Sports Ear-hook Headphone,373.0,4.3,0,0,headphones,115.28150134048256,Budget,0
G02 Sports Neckband LED Digital Display Wireless BT Headphone Magnetic Bass Headset with Handsfree Earbuds BY MT's Collection,279.0,4.3,0,0,headphones,154.12186379928315,Budget,0
2025 New  Smart Watch 2.45inch 4G Network GPS Wifi Camera 64G ROM Storage Google Play Small Mobile Phone Smartwatch Women YouTube play store TikTok song All social media working,2021.0,3.5,3,42,watches,17.318159327065807,Premium,1
Aura Watch for Men Stylish - Original Aura Arabic Dial Watch - Luxury Business Watch for Gents - Aura Watch Black and Blue - Fashionable Aura Watch for Girls and Boys - High Quality Aura Watches with Box - Aura Perfume Design Watch - New Arrival Watch,517.0,4.0,32,240,watches,77.36943907156673,Budget,0
"10 in 1 STRAP
ULTRA WATCH
49 MM
SPACE ALUMINIUM CASE",2564.0,4.0,9,94,watches,15.600624024960998,Premium,1
Watch Touch Screen With Bluetooth Calling/Good Battery Life,1799.0,5.0,9,100,watches,27.793218454697055,Premium,0
"Unisex Waterproof Digital Display Watch - 1 Pc, Square Case with Textured Strap",800.0,4.3,0,12,watches,53.74999999999999,Mid-Range,0
4g Sim Smart Watch Orignal WhatsApp _facebook_ Android _yotube_Dual camera _instagram_tiktok_playstore_google chrome_ 2months Sim working_Ram1/16_and both social media platforms working perfectly,1645.0,3.5,3,60,watches,21.27659574468085,Premium,0
"Infinity 2.02"" AMOLED Display
• Notification popup mode
• Making & Answer Calls via Bluetooth v5.2.",1780.0,4.3,0,19,watches,24.157303370786515,Premium,0
"DZ09 Premium Bluetooth Smart Watch with HD Display, Camera, SIM Support, Pedometer & Notifications for Android Phones",1890.0,4.5,3,40,watches,23.80952380952381,Premium,0
Smart,1699.0,4.0,6,73,watches,23.543260741612713,Premium,0
NEW 4G Android H18 Smart Watch 1.95 inch Large Spherical Screen Camera Video Call With 1100mAh Big Battery Outdoor Sport Men 3 sold,3699.0,5.0,5,30,watches,13.517166801838336,Premium,0
"LCZ DZ09 Smartwatch |

Touch Screen Display

| Sim Supported |

Calling and Camera |

PTA

Approved |

Smart Watch",1930.0,4.3,0,11,watches,22.279792746113987,Premium,0
Ultra All Social Media Apps (Whole Sale Rate),1699.0,4.3,0,10,watches,25.309005297233668,Premium,0
"The 4G LTE Android Watch Phone | 4GB+64GB Memory | Google Play Apps, WiFi, GPS & Bluetooth | Advanced Health Monitoring & Voice Calls
3. The ""Concise & Premium",1739.0,5.0,2,19,watches,28.75215641173088,Premium,0
"Best 4G Smartwatch | Nodizz N60 Amoled Wifi Smartwatch/Nodizz / Google, Playstore, Facebook, Whatsapp, Youtube, Tiktok, Android Games, Google Maps,",2236.0,4.3,0,0,watches,19.23076923076923,Premium,0
V16 Round Dial Touch Screen Smart Watch ⌚✨,2200.0,4.3,0,5,watches,19.545454545454543,Premium,0
"Watch with Earbuds, 2.02"" HD Screen，2 in 1 Watches for Women, Waterproof Fitness Tracker Watch with Wireless Earphone Compatible for Android iOS with Sports Monitor Sleep/Black",3799.0,4.3,0,0,watches,11.318768096867597,Premium,0
"Black Arabic Aura Watch For Men – Elegant Design, Arabic Numerals, Premium Quartz Movement ✅",506.0,4.0,627,28,watches,79.05138339920948,Budget,0
Dz09 smart watch for man & women sim supported android watch calling and travelling,2319.0,4.3,0,30,watches,18.542475204829667,Premium,0
"Black Arabic Aura Watch For Men – Elegant Design, Arabic Numerals, Premium Quartz Movement ✅",532.0,4.0,368,18,watches,75.18796992481202,Budget,0
T3000 Ultra,2475.0,4.3,0,0,watches,17.373737373737374,Premium,0
High Quality Men's Watches Stainless Steel Waterproof Watch for Man women,531.0,4.0,1230,62,watches,75.32956685499057,Budget,0
Gifts Surprise & Big Offer Buy A Watch with Luck Premium Quality Watch,1499.0,5.0,2,0,watches,33.3555703802535,Premium,0
"100% Imported High Quality watch for men , boys new design 2025",698.0,4.0,18,107,watches,57.306590257879655,Mid-Range,0
Aura watch Arabic Aura Watch marble Design Black and White Aura watch,629.0,4.0,578,30,watches,63.593004769475364,Mid-Range,0
"Premium quality watch with earbuds and seven straps,back case and charger| Multi function watch that can connect with Bluetooth 5.0 | premium quality earbuds with high quality sound experience",4500.0,4.3,0,0,watches,9.555555555555555,Premium,0
New led watch for boys and girls,199.0,5.0,25,98,watches,251.25628140703517,Budget,0
"Watch, 2.01"" AMOLED Curved Touchscreen Fitness Watch for Men Women, IP68 Waterproof, 24/7 Heart Rate/Sleep Monitor, Fitness Tracker with Pedometer, 120+ Sports Modes, Smartwatch for Android iOS",3899.0,4.3,0,0,watches,11.028468838163631,Premium,0
"HMT DZ09 Smartwatch |

Touch Screen Display

| Sim Supported |

Calling and Camera |

PTA

Approved |

Smart Watch",1899.0,4.3,0,9,watches,22.643496577145864,Premium,0
"“Premium Hybrid Men’s Wristwatch – Rotating Rim Dial, Multi-Function Modern Design, Waterproof Metal Strap”Look Like Smart Watch",569.0,4.0,18,59,watches,70.298769771529,Mid-Range,0
"“WHEEL WATCH Premium  Men’s Wristwatch – Rotating Rim Dial, Multi-Function Modern Design, Waterproof Metal Strap”Look Like Smart Watch",1899.0,4.0,55,261,watches,21.0637177461822,Premium,0
Brown leather Luxury Watch For Unisex Rs. 19,299.0,4.0,83,431,watches,133.77926421404683,Budget,0
XW4L INFINIX WATCH 2.04 HD screen  IP68 water resistant  13 months warranty,3000.0,4.3,0,0,watches,14.333333333333334,Premium,0
Round led watch W90,260.0,4.0,10,67,watches,153.84615384615387,Budget,0
Black Arabic Aura Watch For Men Stylish Aura Watch 100% Original Watch 7 straps Smartwatch,544.0,4.0,934,38,watches,73.52941176470588,Budget,0
Aura watch Arabic Aura Watch marble Design Black and White Aura watch,650.0,4.0,5,47,watches,61.53846153846154,Mid-Range,0
Dz09 smart watch for man & women sim supported android watch calling and travelling,1899.0,4.3,0,10,watches,22.643496577145864,Premium,0
Aura Watch Marble Design Black and White Shade Dial Stylish Aura Watch Original Amazing Smart Watch - Elegant New Black Arabic Aura Watch Full Black Dial in Fiber and Metal With Box,521.0,3.5,7,85,watches,67.17850287907869,Budget,0
"All in one Smartwacth, Sim supported, Memory card (sd card) supported, wifi supported and coonectivity, camera supported, sim wali, calling watch, bluetooth supported, youtube, whatsapp, facebook, and all social media supported, fitness tracking,",2238.0,4.3,0,15,watches,19.213583556747096,Premium,0
Watch 8 Round Dial Smart Watch with Logo and AMOLED Display in Premium Quality Round Dial Design,5499.0,4.3,0,0,watches,7.819603564284415,Premium,0
New GT1 Smart Watch Multiple Sport Mode Sleep Monitoring Information Push Bluetooth Calling,1299.0,5.0,23,90,watches,38.49114703618168,Mid-Range,0
"A9 PRO Wireless Bluetooth Earbuds - Digital Display, ANC + ENC, Wireless Charging",1200.0,5.0,3,6,watches,41.666666666666664,Mid-Range,0
Samsung Galaxy Active 2 New Model 2024 With Chain Strap,4299.0,5.0,5,16,watches,11.630611770179112,Premium,0
B41 Real Stepcount Smart Watch Multi Function Step Connected Smart Watch For Men And Women Suitable For And Android,1778.0,4.3,0,57,watches,24.18447694038245,Premium,0
Aura Watch for Men Original Black - Arabic Numerals Dial Watch - Luxury Aura Watches - Aura Watch for Boys Stylish - New White Dial Aura Watch - Aura Watch Arabic Original - Fashion Gents Watch - Aura Watch with Comfortable Strap - Arabic Number Watch,517.0,5.0,7,51,watches,96.71179883945842,Budget,0
Classic Luxury Watch for Men / Boys - Stylish Stainless Steel Mens Watches Arabic Watch,399.0,4.0,254,15,watches,100.25062656641603,Budget,0
Silicone LED Watch with Acrylic Case,215.0,4.0,34,174,watches,186.04651162790697,Budget,0
DZ09 Android Multifunctional Smart Watch 1.5inch OLED Touch Screen IP67 Waterproof Card Insert Call Sports,1899.0,4.3,0,10,watches,22.643496577145864,Premium,0
"GT7 Pro Smartwatch 2024 Edition - Bluetooth Calling Watch with High Resolution HD Display & Full Metal Body - Professional Sports Activity Tracker, Heart Rate & SpO2 Oxygen Sensor - Music Control & Voice Assistant Fashionable Fitness Smart Band",1999.0,5.0,1,5,watches,25.012506253126563,Premium,0
Aura Watch Marble - Aura Watch For Men - Aura Watch Black - Aura Watch Arabic - Aura Watch White - Aura Watch For Men Luxury Men - Aura Watch For Boys - Aura Watches - Ghari - Unisex - Fiber Watch,599.0,5.0,27,190,watches,83.47245409015025,Mid-Range,0
Dz09 smart watch for man & women sim supported android watch calling and travelling,2190.0,3.0,1,16,watches,13.698630136986301,Premium,1
Online Sale Black Stainless Steel Crystal Wrist Watch Simple Quartz Watch Men Women,617.0,4.0,621,27,watches,64.82982171799027,Mid-Range,0
Black Arabic Aura Watch For Men Stylish Aura Watch 100% Original Watch,530.0,4.0,21,162,watches,75.47169811320755,Budget,0
Black Ora Watch | Black Arabic Aura Watch For Men,630.0,5.0,2,24,watches,79.36507936507937,Mid-Range,0
Black Arabic Aura Watch For Men Stylish Aura Watch 100% Original Watch Amazing Smart Watch Latest Aura Design Aura Watch – White & Black Marble Color – Premium Trending Fashion Wrist Watch for Men & Women – Elegant Dial – Stylish High Class Look,599.0,4.0,39,184,watches,66.7779632721202,Mid-Range,0
Mini GPS Locator Tracker Air tag Tracking Anti-Lost Device Locator Tracer For Pet Dog Cat Kids Car Wallet Key Collar Accessories,972.0,4.3,0,20,watches,44.23868312757201,Mid-Range,0
The A58 Plus 10-in-1 Combo is designed to make every woman feel special. 💖,2399.0,4.3,0,0,watches,17.924135056273446,Premium,0
Westpoint HALO WP-5000 Smart Watch Bluetooth Calling Fitness Tracker HD Display Waterproof Smartwatch for Men & Women,6499.0,4.3,0,0,watches,6.616402523465148,Premium,0
"Black Arabic Aura Watch For Men – Elegant Design, Arabic Numerals, Premium Quartz Movement ✅",517.0,3.5,7,36,watches,67.69825918762089,Budget,0
Y56 Smart Watches Men Women Bluetooth Smartwatch Round Touch Smart Bracelet Fitness Bracelet Connected Watches for IOS Android,1887.0,5.0,1,141,watches,26.497085320614733,Premium,0
White Marble Arabic Aura Unisex Watch | Luxury Marble Effect Dial Wrist Watch with Arabic Numerals | Stylish Fiber Strap Fashion Watch for Men & Women | Elegant Modern Unisex Timepiece in Pakistan Best Gift,663.0,4.0,43,208,watches,60.3318250377074,Mid-Range,0
Watch for Boys Digital Watch Waterproof Stainless Steel Analock Watch for Men Watch Mens & Womens Watch KCO A159WA-N1DF Classic Black Chrono Premium Quality Casual Wrist Watch Numerals Butterfly Clasp Stealness Steel Chain Imported Gift Watch,349.0,5.0,2,8,watches,143.26647564469914,Budget,0
Black Arabic Aura Watch For Men Stylish Aura Watch 100% Original Watch Amazing Smart Watch,680.0,4.0,204,515,watches,58.8235294117647,Mid-Range,0
New Design Stainless Steel Quartz Wristwatch For Men,699.0,4.0,17,93,watches,57.22460658082976,Mid-Range,0
Stainless Steel Quartz Wristwatch for Men,339.0,4.0,319,15,watches,117.99410029498524,Budget,0
HOT DEAL NO 1 Full Diamond Touch Screen LED Watch Steel Chain with Diamonds Ladies Korean watches for girls Ins Girls Alloy Ribbon Streamer Watch Female Accessories ladies watch best Gift for girls / Women,450.0,5.0,5,25,watches,111.11111111111111,Budget,0
Classic Men’s Watch – Gold Plated Bezel with Steel Bracelet,897.0,5.0,7,78,watches,55.74136008918618,Mid-Range,0
Elegant Black/Gold Stainless Steel Quartz Watch with Calligraphy Design for Men and Women,597.0,4.0,1637,83,watches,67.00167504187604,Mid-Range,0
"Arabic Aura Premium Men's Watch – Elegant Quartz Wristwatch | Stylish & Durable Design - For Children,Kids,Men,Women,Unisex | 100% Orignal",560.0,5.0,8,55,watches,89.28571428571428,Budget,0
SIM Memory and Camera Supported Smart Watch DZ09 Price in Bangladesh,1899.0,4.3,0,0,watches,22.643496577145864,Premium,0
Most Trending Black Aura Watch For Men 100% Original Watch With New Design & 7 straps Smartwatch,539.0,4.0,365,19,watches,74.21150278293136,Budget,0
Pink Arabic Aura watch For Womens New Arabic Design Waterproof in Quartz Movement Trending New Color Pink Aura Watch 100% Original Watch Black Arabic Aura Watch For Men Stylish Aura Watch 100% Original Watch Amazing Smart Watch Black Aura Watch,824.0,4.3,0,0,watches,52.18446601941747,Mid-Range,0
Dz09 smart watch for man & women sim supported android watch calling and travelling,1960.0,4.3,0,0,watches,21.93877551020408,Premium,0
Aura Watch for Men Original - Luxury Arabic Dial Wrist Watch for Boys - Genuine Leather Strap Watch - Aura Black and White Quartz Watch for Gents - Premium Golden Watch with Box - Water Resistant Fashion Watch for Men - Stylish Aura Watches for Kids,517.0,4.0,13,49,watches,77.36943907156673,Budget,0
"Premium White Arabic Aura Watch – Stylish Analog & Digital Smart Wristwatch for Men & Women, Elegant Design for Casual & Formal Use",1099.0,4.3,0,0,watches,39.12647861692447,Mid-Range,0
Aura Watch Blue - Aura Watch For Men - Aura Watch Black - Aura Watch Arabic - Aura Watch Fiber - Aura Watch For Men Luxury Men - Aura Watch For Boys - Aura Watches - Ghari - Unisex - Fiber Watch,629.0,4.0,20,86,watches,63.593004769475364,Mid-Range,0
"Branded Matt Chain Watch for Men – Black Matte Chain, Round Dial, Formal Wear",579.0,4.0,51,311,watches,69.08462867012089,Mid-Range,0
Aura Marble Design Most Trending 2026 Aura Watch Premium Quality Aura watch Smart watch,999.0,4.0,22,118,watches,40.04004004004004,Mid-Range,0
DZ09 Smartwatch for Men & Women | New Smart watch | Good Battery timing with SD card support Upto 32GB | Smartwatch,2675.0,4.3,0,0,watches,16.074766355140188,Premium,0
Mini GPS Bluetooth 5.0 Tracker AntiLost Device Round Pet Kids Bag Wallet Tracking Smart Finder Locator,1068.0,4.3,0,127,watches,40.262172284644194,Mid-Range,0
Binary Led Watch Creative Waterproof Business Electronic Watch Mens Trend Luminous  Sports Couple Date Time Display Watch,2188.0,4.3,0,20,watches,19.652650822669102,Premium,0
Quartz men's watch trend market watch style locomotive concept watch men,663.0,4.0,14,50,watches,60.3318250377074,Mid-Range,0
Y56 New Smart Watch Men Women Bluetooth Smartwatch Touch Smart Bracelet Fitness Bracelet Connected Watches for Ios Android D20,1930.0,4.3,0,144,watches,22.279792746113987,Premium,0
Robot Action Figures Transformation Toys Student LED Digital Watch Xmas toy With Battery,702.0,3.0,8,33,watches,42.73504273504274,Mid-Range,0
Pedometer Watch With LCD Display Walking Fitness Simple Operation Tracker Wrist Band And Digital Step Counter,984.0,4.3,0,10,watches,43.699186991869915,Mid-Range,0
t500 Bluetooth smart watch,1480.0,4.3,0,0,watches,29.054054054054053,Premium,0
M8 Men And Women Smart Bracelet,1476.0,5.0,1,11,watches,33.87533875338754,Premium,0
Latest Style Fashionable New Smart Watch with Leather Strap - for Men,295.0,4.0,15,92,watches,135.59322033898306,Budget,0
Stainless Steel Stylish Watch For Men - New Arrival,563.0,4.0,45,693,watches,71.04795737122558,Budget,0
Arabic Aura Watch 2025 Black Modern Creative Design Waterproof Stainless Steel Chain Quartz Movement,549.0,4.3,0,0,watches,78.32422586520947,Budget,0
"5G/4G Android Smart Watch HD Camera GPS WiFi 4+64GB RAM ROM Google Play Download APPS via Play Store 5G/4G Android Smart
sim Watch",31253.0,4.3,0,0,watches,1.3758679166799985,Premium,0
Mini Bluetooth 5.0 Pet tracker anti loss devicetracker GPS Built in Speaker for Airtag Smart tag Air tag Tracker for Ios Android,1316.0,4.3,0,14,watches,32.67477203647416,Mid-Range,0
Classic Black Chain Strap Stainless Steel Wrist Watch For Men / Decent SB FIT Chain Formal Watches For Boys and girls,555.0,4.0,62,292,watches,72.07207207207207,Budget,0
"DZ09 Smartwatch | Touch Screen Display | Sim

Supported | Calling and Camera Camera & MemoryCard Suported ||

Smart Watch",2020.0,3.0,1,0,watches,14.851485148514852,Premium,1
ULTRA 10 in 1 SMART WATCH 49MM DIAL 2.12 INCHES SCREEN WITH 10 STRAPS,2499.0,4.3,0,0,watches,17.20688275310124,Premium,0
"M10 Earbuds F2/Air31 3500 Mah Original, M10 Earbuds 3500 Mah waterproof,Wireless Bluetooth EarBuds _ with Super Sound & High Quality Touch Sensors True Stereo Headphones with Built in Mic 10m Transmission Bluetooth Wireless Earbuds a",309.0,4.3,0,0,watches,139.15857605177993,Budget,0
Luxury One New Smartwatch  | MP3 Music Player | SD card Supported | Sleep Monitor,3349.0,4.3,0,7,watches,12.83965362794864,Premium,0
"Zero®  Luna Smart Watch | 1.39” TFT Display, Bluetooth Calling, 100+ Watch Faces | IP67 Waterproof, SpO2 & Heart Rate Monitor | Best Price Smartwatch for Men & Women, IOS & Android",5494.0,4.0,1540,56,watches,7.280669821623589,Premium,1
C9 ULTRA 2 GOLD EDITION 49MM WATCH WITH 2 STRAPS IN BOX,2599.0,4.3,0,0,watches,16.54482493266641,Premium,0
Original Aura Watch for Men - Arabic Dial Luxury Watch - Aura Watch for Boys Kids - Luxury Golden and Silver Aura Watch - Aura Watch Black Marble - Stylish Aura Watches for Men with Box - Water Resistant Quartz Watch - Aura Arabic Original - Men's Gift,517.0,4.3,0,9,watches,83.17214700193423,Budget,0
20/22 mm Silicon Rubber Straps For Smart Watches,349.0,4.0,40,212,watches,114.61318051575931,Budget,0
b33 smart screen heart rate sleep monitor multiple sports mode smartwatch man and for women,1500.0,4.3,0,0,watches,28.666666666666668,Premium,0
Aura Watch Arabic Original for Men - Luxury Black Watch with Marble Dial - Premium Quality Adjustable Strap Watches - Aura Watch for Boys Kids - The Art of Persuasion Style Fashion Watch - New Aura Watch White and Green - Elegant Men’s Aura Watch with Box,517.0,5.0,2,34,watches,96.71179883945842,Budget,0
20/22 mm Metal Magnetic Chain Straps for Smart Watches,599.0,4.0,23,103,watches,66.7779632721202,Mid-Range,0
Stainless Steel Quartz Wirstwatch For Men,699.0,4.0,29,131,watches,57.22460658082976,Mid-Range,0
Aura Watch Arabic Original - Luxury Green Marble Dial Analog Watch for Men - Comfortable Strap Watch for Boys - High Precision Quartz Watch for Gents - Aura Brand Watch with Gift Box - Fashionable Arabic Numbering Watch - Trending Aura Watch for Men,699.0,4.0,5,46,watches,57.22460658082976,Mid-Range,0
"A59 Plus Ladies Smartwatch Set – IPS Display, Bluetooth Calling, Extra Straps, Analog Watch & Jewellery Gift Set",2399.0,4.3,0,8,watches,17.924135056273446,Premium,0
JQ-1122 RC Helicopter for Kids & Beginners – Easy-to-Fly Infrared Induction Drone | Rechargeable USB Flying Toy with LED Lights | Durable Anti-Collision Design for Ages,1399.0,4.3,0,0,watches,30.736240171551106,Mid-Range,0
Black Arabic Aura Watch  | Premium Men’s Wrist Watch in Black Color | Stylish Aura Watch in White Color |,597.0,4.0,76,295,watches,67.00167504187604,Mid-Range,0
Best New Quality Rubber Straps Digital Sports Watch for Men & Watch For Girl,949.0,5.0,1,0,watches,52.68703898840885,Mid-Range,0
Aura Arabic Watch Original for Men - Luxury Blue Marble Dial Analog Watch - High Quality Watch for Boys - Aura Gents Watch with Premium Strap - Elegant Arabic Number Watch for Men - New Arrival Aura Watches - Best Birthday Gift Watch with Original Box,527.0,5.0,3,11,watches,94.87666034155598,Budget,0
Black Arabic Aura Watch For Men Stylish And Trendy Watch For Boys 100% Fiber smart,569.0,5.0,7,18,watches,87.87346221441126,Mid-Range,0
"A59 Plus Ladies Smartwatch Gift Set – Bluetooth Calling, Stylish Straps, Analog Watch & Jewellery Combo",2499.0,5.0,1,9,watches,20.008003201280513,Premium,0
Luxury Watch for Boys Stylish New Design 2026 - Watches for Men Luxury Fashion - Waterproof Analog Quartz Wrist Watch for Boys Digital Smart Style - Branded Watch for Mens - Fancy Watch for Girls Stylish with Bracelet - Best Gift for Boys & Men,616.0,4.3,0,6,watches,69.8051948051948,Mid-Range,0
"White Aura Stylish Smart Wrist Watch for Men & Women – Elegant Analog & Digital Design, Perfect for Casual & Formal Wear",650.0,5.0,35,159,watches,76.92307692307693,Mid-Range,0
"Black Arabic Aura Watch For Men – Elegant Design, Arabic Numerals, Premium Quartz Movement ✅",521.0,4.0,75,330,watches,76.77543186180422,Budget,0
"Ø§Ø³Ù…Ø§Ø±Ù¹ ÙˆØ§Ú† Ù…Ø±Ø¯ÙˆÚº Ú©Û’ Ù„Ø¦Û’ Ø¨Ù„ÙˆÙ¹ÙˆØªÚ¾ Ú©Ø§Ù„ 1.73 ""ÙÙ„ Ù¹Ú† hd Ø§Ø³Ú©Ø±ÛŒÙ† Ø§Ø³Ù¾ÙˆØ±Ù¹ Ù…ÙˆÚˆØ² c20 Ù¾Ø±Ùˆ Ø§Ø³Ù¾ÙˆØ±Ù¹ Ø§Ø³Ù…Ø§Ø±Ù¹ ÙˆØ§Ú† Ø®ÙˆØ§ØªÛŒÙ†/Ù…Ø±Ø¯ÙˆÚº Ú©Û’ Ù„Ø¦Û’ 2024",1450.0,4.3,0,0,watches,29.655172413793103,Premium,0
Luxury Watches for Mens Branded Original Style - Stylish Analog Quartz Wrist Watch for Boys - Stainless Steel Chain & Leather Strap - Water Resistant Business Casual Fashion Watch with Gift Box - New 2024 Collection,425.0,4.3,0,0,watches,101.1764705882353,Budget,0
"LED Watch Collection - Stylish LED Watches for Boys, Girls, Men, and Women - Digital LED Watch for Men, Boys, and Kids - Versatile LED Watches in All Colours - Sports Digital Fashion Watch for Women and Men - Square LED Watch Silicone Electronic Watch",400.0,4.3,0,0,watches,107.49999999999999,Budget,0
Aura watch 2025 New Arabic Aura Watch Black Modern Creative Design Waterproof Stainless Steel Chain Quartz Movement,1999.0,4.0,34,137,watches,20.01000500250125,Premium,1
Mini GPS Bluetooth 5.0 Tracker Anti Lost Device Square Pet Dog Cat Kids Bag Anti-Lost Wallet Tracking Smart Finder Gps Locator,1301.0,4.3,0,0,watches,33.05149884704074,Mid-Range,0
TF10 Pro Smart Watch Round Dial 1.53 Inch Screen AMOLED Display Bluetooth Calling Smartwatch men's watch,4600.0,4.3,0,0,watches,9.347826086956522,Premium,0
"Casual Analog Watch for Men and Women, Stylish Round Dial, Leather Strap, White",429.0,4.0,131,640,watches,93.24009324009324,Budget,0
black arabic aura watch orginal for men | black aura stylish watch for boys | best gift for boys and men | smart and nique watch for daily wear,949.0,4.3,0,0,watches,45.310853530031615,Mid-Range,0
Black Strap Y1 LED Digital Sports Band Watch Business Collection Clock,999.0,4.5,2,15,watches,45.04504504504504,Mid-Range,0
New Style  Brown Leather Strap Watch For Unisex,311.0,4.5,65,302,watches,144.69453376205786,Budget,0
Latest Stylish & Fashionable Magnet Chain Watch For Girls,348.0,4.0,42,207,watches,114.94252873563218,Budget,0
New Magnet Chain Digital LED Watch for Men & Women | Magnetic Strap Stylish Digital Wrist Watch,599.0,5.0,1,0,watches,83.47245409015025,Mid-Range,0
watch for boys stylish branded watches for mens boys watchs digital wristwatch smartwatch analog watches for boys,497.0,4.0,238,12,watches,80.48289738430584,Budget,0
Black Stainless Steel Smart Chain Watch For Men,499.0,4.0,37,200,watches,80.16032064128255,Budget,0
|Led Sports Women Watches Men Digital Watches |Top Brand Luxury Ladies warch|,399.0,4.3,0,0,watches,107.76942355889723,Budget,0
Aura Watch for Men Original Black - Arabic Numerals Dial Watch - Luxury Aura Watches - Aura Watch for Boys Stylish - New White Dial Aura Watch - Aura Watch Arabic Original - Fashion Gents Watch - Aura Watch with Comfortable Strap - Arabic Number Watch,521.0,5.0,1,0,watches,95.96928982725527,Budget,0
Aura Watch Original Arabic - Men’s Casual Wrist Watch - Luxury Golden Aura Watch - Aura Watch for Boys and Girls - Premium Black Marble Dial Wrist Watch - Water Proof Aura Watch for Men - Best Gift Item Aura Watch with Box Pack - New Stylish Aura Watches,517.0,4.0,7,29,watches,77.36943907156673,Budget,0
Only Box For Aura Watch,199.0,5.0,3,17,watches,251.25628140703517,Budget,0
100% Imported Premium Quality Watch For Men And Boys New Design 2023,599.0,4.5,2,31,watches,75.12520868113523,Mid-Range,0
Remote Control Helicopter - Cool Electric Airplane Toys for Kids - RC Helicopter with LED ^ Toys for Boys and Girls.,1320.0,4.3,0,0,watches,32.57575757575757,Mid-Range,0
Analog Date Leather Men Wrist Watch - Black For Gents Watch With Box,758.0,4.0,223,971,watches,52.770448548812666,Mid-Range,0
Luxury Aura Watch for Men - Arabic Dial Original Watch - Premium Quality Strap Wrist Watch - Aura Watch for Boys Kids - Aura Black and Green Watch - Elegant Golden Watch for Gents - High Volume Search Keywords Aura Watch - Aura Watch with Free Box Pack,517.0,4.0,13,41,watches,77.36943907156673,Budget,0
Waterproof Sport M4 Touch Led Digital Watch For Boys & Girls - All Colours,173.0,4.0,1246,64,watches,231.21387283236993,Budget,0
WIWU SW01SE IP67 Waterproof Sports Smart Watch,7999.0,4.3,0,0,watches,5.375671958994874,Premium,0
dating Pro smartwatch man woman Bluetooth fitness tracker bracelet heart red blood pressure,1250.0,4.3,0,0,watches,34.4,Mid-Range,0
Aura Watch Marble - Aura Watch For Men - Aura Watch Black - Aura Watch Arabic - Aura Watch White - Aura Watch For Men Luxury Men - Aura Watch For Boys - Aura Watches - Ghari - Unisex - Fiber Watch,650.0,5.0,4,29,watches,76.92307692307693,Mid-Range,0
⌚️Watch Strap,600.0,4.3,0,0,watches,71.66666666666667,Mid-Range,0
Vintage Luxury Classic Watch For Boys & Girls Men & Women Latest Design,377.0,4.0,98,572,watches,106.10079575596816,Budget,0
Black Ora Watch | Black Arabic Aura Watch For Men,649.0,4.3,0,11,watches,66.2557781201849,Mid-Range,0
Lastest Stylish & Fashionable Magnet Chain Watch For Girls - New Arrival,349.0,4.0,143,770,watches,114.61318051575931,Budget,0
Waterproof Kids LED Band Silicon Fitness Sport Watch M4 - Touch Led Bracelet Digital Watch For Boys & Girls  Wacthes - All Colours,199.0,4.0,118,746,watches,201.00502512562815,Budget,0
Malmal Lawn Shameez 2.5 Meter For Women,499.0,4.3,0,0,watches,86.17234468937876,Budget,0
Latest Style Fashionable New Smart Watch with Leather Strap - for Men,299.0,4.0,85,677,watches,133.77926421404683,Budget,0
Anti-lost Alarm Smart GPS Tag Wireless Bluetooth-Compatible Tracker Child Bag Wallet Key Pet Finder Locator Mini Anti Lost Alarm,1154.0,4.3,0,0,watches,37.26169844020797,Mid-Range,0
Black Leather Analog Watch for Men With Auto Date Function,599.0,3.5,3,30,watches,58.43071786310517,Mid-Range,0
Smart Watch 8 with Logo AMOLED Display Round Dial Smart Watch with Type-C Wireless Charging in Premium Quality and Design,5999.0,4.3,0,0,watches,7.167861310218369,Premium,0
Wheel Watch For Boys Aura Watch  Inspired Car Wheel Watch - 3D Spinning Rim Hub Watch for Men - Waterproof Sports Quartz Watch - Unique Rim Design Wristwatch for Car Enthusiasts,3800.0,4.3,0,5,watches,11.315789473684209,Premium,0
"Black arabic aura watch Arabic numerals
fiber chain unisex Butterfly Clasp 7 in 1 smart
watch T500 ultra smart watch",1447.0,4.3,0,0,watches,29.716655148583275,Premium,0
"Original Black Arabic Aura Smart Watch for Men – Stylish Smartwatch with 7 Straps, Digital Display & Premium Design – 100% Authentic Aura Watch",1399.0,4.3,0,0,watches,30.736240171551106,Mid-Range,0
White Marble Arabic Aura Unisex Watch | Luxury Marble Effect Dial Wrist Watch with Arabic Numerals | Stylish Fiber Strap Fashion Watch for Men & Women | Elegant Modern Unisex Timepiece in Pakistan.,663.0,5.0,8,67,watches,75.41478129713424,Mid-Range,0
Premium Quality BROWN LEATHER WALLET For Men,265.0,4.0,109,719,watches,150.9433962264151,Budget,0
4 in 1 Smart watch ultraEZZ97 best quality smart watch for men and ladies and kids,4999.0,4.3,0,0,watches,8.601720344068813,Premium,0
Luxury Watch Full Diamond Touch Screen LED Watch Steel Chain with Diamonds Ladies Watches For Female Women Girl,729.0,4.0,31,119,watches,54.869684499314126,Mid-Range,0
Stylish Ladies Magnetic Wrist Watch For Women,326.0,4.0,105,713,watches,122.69938650306749,Budget,0
"Japanese Men's Specialty 42mm Black & White Stainless Steel Quarter Time Quartz Watch - Black & White Dial  (Model: 13452, 13565)",444.0,4.5,55,291,watches,101.35135135135135,Budget,0
"Zero® Ignite Smart Watch | 1.83” IPS Curved Screen, Bluetooth Calling, 100+ Watch Faces | IP67 Waterproof, SpO2 & Heart Rate Monitor | Best Price Smartwatch for Men & Women, IOS & Android",5494.0,4.0,403,14,watches,7.280669821623589,Premium,1
Pokemon Watch Pikachu Gengar LED Digital Waterproof Watch for Kids Boys Girls Electronic Wristwatch Birthday  Christmas,1367.0,4.3,0,9,watches,31.455742501828823,Mid-Range,0
Arabic Aura Watch 2025 Black Modern Creative Design Waterproof Stainless Steel Chain Quartz Movement,649.0,4.3,0,0,watches,66.2557781201849,Mid-Range,0
Aura Watch Grey  - Aura Watch For Men - Aura Watch Black - Aura Watch Arabic - Aura Watch Fiber - Aura Watch For Men Luxury Men - Aura Watch For Boys - Aura Watches - Ghari - Unisex - Fiber Watch,640.0,4.0,5,31,watches,62.5,Mid-Range,0
Skeleton Double Sided Glass Transparent Watch for Men / Women / Girls / Boys - Mens Leather Watches,485.0,4.5,21,108,watches,92.78350515463917,Budget,0
"Mini Cute Fan with Mobile Stand | Portable USB

Rechargeable Fan | Random Color & Design

Desk Fan for Kids & Office",1099.0,4.3,0,0,watches,39.12647861692447,Mid-Range,0
"Classic Luxury Stainless Steel Analog Quartz Watch for Men/Boys Fashionable, Durable, and Long Lasting Battery",510.0,4.0,147,625,watches,78.43137254901961,Budget,0
Black Arabic Aura Watch For Men Stylish Aura Watch 100% Original Watch,599.0,3.0,1,17,watches,50.08347245409015,Mid-Range,0
"Watch for Men Golden Mix – Luxury Watches for Men, Real Watch smart for Men, Stylish Watch for Men, Chain Watches for Men & Boys, Low Price Watch for Men, Elegant Chain Watches for Mens Fashion smart.",1499.0,5.0,3,12,watches,33.3555703802535,Premium,0
Analog Leather Men Wrist Watch - Brown For Gents Watch For MenWomen,300.0,4.0,812,43,watches,133.33333333333334,Budget,0
Muslim Baby Girls Hijab Scarf 2 to 4 Years Child,329.0,4.0,101,740,watches,121.580547112462,Budget,0
D13 Smart Watch Sport Heart Rate Tracker Fitness Bracelet,2699.0,4.3,0,0,watches,15.93182660244535,Premium,0
Design Fashionable Jewellery Dial Ring Watch For Girls,664.0,4.0,14,140,watches,60.24096385542169,Mid-Range,0
Luxury Aura Watch for Men - Arabic Dial Original Watch - Premium Quality Strap Wrist Watch - Aura Watch for Boys Kids - Aura Black and Green Watch - Elegant Golden Watch for Gents - High Volume Search Keywords Aura Watch - Aura Watch with Free Box Pack,521.0,4.3,0,0,watches,82.53358925143954,Budget,0
A58 Plus Smart Watch - Bluetooth Fitness Tracker with Blood Pressure Monito with jewellery and ladies watch,2449.0,5.0,2,12,watches,20.41649652919559,Premium,0
Latest Design Leather Straps Analog Watch With Date For Men,930.0,5.0,1,14,watches,53.763440860215056,Mid-Range,0
Redmi Watch 5 AMOLED Display 24 Days Battery Premium Smart Watch,30999.0,5.0,2,5,watches,1.6129552566211813,Premium,0
Best White Marble Arabic Aura Unisex Watch | Luxury Marble Effect Dial Wrist Watch with Arabic Numerals | Stylish Fiber Strap Fashion Watch for Men & Women | Elegant Modern Unisex Timepiece in Pakistan,598.0,4.3,0,6,watches,71.90635451505017,Mid-Range,0
"Newest Stylish Watch, MEN Sports Luxury Elegant Full Steel Watch, Male Clock Quartz High Quality Watches",779.0,4.3,0,6,watches,55.198973042362,Mid-Range,0
Luxury Premium Black Men Watch – Elegant Chronograph Style Wristwatch,599.0,4.0,7,18,watches,66.7779632721202,Mid-Range,0
GT1 Smartwatch | Bluetooth Calling | Full Touch Display | Android & iOS Compatible,2199.0,4.3,0,0,watches,19.554342883128694,Premium,0
Luxury Diamond Touch Screen LED Digital Watch for Women - Premium Rose Gold Crystal Studded Stainless Steel Chain Bracelet Watch - Elegant Fashion Jewelry Style Waterproof Analog & Electronic Hybrid Wrist Watch for Girls - Viral 2026 Aesthetic Gift,549.0,4.3,0,0,watches,78.32422586520947,Budget,0
Online Sale Black Stainless Steel Crystal Wrist Watch Simple Quartz Watch Men Women,474.0,4.0,51,209,watches,84.38818565400844,Budget,0
High Quality Men's Watches Stainless Steel Waterproof Watch for Man Wristwatch,538.0,4.0,17,70,watches,74.34944237918215,Budget,0
Korean Best Watches and Bracelet Best Watches for girls Ins Girls Alloy Ribbon Streamer Best Watch Female Accessories ladies Best Watches Girls & Women | Wrist Best Watches Pearl Beaded Bracelet Best Watches Strap Quartz Wrist Best Watch,329.0,4.3,0,0,watches,130.69908814589664,Budget,0
"Elegant Digital Sports Watch with Stainless Steel Strap for Men, Classic LED Display, Non-Sports, Battery Powered",349.0,4.3,0,0,watches,123.20916905444125,Budget,0
"DZ09 Smartwatch for Men and Women | LCD Display, Long Battery Life, SD Card Support",2609.0,4.3,0,0,watches,16.481410502108087,Premium,0
"Black Leather Unisex Watch for Men, Women, Girls and Boys - Latest Design",298.0,4.5,59,327,watches,151.006711409396,Budget,0
"All in one Smartwacth, Sim supported, Memory card (sd card) supported, wifi supported and coonectivity, camera supported, sim wali, calling watch, bluetooth supported, youtube, whatsapp, facebook, and all social media supported, fitness tracking,",2509.0,4.0,2,0,watches,15.942606616181747,Premium,1
Latest Style Fashionable New Smart Watch with Leather Strap - for Mens,299.0,4.0,118,936,watches,133.77926421404683,Budget,0
"AMAZON FIRE TABLET POUCH ""8"" INCH (10TH) (12) GENERATION",3499.0,4.4,0,0,tablets,12.575021434695628,Budget,0
"Digiland - 10.1"" Tablet 32GB - Blue - Type C support - Free fire 🔥 n PUBG support",13999.0,4.4,0,0,tablets,3.1430816486891926,Mid-Range,0
"xiomi, Mi Pad 7.9 Android 7.4.4, Tablet for sale Brand new condition",8957.0,4.4,0,0,tablets,4.912359048788658,Budget,0
Amazon tab,5800.0,4.4,0,0,tablets,7.586206896551725,Budget,0
"Nexus TAB , ASUS 32GB , 16GB ANDROID VERSION FRONT N BACK CAMERA",9800.0,4.4,0,0,tablets,4.4897959183673475,Mid-Range,0
AMAZON FIRE HD TABLET _ 5TH GENERATION 7 INCH IPS DISPLAY _ 1GB 8GB AND 16GB _ PLAYSTORE AND YOUTUBE INSTALLED,6000.0,4.0,13,51,tablets,6.666666666666666,Budget,0
Samsung  Galaxy Tab4 | SMT531 | 16GB Memory | 10 Inches large Display | Android 11 | Only Tablet,9900.0,4.4,0,11,tablets,4.444444444444445,Mid-Range,0
Lenovo Tab M10 |16GB Storage | 2GB RAM | 5MP Camera | 10 Inches Display | 4850 mAh Battery | Tablet PC,11990.0,3.5,3,15,tablets,2.919099249374479,Mid-Range,0
Calling  4 64gb card memory card support,10200.0,4.4,0,0,tablets,4.313725490196079,Mid-Range,0
"Lenovo M8 HD 8"" Inch And M10 Hd 10"" Inch Tablet 100% INSPECTED 2GB RAM 16GB ROM(STORAGE) 5000mAh Battery Top Rated Gaming Tablet BEST FOR ADULT AND KIDS BOTH Just Like New Condition With Charging Cable",12000.0,5.0,1,0,tablets,4.166666666666667,Mid-Range,0
"Samsung Galaxy Tab A 8' Inch Tablet | 100% INSPECTED | 2GB RAM | 32GB ROM(STORAGE) | BEST FOR ADULT AND KIDS BOTH |  Just Like New Condition | With Box, Charger, Cable & Free Surprise Gift | High Performance | Reliable | Affordable | Long Battery Life",12999.0,4.0,228,804,tablets,3.077159781521656,Mid-Range,0
"Samsung Galaxy Tab A 2018 (T597) 10.5' Inch Tablet | 100% INSPECTED | 3GB RAM | 32GB ROM(STORAGE) | 7300mAh Battery | Top Rated | BEST FOR ADULT AND KIDS BOTH | Just Like New Condition | With Box, Charger, Cable & FREE SURPRISE GIFT | High Performance",14999.0,4.4,0,0,tablets,2.9335289019267954,Mid-Range,0
"Android Tablet, Amazon Fire Tab 7 5th Gen | Android 7 Support, Low Price  Android Tab, 7’ Inch Tablet | 1GB RAM 8_16GB ROM | Front and Back Camera, Battery 4750mAh | 10/9 Condition lot mall | kids tab, Amazon tabs, baby tab | Android tablet | Lotsmall,",7800.0,4.4,0,16,tablets,5.641025641025641,Budget,0
Tablet for kids and professional use,9500.0,4.4,0,0,tablets,4.631578947368421,Budget,0
Fujitsu Arrows Docomo | F 52 - A 5G | 128GB Storage | 8GB RAM | OLED Edge Screen | 5G Supported | Snapdragon 765 | 48 MP Camera | PTA Official Approved | Used || Like As New,70000.0,4.4,0,0,tablets,0.6285714285714286,Premium,1
Vivo Y51 | dual sim PTA APPROVE | 4GB RAM 64 GB ROM | 3000 MaH long battery,8050.0,4.0,9,41,tablets,4.9689440993788825,Budget,0
Lenovo Tab M11 128GB | Premium Tablet | Ultra Smooth Performance | Box & Charger Included | Fast Delivery,49999.0,4.4,0,0,tablets,0.880017600352007,Premium,1
2.8 LCD,3654.0,4.4,0,0,tablets,12.041598248494802,Budget,0
Nokia N8 - 12MP Carl Zeiss Camera - 16GB Storage - PTA Approved - Collector's Edition - Vintage Metallic Design - Symbian OS,19999.0,4.4,0,0,tablets,2.2001100055002754,Premium,0
AMAZON 5TH GENERATION 7 INCH IPS DISPLAY TABLET 1GB 8GB AND 16GB PLAYSTORE AND YOUTUBE INSTALLED,6000.0,4.0,33,180,tablets,6.666666666666666,Budget,0
"AMAZON POUCH ""10"" INCH (11) (13) GENERATION",3499.0,4.4,0,0,tablets,12.575021434695628,Budget,0
Google Pixel 8 5G (PTA OFFICIAL APPROVED) – 8GB RAM | 120Hz Actua Display – In-Display Fingerprint – On Installments,98000.0,4.4,0,0,tablets,0.44897959183673475,Premium,1
Touch Screen With Calling/Good Battery Life,1949.0,5.0,2,16,tablets,25.65418163160595,Budget,0
"Lenovo tablet, Nec Window Tablet, window tab, window 10 Tablet, Ram 4Gb Storage 64Gb 128GB Display 10inch | Battery Backup 3hr Plus, | Window Tab | Tablet Pc | Tablet for Office | Tablet for Kids | window 10 Tablet | Ms office Tablet",8000.0,4.0,9,36,tablets,5.0,Budget,0
OnePlus 15 Official Pta Dual sim 16/256 16/512 Snapdragon 8 elite gen 5 battery 7300 mah 165 Hz Display,260000.0,4.4,0,0,tablets,0.16923076923076924,Premium,1
OPP0 A57 DUAL SIM 4/64 IN BRAND NEW CONDITION,7999.0,4.4,0,0,tablets,5.500687585948244,Budget,0
Samsung Galaxy Tab A7 Lite With Stylus Pen | Premium Tablet | Smooth Performance | Box & Charger Included | Fast Delivery,24999.0,4.4,0,0,tablets,1.7600704028161127,Premium,0
10.1 Inch Wifi Tablet PC With Keyboard And Pen Android 13.0 12GB+512GB Android Tablet Touch Screen Pad Drawing Tablet For School,105000.0,4.4,0,0,tablets,0.41904761904761906,Premium,1
NOKIA - NOKIA 106 - DUAL SIM - WITHOUT XAMERA PHONE - PTA APPROVE - BOX PACK - KEYPAD PHONE,2230.0,4.0,3,23,tablets,17.937219730941703,Budget,0
"Amazon Fire 7' Inch Tablet | 100% INSPECTED | 1GB RAM | 7th Generation | 2980mAh Battery | Top Rated | Budget Friendly | BEST FOR KIDS | Just Like New Condition | With Box, Charger, Cable & FREE SURPRISE GIFT | Affordable",5999.0,4.0,5,21,tablets,6.667777962993832,Budget,0
samsung galaxy tab S4,45000.0,4.4,0,0,tablets,0.9777777777777777,Premium,1
Comparison of Infinix GT 20 Pro,100000.0,4.4,0,0,tablets,0.44000000000000006,Premium,1
"Tab - Amazon Fire 7' Inch Tablet | 100% INSPECTED | 1GB RAM | 5th Generation | 2980mAh Battery | Top Rated | Budget Friendly | BEST FOR KIDS | Just Like New Condition | With Box, Charger, Cable & FREE SURPRISE GIFT | Affordable",5999.0,5.0,11,72,tablets,8.33472245374229,Budget,0
"Amazon Fire 7 Tablet (9th Gen) – 8GB Storage | 7” IPS Display | Fast & Portable Tablet for Reading, Learning & Entertainment",8000.0,3.0,1,0,tablets,3.75,Budget,0
Xiaomi Pad 1 | Android Tablet | 16GB & 64GB Storage | Smooth working | 7000 Mah battery | Best For Kids Gaming | Only Tablet Accessories Not Included,9999.0,4.0,5,26,tablets,4.000400040004001,Mid-Range,0
TelePuff es320 Keypad Wape Mobile Phone 📱 | PTA Approved ✅ | Dual SIM 📶 | Modern Type-C Charging ⚡ | VGA Camera 📸 | Premium Puff Wape ✨,5999.0,4.4,0,0,tablets,7.334555759293217,Budget,0
SAMSUNG GALAXY S9 plus 4/64 GB PTA APPROVED,45000.0,4.4,0,0,tablets,0.9777777777777777,Premium,1
"Lenovo Tab M8 64GB PTA Approved WiFi Tablet – 8"" Display",23950.0,4.4,0,0,tablets,1.8371607515657622,Premium,0
Amazon Fire HD 8 | 16 or 32 GB Storage | 8.0″ Display | WiFi | Tablet PC | Mobile Tablet,7999.0,4.4,0,0,tablets,5.500687585948244,Budget,0
"LCD Writing Tab Pad Up to 12 inch LCD Writing Tablet for Kids Toys Single and multi Color Erasable Digital Drawing Pad | Best Gift For Children Educational Learning ToyDoodle Drawing Tablet Pad, Toys for 3 4 5 6 7 8 Year Old Girls Boys Kids",253.0,5.0,15,135,tablets,197.62845849802372,Budget,0
AMAZON 5TH GENERATION 7 INCH IPS DISPLAY TABLET 1GB 8GB AND 16GB PLAYSTORE AND YOUTUBE INSTALLED,5999.0,4.0,28,132,tablets,6.667777962993832,Budget,0
"Nokia 3310 Box Pack PTA Life Time Warranty A+ Condition High Quality, nokia 3310, availability nokia 105, nokia 106, nokia 150, nokia 5310, nokia 3210 - tablet",5000.0,4.4,0,8,tablets,8.8,Budget,0
"Samsung Galaxy Tab E 8' Inch Tablet | 100% INSPECTED | 2GB RAM | 5000mAh Battery | Just Like New Condition | With Box, Charger, Cable & Free Surprise Gift | High Performance | Reliable | Affordable | Long Battery Life | Budget Friendly | Top Selling",9999.0,4.0,43,129,tablets,4.000400040004001,Mid-Range,0
Daraz Like New Tabs&Tablet  | Amazon Fire HD 7 | 9th Generation 2019 | 1GB 16GB | android 9.0 | WIFI | DARAZ LIKE NEW,9999.0,4.0,35,164,tablets,4.000400040004001,Mid-Range,0
"Lenovo M8 HD 8"" Inch And M10 Hd 10"" Inch Tablet 100% INSPECTED 2GB RAM 16GB ROM(STORAGE) 5000mAh Battery Top Rated  Gaming Tablet BEST FOR ADULT AND KIDS BOTH Just Like New Condition With Charging Cable",10499.0,5.0,2,12,tablets,4.762358319839985,Mid-Range,0
American Schok Volt SV55 Mobile Phone | No Sims(WiFi Only) | Android 11 | Free Compatible Charger | Snapdragon 425 | Best Economical Smart Mobile Phone | Mobile Phones Low Price | Globally Customized,6600.0,4.4,0,0,tablets,6.666666666666668,Budget,0
ZnG Traders Colorful LCD Writing Tablet for Kids | Unisex Educational Drawing Pad | Portable Travel-Sized Doodle Board for Ages 3-8,299.0,4.0,455,25,tablets,133.77926421404683,Budget,0
Vivo Y81 - nouch Display - PTA Approve - 6GB RAM - 128GB ROM - DUAL SIM PHONE -,11985.0,5.0,3,13,tablets,4.171881518564873,Mid-Range,0
"Amazon Fire 7' Inch Tablet | 100% INSPECTED | 1GB RAM | 5th Generation | 2980mAh Battery | Top Rated | Budget Friendly | BEST FOR KIDS | Just Like New Condition | With Box, Charger, Cable & FREE SURPRISE GIFT | Affordable",6499.0,4.0,7,19,tablets,6.154793045083859,Budget,0
Oneplus Nord N20SE - 6.56 Inches HD+ Display - 60Hz Fresh Rate - 6GB RAM - 128GB ROM (64GB Usable) - Dual Sim PTA Approved - MediaTek Helio G35 - Android 12 (Phone Only - Color Mix,30000.0,4.4,0,0,tablets,1.466666666666667,Premium,1
CALLING SIM 4/64 8.0INCH DUAL CAMERA,9999.0,4.4,0,0,tablets,4.400440044004401,Mid-Range,0
AMAZON 1GB 16GB WIFI 7.0 INCH DISPLAY,5999.0,4.0,7,36,tablets,6.667777962993832,Budget,0
"Colorful 10-inch LCD Drawing Tablet for Kids - Educational Drawing Pad with Stylus, Protective Screen & Key Lock, Ideal Travel Companion for Children 3-8 Years",280.0,4.4,0,0,tablets,157.14285714285717,Budget,0
"Colorful LCD Writing Tablet for Kids - 6.5/8.5 Inch Portable Digital Drawing Pad with Stylus for Drawing, Coloring, Educational Learning - Unisex",281.0,5.0,95,103,tablets,177.93594306049823,Budget,0
FUJITSU Japan Q507 Window Tab window 10,15039.0,5.0,6,10,tablets,3.3246891415652633,Mid-Range,0
Amazon Fire HD 8 | 10th Generation | 32GB Storage | 2GB RAM | Mediatek MT8168 (12 nm) | 8.0″ Display | Wi-Fi | Best Tablet For Youtube And Online Classes And Gaming | Tablet PC,10999.0,4.4,0,0,tablets,4.000363669424494,Mid-Range,0
New Super Pubg Trigrs Pubg Accessories Pubg Triggers pubg triger R11 Metal Trigger Controller L1 R1 Buttons PUBG4 fingers -you,2300.0,5.0,2,15,tablets,21.73913043478261,Budget,0
Amazon Fire 7 HD Tablet 1gb 16gb 9th Generation WiFi Supported Memory Card Supported Play Store,6999.0,4.5,2,8,tablets,6.4294899271324475,Budget,0
Thiweik Tablet S01|| 4GB Ram 64GB Rom || 7 Inches IPS Display || 4500mah Battery Type C || Camera: Front 5 MP Rear 8 MP || Network: 5G Wifi,17999.0,4.4,0,0,tablets,2.444580254458581,Mid-Range,0
Huawei tablet,7500.0,4.4,0,0,tablets,5.866666666666668,Budget,0
"Colorful 10-inch LCD Drawing Tablet for Kids - Educational Drawing Pad with Stylus, Protective Screen & Key Lock, Ideal Travel Companion for Children 3-8 Years",208.0,4.0,152,699,tablets,192.30769230769232,Budget,0
Nokia 2660 2760 Flip Phone without internet PTA Life Time Warranty,9600.0,5.0,3,12,tablets,5.208333333333333,Budget,0
"Kids' LCD Writing Tablet 6.5/10/12 Inch - Colorful Educational Drawing Board with Erase Button, Unisex Drawing Pad for Kids 1-4 Years",224.0,4.0,95,266,tablets,178.57142857142856,Budget,0
Amazon Fire 7 | 5th Generation | 8 GB Storage | 1 GB RAM | 7″ IPS Display | 2 MP main camera and rear-facing cameras with 720p HD video recording | 1.3 GHz quad-core processor,5999.0,4.4,0,0,tablets,7.334555759293217,Budget,0
"Fujitsu Japan Tablet, Q506_7_8, Ram 4GB Storage 64GB Display 10inch, Graphics tablet, Ms office tablet, window 10 tablet, Office working tablet, Business Tablet, Tablet,  Tablet, kids tablet, Entertainment tablet, low price tablet, LotsMll, | window tab,",16500.0,4.0,20,73,tablets,2.4242424242424243,Mid-Range,0
"Thiweik Tablet S01 4GB Ram 64GB Rom , 7 Inches IPS Display , 4500mah Battery Type C , Camera: Front 5 MP Rear 8 MP , Network: 5G Wifi",16999.0,4.4,0,0,tablets,2.5883875522089537,Mid-Range,0
Amazon Tablet 1gb 16gb 9th Generation WiFi Supported Memory Card Supported Play Store,7500.0,4.4,0,0,tablets,5.866666666666668,Budget,0
Xiaomi Pad-1 tablet | 16GB & 64GB Memory | 8 inches Display | 7000 mah Battery | Quality+COD | Best Gift for your kids,15000.0,5.0,1,0,tablets,3.333333333333333,Mid-Range,0
Huawei dtab Compact D-02K 8″ Tablet | 3GB RAM 32GB Storage | Android 9.0 | IPS LCD 1920×1200 | PTA Approved Calling | Free Charger,17999.0,4.4,0,0,tablets,2.444580254458581,Mid-Range,0
Samsung Galaxy Tab A (2019) 8’ Inch Tablet | Top Rated | 2GB RAM | 32GB ROM | 5100mAh Battery | best for kids & adults | with box & original charger + cable,14197.0,4.0,50,132,tablets,2.8174966542227233,Mid-Range,0
Vivo y66/Y55 64Gb/128GB storage YOUTUBE/WHATSAPP/FACEBOOK WORKING,6800.0,4.0,2,13,tablets,5.88235294117647,Budget,0
Schok Volt SV55 Non PTA Mobile - Amrican Orginial Mobile Phone -2GB Ram 16GB Rom - Andriod 11 Snapdrogon 425 Loud Speaker - Dual Camera & Type-c Charging Support - Sim not Working - Best for Kids - Budget friendly Mobile - Mobile Phone on easy installment,6780.0,4.4,0,0,tablets,6.48967551622419,Budget,0
Daraz Like New Tablets Samsung Tab A 2020 8.4 inches 3GB 32GB Android 11 WIFI Battery 5000mAh USB Type C 2.0 MEIN Camera 8mp Selfie Camera 5mp  with Dual speaker DARAZ LIKE NEW,19999.0,5.0,1,6,tablets,2.5001250062503124,Premium,0
"Daraz Like New Tablets – Amazon Fire HD 7 | 5th Generation | 8 GB Storage | 1 GB RAM | Quad-core 1.3 GHz Cortex-A53| 7"" HD| 2 MP front and 2 MP rear-facing cameras | best for kids |with box & charger",6499.0,5.0,1,0,tablets,7.693491306354824,Budget,0
Nokia E51 - Golden Edition - PTA Approved - Slim Stainless Steel Body - WiFi Enabled - Premium Business Phone - Collector's Condition,9999.0,4.4,0,0,tablets,4.400440044004401,Mid-Range,0
"TCL 9011 Tablet | 2GB RAM 16GB Storage | 10.1"" HD Display | Octa-Core Processor | 4G LTE + WiFi | Long Battery Backup | Kids Learning & Gaming Tab",13999.0,4.4,0,0,tablets,3.1430816486891926,Mid-Range,0
6.5 to 12-Inch LCD Writing Tablet for Kids | Erasable Digital Drawing Pad | Single & Multi-Color Doodle Board | Educational Learning Toy | Best Gift for 3-8 Year Old Boys & Girls,299.0,4.0,53,403,tablets,133.77926421404683,Budget,0
SAIL Air S109 10inch 16+512GB 2SIM+WIFI Kid Tablet Pc Child Educational Android Best Tablet for Education,27000.0,5.0,2,9,tablets,1.8518518518518519,Premium,0
OPPO PAD 3,61000.0,4.4,0,0,tablets,0.7213114754098361,Premium,1
Lenovo Legion Tab (TB320FC) 8.8” WiFi Tablet 16 GB RAM 512 GB STORAGE | Gaming Tablet | Android 14 | 6550mAh Battery - Daraz Like New Tablets,94499.0,4.4,0,0,tablets,0.4656133927343147,Premium,1
Samsung Galaxy Tab S7 with S Pen – 128GB – Like New Condition | Free Shipping & 6 Months Warranty | Best Price  | Daraz Like New Tablets,190000.0,4.4,0,0,tablets,0.23157894736842108,Premium,1
Lenovo tablet,10500.0,4.4,0,0,tablets,4.190476190476191,Mid-Range,0
Samsung Galaxy Tab S7 FE 4GB Ram 64GB Rom (Without SIM),110000.0,4.4,0,0,tablets,0.4,Premium,1
No Free gift !! Honor Pad X8a (8GB+128GB) 11-Inch Tablet – Smooth Performance & Large Display,46000.0,4.4,0,0,tablets,0.9565217391304348,Premium,1
OnePlus 13R/ Ace 5 12/256 16/512 Dual sim Official Pta Snapdragon 8 Gen 3 Battery 6400mah box pack,160000.0,4.4,0,0,tablets,0.275,Premium,1
"""Zkai Zmooth Tablet 4GB RAM 16GB ROM - HD IPS Display | 5000mAh Battery | Dual Camera | Android | Expandable Storage - Best Budget Tablet!""",15500.0,4.4,0,0,tablets,2.838709677419355,Mid-Range,0
"Fujitsu Tablet, Display 10inch, Ram 4GB Storage 64/128GB, Battery 9000mAh, 3hr Plus Backup, Windows 10 32bit, windows tablet, Office Tablet, Business Tablet, windows 10 tablet, lotsmall, tablet for office, office work tablet, tab for kids, excle tab, 12v,",16500.0,4.4,0,0,tablets,2.666666666666667,Mid-Range,0
Samsung Galaxy Tab A7 Lite 8.7’ Inch Tablet | Top Rated | 3GB RAM | 32GB ROM | 5100mAh Battery| best for kids & adults |Reliable| PUBG Supported & HIGH PERFORMANCE | WITH  BOX ORIGINAL CHARGER & CABLE,20231.0,4.0,12,27,tablets,1.977163758588305,Premium,0
Samsung Galaxy Tablet |10.1-Inch large Display | 16GB Storage | Best Gift for Kids | Only Tablet,11500.0,4.4,0,0,tablets,3.8260869565217392,Mid-Range,0
"Oppo Pad 3 – Powerful Gaming Tablet | 11.61"" Display | 128GB Storage | 8GB RAM | MediaTek Dimensity 8350 | Android 15 | 8MP Front & Rear Cameras | 9250mAh Battery - Daraz Like New Tablets",63999.0,4.4,0,0,tablets,0.6875107423553494,Premium,1
"Microsoft Surface RT - 10.6"" Touchscreen Tablet | Windows RT | 2GB RAM | 32GB Storage | Sleek Design | Certified Like New | 6 Months Warranty | Daraz Like New Tablets",15999.0,4.4,0,0,tablets,2.750171885742859,Mid-Range,0
The Amazon Fire HD 8,8000.0,4.4,0,0,tablets,5.5,Budget,0
"Xiaomi Mi Pad 1 (2GB RAM / 16GB-64GB Storage) 8"" HD Display Tablet | 7000mAh Battery | Smooth Performance for YouTube, TikTok, Facebook & Online Classes",10000.0,4.4,0,0,tablets,4.4,Mid-Range,0
Vivo Y81 | 6GB Storage | 128GB RAM | Helio P22 | 3260 mAh | Dual Sim | 13MP Camera | PTA Approved | Mobile Phone,10999.0,4.0,10,32,tablets,3.6366942449313573,Mid-Range,0
Daraz Like New Tablets - Oppo Pad 2 no free gift but genuin product  12/256,70000.0,4.4,0,0,tablets,0.6285714285714286,Premium,1
"Amazon Fire HD 10 | 10’ Inch Tablet | 3GB RAM | 32GB ROM | With PlayStore | 11th Generation | Front and Back Camera | 6300mAh Battery | 10/9.5 Condition | With Box, Charger, Cable & Free Surprise Gift",18999.0,4.0,67,244,tablets,2.1053739670508973,Mid-Range,0
RUGGED UNBREAKABLE PHONE 64GB STORAGE/with 4G LTE INTERNET / TYPE C CHARGING/ 5000 MH BIG BATTERY,17900.0,3.0,1,0,tablets,1.675977653631285,Mid-Range,0
Graphic Tablet,10500.0,4.4,0,0,tablets,4.190476190476191,Mid-Range,0
MOT0 G STYLUS 2024 COUNTRY LOCKED BEST FOR GAMING & ONLINE CLASSES,49999.0,4.4,0,0,tablets,0.880017600352007,Premium,1
Samsung Galaxy S25 Ultra Pta Approved 12/256 12/512 Dual sim Box pack,300000.0,4.4,0,0,tablets,0.14666666666666667,Premium,1
"Amazon Fire 7' Inch Tablet | 100% INSPECTED | 1GB RAM | 7th Generation | 2980mAh Battery | Top Rated | Budget Friendly | BEST FOR KIDS | Just Like New Condition | With Box, Charger, Cable",6499.0,4.4,0,0,tablets,6.770272349592246,Budget,0
amazon tablet/ 7th generation /best for kids/ android / oneTube/ facebook/ TikTok,10000.0,4.0,32,154,tablets,4.0,Mid-Range,0
"RL-07 Portable Mini Fan Rechargeable USB Handheld Portable Fan with 3-Speed Modes, Quiet Operation Travel-Friendly Design",3049.0,4.4,0,0,tablets,14.430960970810103,Budget,0
Lenovo Tab M10 |16GB Storage | 2GB RAM | 5MP Camera | 10 Inches Display | 4850 mAh Battery | Tablet PC,11987.0,4.4,0,0,tablets,3.67064319679653,Mid-Range,0
"Samsung Galaxy Tab A11 X133 (8.7"", 4GB/64GB) – WiFi Only Tablet",50000.0,4.4,0,0,tablets,0.8800000000000001,Premium,1
"Lenovo Tab M8 Tablet – 8 Inch, 2GB RAM, 16GB ROM, Android 10 | PUBG & FreeFire Supported | Free Charger Included",10999.0,5.0,1,0,tablets,4.545867806164197,Mid-Range,0
"Itel Flip 1 | 2.4"" Display Big LCD | Dual SIM | 1200mAh Battery | King Voice | Slim Stylish Flip Feature Phone | 2000 Contacts & 100 Messages Memory | Bluetooth Calling Wireless FM Radio | Type-C Charging Support",4400.0,4.4,0,0,tablets,10.0,Budget,0
Vivo Y71 Dual sim Phone - PTA APPROVE - 3360 MAH Battery - 6GB RAM - 128GB ROM - Loud Speaker - Snapdrogon 425 Proxessor - 6 Inch HD+ Display - 13MP Camera  4G support Mobile Phone - Vivo Mobile On installment - Budget Friendly Mobile - Support Games,10030.0,4.4,0,0,tablets,4.386839481555334,Mid-Range,0
Nokia X2-02 - Dual SIM Music Phone - PTA Approved - FM Transmitter - Dedicated Music Keys - Lush Condition - Collectible Edition,6499.0,5.0,1,0,tablets,7.693491306354824,Budget,0
Google Pixel 9 pro xl Dual Sim Pta Approved 16/128 16/256,200000.0,4.4,0,0,tablets,0.22000000000000003,Premium,1
Daraz Like New Lenovo Tab 3 - Pubg Supported - 8inch Display - 2gb Ram - 16gb Rom - Best Camera -,10000.0,4.4,0,0,tablets,4.4,Mid-Range,0
"Microsoft Surface Pro 3 | 12"" | Core i5 | 4GB Ram | 128GB Rom | Silver | Wifi | Certified Daraz Like New Tablets | 6 Months Warranty | Daraz Like New Tablets",44999.0,4.4,0,0,tablets,0.9777995066557036,Premium,1
Amazon Tablet 1gb 16gb 9th Generation WiFi Supported Memory Card Supported Play Store,6999.0,4.0,17,59,tablets,5.7151021574510645,Budget,0
"Lenovo Tab M10 Plus FHD Gen 3 10.6"" | 64 GB Storage | 4 GB RAM | Wi-Fi Tablet| GAMMING TAB  7700 mAH Battery | Best for kids & adults",29663.0,4.5,1,0,tablets,1.5170414320871117,Premium,0
Amazon Fire HD 8 | 10th Generation | 32GB Storage | 2GB RAM | Mediatek MT8168 (12 nm) | 8.0″ Display | Wi-Fi | Best Tablet For Youtube And Online Classes | Tablet PC,13000.0,4.4,0,0,tablets,3.384615384615385,Mid-Range,0
"Samsung TAb A9 Plus |11.0"" Inch Display | 8GB RAM | 128GB ROM | 7100 mah battery | best for kids & adults | with box & original charger",54999.0,4.4,0,0,tablets,0.8000145457190132,Premium,1
rechargeable Fane,3549.0,4.4,0,0,tablets,12.397858551704706,Budget,0
"Nokia 105 | Feature Phone Dual Sim | WithOut Camera | With Box, Charger | PTA Approve | Long Lasting Best Battery | Orginial Dubia Stock",2399.0,4.4,0,0,tablets,18.340975406419343,Budget,0
Lenovo Docomo Dtab D-42A | 4GB RAM | 64GB Storage,20000.0,4.4,0,0,tablets,2.2,Premium,0
"Tab - Huawei D Tab Docomo D01J 8.4' Inch Tablet | 100% INSPECTED | 3GB RAM | 16GB ROM(STORAGE) | 4800mAh Battery | Fingerprint |Top | BEST FOR ADULT AND KIDS BOTH | Just Like New Condition | With Box, Charger, Cable & FREE SURPRISE GIFT | High Performance",15999.0,4.4,0,0,tablets,2.750171885742859,Mid-Range,0
Samsung Galaxy Tab A9+ 5g | Snapdragon 695 | Tablet,51500.0,4.4,0,0,tablets,0.854368932038835,Premium,1
Moto G Stylus 2023 | 128GB | PTA Approved | Smooth Performance Smartphone | Free Charger & Free Cover Included,26000.0,4.4,0,0,tablets,1.6923076923076925,Premium,0
"Samsung Galaxy Tab S7 – 11"" Display – Snapdragon 865+ – 6GB RAM 128GB Storage – S Pen Support – 8000mAh Battery – Android 13 | Seller: SUK",72000.0,4.4,0,0,tablets,0.6111111111111112,Premium,1
Poco Pad -9 Months Used - 8GB RAM - 256GB ROM - Li-Po 10000mAh -Wi-Fi,47000.0,4.4,0,0,tablets,0.9361702127659576,Premium,1
Samsung Galaxy Tab A - 2GB RAM 16GB ROM - 8'' Screen size - Fast Processor - Good Condition - FRE,11000.0,4.4,0,0,tablets,4.0,Mid-Range,0
"Tab -  Amazon Fire 7' Inch Tablet | 100% INSPECTED | 1GB RAM | 7th Generation | 2980mAh Battery | Top Rated | Budget Friendly | BEST FOR KIDS | Just Like New Condition | With Box, Charger, Cable & FREE SURPRISE GIFT | Affordable",5999.0,5.0,3,11,tablets,8.33472245374229,Budget,0
"Writing LCD Drawing Multicolor Screen Tablet Available in 4.5 inch, 6.5 inch, 8.5 inch, 10 inch, 12 inch, 16 inch sizes Also",252.0,4.0,186,808,tablets,158.73015873015873,Budget,0
OPPO Pad 3 | PUBG 90 Fps | Tablet,52500.0,4.4,0,0,tablets,0.8380952380952381,Premium,1
TAB910 golden color tablet,25000.0,4.4,0,0,tablets,1.7600000000000002,Premium,0
Cloud  tablets,9500.0,4.4,0,0,tablets,4.631578947368421,Budget,0
Moto G Power 2025 PTA Approved 8GB RAM 128GB Storage | High Performance Smartphone | Free Charger & Free Cover Included,42499.0,4.4,0,0,tablets,1.0353184780818374,Premium,1
Calling Tab 64gb /2sim n 1 sim slot / Android charging/ for children games n poems,10200.0,4.4,0,0,tablets,4.313725490196079,Mid-Range,0
Vivo Y100 8GB + 256GB,59000.0,4.4,0,0,tablets,0.7457627118644068,Premium,1
Vivo Y100 8GB + 128GB,56999.0,4.4,0,0,tablets,0.7719433674274988,Premium,1
Huawei dtab Compact D-02K 8″ Tablet | 3GB RAM 32GB Storage | Android 9.0 | IPS LCD 1920×1200 | PTA Approved Calling | Free Charger,15999.0,4.4,0,0,tablets,2.750171885742859,Mid-Range,0
Cloud Tab,10000.0,4.4,0,0,tablets,4.4,Mid-Range,0
Vivo Y66 PTA Approved Original Mobile Phone | 4GB RAM 64GB ROM (3GB/32GB for User) | 13MP Camera | Dual SIM | Imported Global Variant | 100% Inspected Fresh Stock | Premium Quality Smartphone | Like New Condition | Box & Charger Included,9899.0,4.4,0,0,tablets,4.44489342357814,Mid-Range,0
Samsung Galaxy Tab S7 with S Pen – 128GB – Like New Condition | Free Shipping & 6 Months Warranty | Best Price  | Daraz Like New Tablets,110000.0,4.4,0,0,tablets,0.4,Premium,1
Nokia 106 (2018 Edition) - The Compact Powerhouse - PTA Approved - Durable Body - Long Battery Life - Lush Condition,3999.0,4.4,0,0,tablets,11.00275068767192,Budget,0
Samsung tab A (2020) - (3GB/32GB) - 8.1' IPS Display - 5200 Battery mAh - Gaming tablet - Brand New Condition - With (Free tablet cover),18999.0,4.4,0,0,tablets,2.3159113637559874,Mid-Range,0
"LCD Writing Tablet For Kids | 10""",1000.0,4.4,0,0,tablets,44.0,Budget,0
Q MOBILE PHANTOM 2.4 LCD FOLD MOBILE,4100.0,4.4,0,0,tablets,10.731707317073171,Budget,0
"Lenovo Legion Tab - 8.8"" Inch - 16GB RAM - 256GB STORAGE - 120FPS Gaming Machine - Android 14 - 2024 Model (Free Original Glass Protector Installed ) - Daraz Like New Tablets",108999.0,4.4,0,0,tablets,0.40367342819658897,Premium,1
Realme Note 60,28500.0,4.4,0,0,tablets,1.5438596491228072,Premium,0
Acer ChromeBook R11 - Touch Screen Laptop - 16GB Storage - 4GB RAM - 360 Rotatable - 11.6″ HD Display - Playstore Supported - Long Battery Life - Free Laptop Bag,12999.0,5.0,4,17,tablets,3.8464497269020694,Mid-Range,0
Nokia Asha 200 Dual SIM - QWERTY Keyboard - PTA Approved - Lush Condition - Collectible Secondary Phone,6999.0,4.4,0,0,tablets,6.286612373196172,Budget,0
Original Vivo Y19 8GB RAM 256GB Storage Excellent Performance Smartphone 5000mAh Battery Fast & Smooth Mobile,16999.0,4.4,0,0,tablets,2.5883875522089537,Mid-Range,0
"Amazon Fire HD 10' Inch Tablet | 100% INSPECTED | 9th Generation | 2GB RAM | 32GB ROM(STORAGE) | 6300mAh Battery | Playstore Installed | BEST FOR ADULT AND KIDS BOTH | Just Like New Condition | With Box, Charger, Cable",16999.0,4.4,0,0,tablets,2.5883875522089537,Mid-Range,0
"OnePlus Pad – Best Heavy Gaming Tablet | 11.61"" Display | 512GB Storage | 12GB RAM | MediaTek Dimensity 8350 | Android 15 | 8MP Rear & Front Cameras | 9250mAh Battery - Daraz Like New Tablets",101999.0,4.4,0,0,tablets,0.4313767782037079,Premium,1
"Samsung Galaxy Tab S7 FE – 12.4"" Display, 64GB Storage, 4GB RAM, Snapdragon Processor, 10090mAh Battery (S Pen Not Included) with box & original charger",54999.0,4.4,0,0,tablets,0.8000145457190132,Premium,1
Samsung Tab S6 lite,39000.0,4.4,0,0,tablets,1.1282051282051282,Premium,1
Huawei tab,15000.0,4.4,0,0,tablets,2.933333333333334,Mid-Range,0
"Samsung Galaxy Tab S10 Ultra - 14.6 "" Inch Display - 12GB Ram - 256GB ROM WIFI - With Keyboard Cover - X920",319999.0,4.4,0,0,tablets,0.1375004296888428,Premium,1
Vivo V15 Pop up Camera 6gb ram 128gb rom Dual Sim Fingerprint PTA Approved With Box Nd Charger,27000.0,4.5,4,13,tablets,1.6666666666666665,Premium,0
"Kids Tablet"", ""Learning Tablet"", ""Gift for Kids"", STU BOOK TABLET for sale  ● Display: 10.1-inch IPS LCD, 1920 × 1200 resolution",7999.0,4.4,0,0,tablets,5.500687585948244,Budget,0
New Multi Color Kids Paperless Electric Cell Operate Writing Tablet with Box Multi color 8.5inch,590.0,4.4,0,7,tablets,74.57627118644068,Budget,0
S390 SAIL Air | 256 GB Storage | 8 GB RAM |  7″ IPS Display | with HD video recording| 5000 mAh Battery,19000.0,5.0,8,24,tablets,2.631578947368421,Premium,0
Vivo Y71 Box Charger Sim Eject Tool 128GB Storage 6GB Ram | Dual Sim | Snapdragon 425 | 3360 MAH Battery | 13 MP Camera | Vivo PTA Approve  Phone | Budget phone | Mobile Phone on Installment,10480.0,4.0,34,117,tablets,3.816793893129771,Mid-Range,0
Samsung Galaxy Tab A8 (X200) (2021) 10.5’ Inch Tablet | Top Rated | 3GB RAM | 32GB ROM | 7040mAh Battery | 10/10 Condition | High Performance | Reliable | Affordable | with box & original charger,47319.0,4.0,3,9,tablets,0.8453264016568397,Premium,1
"Lenovo Tab M11 (2024 Model) - 11"" Display, 8GB RAM, 128GB Storage, Android 13, 13MP Main & 8MP Front Camera, 7040mAh Battery | Buy Now on Daraz | Daraz Like New Tablets",59999.0,4.0,1,0,tablets,0.6666777779629661,Premium,1
Amazon Fire 7 | 5th Generation | 8 GB Storage | 1 GB RAM | 1.3 GHz quad-core processor | 7″ IPS Display | 2 MP main camera and rear-facing cameras with 720p HD video recording| 2980 mAh Battery,18000.0,5.0,3,21,tablets,2.7777777777777777,Mid-Range,0
kindle 11th generation,49999.0,4.4,0,0,tablets,0.880017600352007,Premium,1
"Tab -  Samsung A9 Plus 11' Inch Tablet | 100% INSPECTED | 4GB RAM | 64GB ROM(STORAGE) | 7040mAh Battery  | Top Rated | BEST FOR ADULT AND KIDS BOTH | Just Like New Condition | With Box, Charger, Cable & FREE SURPRISE GIFT | High Performance | Reliable",43999.0,5.0,1,0,tablets,1.1363894633968954,Premium,0
"Club mobile Kgf 2.0"" lcd 5000mAh Mega battery Dual sim",3442.0,5.0,1,5,tablets,14.52643811737362,Budget,0
Amazon Fire HD 8 | 10th Generation | 32GB Storage | 2GB RAM | Mediatek MT8168 (12 nm) | 8.0″ Display | Wi-Fi | Best Tablet For Youtube And Online Classes | Tablet PC,10999.0,4.0,9,33,tablets,3.6366942449313573,Mid-Range,0
ZnG Traders Colorful LCD Writing Tablet for Kids | Unisex Educational Drawing Pad | Portable Travel-Sized Doodle Board for Ages 3-8,430.0,5.0,1,0,tablets,116.27906976744185,Budget,0
"Samsung A9 Plus 11' Inch Tablet | 100% INSPECTED | 4GB RAM | 64GB ROM(STORAGE) | 7040mAh Battery | BEST FOR ADULT AND KIDS BOTH | Top Rated |  Just Like New Condition | With Box, Charger, Cable & FREE SURPRISE GIFT | High Performance | Reliable",42999.0,4.5,1,0,tablets,1.0465359659526967,Premium,0
AMAZON AMERICAN TABLET /7HOURS BATTERY BACKUP/WHATSAPP AND OTHER ALL APPS WORKING/BOX AND CHARGER/3GB RAM/8INCH SIZE,8500.0,4.4,0,0,tablets,5.176470588235294,Budget,0
LG V60 THINQ 5G DUAL SIM,53000.0,4.4,0,0,tablets,0.8301886792452831,Premium,1
"Amazon Fire HD 8' Inch Tablet | 100% INSPECTED | 10th Generation | 2GB RAM | 32GB ROM(STORAGE) | 4750mAh Battery | Playstore Installed | Dual Camera | BEST FOR ADULT AND KIDS BOTH | Just Like New Condition | With Box, Charger, Cable & FREE SURPRISE GIFT",12999.0,4.0,12,43,tablets,3.077159781521656,Mid-Range,0
Nokia 130 (2017) - Dual SIM - PTA Approved - Built-in Video Player - FM Radio - Lush Condition - Long Life Battery,3999.0,4.4,0,0,tablets,11.00275068767192,Budget,0
Vivo Y93 | 6gb 128gb Storage | 6GB RAM | 4GB | 64GB Snapdragon 450 | 3260 mAh | Dual Sim  PTA Approved| 24MP Camera | Daraz Like New Phones Box / Charger,12500.0,5.0,16,6,tablets,4.0,Mid-Range,0
"Oppo Pad 3 – Powerful Gaming Tablet | 11.61"" Display | 128GB Storage | 8GB RAM | MediaTek Dimensity 8350 | Android 15 | 8MP Front & Rear Cameras | 9250mAh Battery - Daraz Like New Tablets",61990.0,4.4,0,0,tablets,0.7097919019196645,Premium,1
G808 4G LTE/ TABLET/DATA INTERNET SUPPORT 4G / 3GbRAM/32GBSTORAGE,9999.0,4.4,0,0,tablets,4.400440044004401,Mid-Range,0
vivo y85,11999.0,4.4,0,0,tablets,3.6669722476873075,Mid-Range,0
Daraz Like New Tablets Amazon Fire HD 10 (7th Generation) Ram 2GB | Rom 32GB | Display Size 10inches | Resolution 1080 HD | Battery 7000mAh | Play Store Available | youtube kids Working,15490.0,5.0,2,9,tablets,3.2278889606197545,Mid-Range,0
Nokia 9300 Communicator - Collector’s Edition - Full QWERTY Keyboard - Dual Display - PTA Approved - Lush Condition,24999.0,4.4,0,0,tablets,1.7600704028161127,Premium,0
COMBO DEAL - VIVO Y71 - 4GB RAM -32GB ROM - DUAL SIM  - PTA APPROVE - BOX - CHARGER - VIVO,10120.0,4.0,2,0,tablets,3.952569169960474,Mid-Range,0
D9 Trigger For Pubg Free Fire Mobile Controller Gamepad - Triger,2299.0,5.0,1,6,tablets,21.74858634188778,Budget,0
"Oppo Pad 3 – Powerful Gaming Tablet | 11.61"" Display | 128GB Storage | 8GB RAM | MediaTek Dimensity 8350 | Android 15 | 8MP Front & Rear Cameras | 9250mAh Battery - Daraz Like New Tablets",64999.0,5.0,2,0,tablets,0.7692426037323651,Premium,0
Vivo Y71 | 64GB Storage | 4GB RAM | Snapdragon 425 | 3360 mAh | Dual Sim | 13MP Camera | PTA Approved | Mobile Phone,9950.0,4.4,0,10,tablets,4.42211055276382,Mid-Range,0
Motorola One Ace 5G | 128GB Storage | 6GB RAM | Snapdragon 750G | Single Sim | 5000 mAh Battery | 48MP Camera | Non PTA Approved | Mobile Phone,20000.0,5.0,3,8,tablets,2.5,Premium,0
Samsung Galaxy Tab A (2019) 8’ Inch Tablet | 2GB RAM | 32GB ROM | 5100mAh Battery | best for kids & adults | with box & original charger + cable,13011.0,5.0,1,0,tablets,3.842902159711014,Mid-Range,0
Microsoft Surface Pro 2 | Core i5 | 4GB RAM | 128GB SSD | Silver | WiFi | Certified Like New Tablet | 6-Month Warranty | High-Performance 2-in-1 Laptop | Daraz Like New Tablets,39999.0,5.0,4,5,tablets,1.2500312507812694,Premium,0
"Huawei D Tab Docomo D01J 8.4' Inch Tablet | 100% INSPECTED | 3GB RAM | 32GB ROM(STORAGE) | 4800mAh Battery | Fingerprint |Top Rated | BEST FOR ADULT AND KIDS BOTH | Just Like New Condition | With Box, Charger, Cable & FREE SURPRISE GIFT | High Performance",17999.0,4.4,0,0,tablets,2.444580254458581,Mid-Range,0
"OPPO A31 6GB 128GB PTA Approved – Triple Camera, 6.5” Display, 5000mAh Battery – Best Price in Pakistan",19000.0,4.4,0,0,tablets,2.3157894736842106,Premium,0
Nokia X1-01 - Dual SIM Music Edition - PTA Approved - Extra Loud Speaker - 32GB SD Support - Legendary Battery Life,5999.0,4.4,0,0,tablets,7.334555759293217,Budget,0
Oppo Pad 3 Tab - 8GB - 128GB - 2024 Model - 11 Inch - Android 15 - Free Jelly Cover & Glass Protector Installed - Daraz Like New Tablets,89999.0,4.0,1,0,tablets,0.4444493827709197,Premium,1
Samsung Tab A 2019 T290 8Inch Wi-Fi 32GB SILVER  FREE TABLET COVER,13499.0,4.0,78,221,tablets,2.9631824579598485,Mid-Range,0
"Lenovo P11 Tab 11' Inch Tablet | 100% INSPECTED | 4GB RAM | 7700mAh Battery  | Top Rated | BEST FOR GAMING | PUBG SUPPORTED | Just Like New Condition | With Box, Charger, Cable & FREE SURPRISE GIFT | High Performance | Latest Model",39999.0,5.0,1,0,tablets,1.2500312507812694,Premium,0
Samsung Galaxy Tab A 2020 | 8.4’ Inch Tablet | 3GB RAM | 32GB ROM | Sealed Stock | 5000mAh Battery | Upgradable From Android 11|RELIABLE |BEST TAB FOR KIDS & ADULTS| GAMMING TAB | WITH BOX & ORIGINAL CHARGER,22631.0,4.4,0,0,tablets,1.9442357827758385,Premium,0
Vivo y17 - 4GB RAM - 128GB ROM - DUAL SIM - PTA APPROVE - BOX CHARGER -5000 MAH BATTERY LAUD SPEAKER - WATER DROP DISPLAY - VIVO,21500.0,5.0,3,9,tablets,2.3255813953488373,Premium,0
Nokia C1-02 - Reliable Dual SIM - PTA Approved - Classic Candybar Design - Loud Speaker - Lush Condition,4499.0,4.4,0,0,tablets,9.7799511002445,Budget,0
"Nokia 125 (Classic) - Large 2.4"" Display - Ergonomic Tall Design - PTA Approved",4499.0,4.4,0,0,tablets,9.7799511002445,Budget,0
"Tab - Lenovo M8 HD 8' Inch Tablet | 100% INSPECTED | 2GB RAM | 16GB ROM(STORAGE) | 5000mAh Battery | Top Rated | Gaming Tablet | BEST FOR ADULT AND KIDS BOTH | Just Like New Condition | With Box, Charger, Cable & FREE SURPRISE GIFT | High Performance",13999.0,4.4,0,0,tablets,3.1430816486891926,Mid-Range,0
Xiaomi Pad 7 8GB + 256GB,100999.0,4.4,0,0,tablets,0.43564787770175945,Premium,1
Daraz Like New tablet - Samsung Galaxy tab 3 - 1.5GB RAM - 16GB ROM - 7'' Screen size - FREE COVER,7999.0,4.4,0,5,tablets,5.500687585948244,Budget,0
"Samsung A9 Plus 11' Inch Tablet | 100% INSPECTED | 4GB RAM | 64GB ROM(STORAGE) | 7040mAh Battery  | Top Rated | BEST FOR ADULT AND KIDS BOTH | Just Like New Condition | With Box, Charger, Cable & FREE SURPRISE GIFT | High Performance | Reliable",49999.0,5.0,1,0,tablets,1.000020000400008,Premium,0
