name,price,rating,reviews,sold,category,value_score,price_tier,is_overpriced,category_encoded,tier_encoded,pca_1,pca_2
Google Pixel 9 PRO XL | 16GB RAM | 256GB STORAGE | Dual sim approved | flagship model |,199999.0,5.0,0,0,mobiles,0.25000125000625,Premium,0,2,2,2.764020821419873,-0.1197368828756809
Google Pixel 7 | 8GB Ram | 128GB storage | dual sim approved | Tensor G2 chipset | 10/10 condition | just like new condition without box,61999.0,5.0,1,6,mobiles,0.8064646203971031,Mid-Range,0,2,1,1.587737331521691,0.07918431476821634
"Samsung Galaxy s22 ultra | 12GB Ram | 128GB, 256GB, 512GB | official PTA approved | without box",154499.0,5.0,2,5,mobiles,0.3236266901403892,Premium,0,2,2,2.3649723941202017,-0.05311860295744907
Google Pixel 6 | 8GB Ram | 128GB storage | dual sim | just like new condition | without box |,54999.0,4.4,0,0,mobiles,0.8000145457190132,Mid-Range,0,2,1,0.7477696203040418,-0.01414941407163386
"Samsung Galaxy S24 Ultra (12GB RAM, 256GB Storage)",350000.0,5.0,1,0,mobiles,0.1428571428571428,Premium,0,2,2,4.019967729495268,-0.332480634192207
Daraz Like New Phone - Google Pixel 9 pro XL - 16GB / 256GB - OFFICIAL PTA APPROVED - SIX MONTHS WARRANTY,249999.0,5.0,1,0,mobiles,0.2000008000032,Premium,0,2,2,3.1819747032175822,-0.1911995909169996
Oppo A5 Pro - (8+256),59999.0,5.0,1,0,mobiles,0.8333472224537075,Mid-Range,0,2,1,1.5898038749982606,0.0772317069929154
Tecno Spark 40 Pro - 6.78 Inches Display - 8GB RAM 256GB ROM - 13MP Front Camera - 50MP Rear Camera - Dual SIM - 5200mAh Battery,59999.0,4.4,0,0,mobiles,0.7333455557592627,Mid-Range,0,2,1,0.7896688526256028,-0.02121339559557899
"Imported Original Oppo A57 Mobile | 100% INSPECTED | 3GB RAM | 32GB ROM(STORAGE) | Fingerprint Mount | 2900mAh Battery | Fresh Kit | Dual Sim PTA Approved | BEST FOR ADULT AND KIDS BOTH | Just Like New Condition | With Box, Charger, Cable & FREE Handsfree",9999.0,5.0,1,0,mobiles,5.000500050005001,Budget,0,2,0,1.1708115517826496,0.14787152223236671
"Imported Original Vivo Y66 Mobile | 100% INSPECTED | 4GB RAM | 64GB ROM(STORAGE) | 2930mAh Battery | Fresh Kit | Dual Sim PTA Approved | BEST FOR ADULT AND KIDS BOTH | Android 8.1 | Just Like New Condition | With Box, Charger, Cable & FREE Handsfree",9999.0,4.0,3,11,mobiles,4.000400040004001,Budget,0,2,0,-0.20106920411360846,-0.010460888316359494
"Imported Original Vivo Y83 Mobile | 100% INSPECTED | 6GB RAM | 128GB ROM(STORAGE) | 3360mAh Battery | Fresh Kit | Dual Sim PTA Approved | BEST FOR ADULT AND KIDS BOTH | Android 8 | Just Like New Condition | With Box, Charger, Cable & FREE Handsfree",14999.0,5.0,1,9,mobiles,3.3335555703713577,Budget,0,2,0,1.1844714294964196,0.14797484128574007
Infinix Smart 10 - IPS LCD - 6.67 Inches Display - 4GB RAM 64GB ROM - 8MP Front Camera - 8MP Rear Camera - Dual SIM - 5000mAh Battery,31499.0,4.5,1,0,mobiles,1.4286167814851265,Mid-Range,0,2,1,0.6833336976065626,0.03477307218743449
Infinix Note Edge 8GB / 256GB,72999.0,4.4,0,0,mobiles,0.6027479828490802,Mid-Range,0,2,1,0.8986068566616617,-0.03957974755783632
Infinix Note 60 Pro 8GB / 256GB with  Powerbank Gift,95999.0,5.0,2,34,mobiles,0.5208387587370702,Premium,0,2,2,1.7837578999994996,0.052624616066290764
Infinix Note 60 8GB+256GB,80999.0,4.4,0,0,mobiles,0.5432165829207769,Premium,0,2,2,0.9656456283761594,-0.050882117996148536
Samsung Galaxy A07 4GB+128GB - PTA APPROVED,31799.0,4.0,107,31,mobiles,1.2579011918613794,Mid-Range,0,2,1,-0.1891405800040072,-0.11091336453870052
vivo X300 Pro - 200MP ZEISS APO Telephoto Camera - Dimensity 9500 & Pro Imaging Chip VS1 - 6510mAh Battery & 90W FlashCharge,349999.0,4.4,0,0,mobiles,0.1257146448989854,Premium,1,2,2,3.219824327276147,-0.4309243239843966
Samsung Galaxy A07 4GB+64GB - PTA APPROVED,28999.0,4.0,234,48,mobiles,1.3793579088934105,Budget,0,2,0,-0.39782721332562454,-0.19792668629861984
vivo Y31d - 7200 mAh BlueVolt Battery - Snapdragon 6s Gen 2 4G - IP68 & 69 Dust and Waterproof - OriginOS 6.0 New System,65999.0,4.5,1,0,mobiles,0.6818285125532205,Mid-Range,0,2,1,0.972438400625334,-0.013968400327786916
vivo V70 - 12GB RAM - 256GB/512GB ROM - 50MP ZEISS Camera - 6500 mAh Battery - SDM 7 Gen 4 Processor,179999.0,5.0,1,5,mobiles,0.2777793209962277,Premium,0,2,2,2.579696920378065,-0.08832201592770192
Samsung Galaxy A07 6GB+128GB PTA APPROVED,49500.0,4.0,108,28,mobiles,0.8080808080808081,Mid-Range,0,2,1,-0.032434240954521146,-0.1391332649240779
Samsung Galaxy A17 8GB + 256 GB,59499.0,4.0,72,21,mobiles,0.6722802063900234,Mid-Range,0,2,1,0.11070367735931787,-0.12921024142413123
Xiaomi 17 Ultra 16GB/512GB,459999.0,4.4,0,0,mobiles,0.095652381853004,Premium,1,2,2,4.141607438350491,-0.5863319175111896
Tecno Camon 50 PRO 8GB/256GB,80999.0,4.0,3,17,mobiles,0.4938332572007061,Premium,0,2,2,0.37507365844736507,-0.10599122557150135
Tecno SPARK 40 Pro Plus 8GB+256GB PTA APPROVED,65999.0,4.0,59,912,mobiles,0.606069788936196,Mid-Range,0,2,1,-2.61702368836124,0.5818669461735461
Infinix Hot 60i 8GB+256GB,42500.0,5.0,8,141,mobiles,1.1764705882352942,Mid-Range,0,2,1,0.9934792962718915,0.20848168896200353
Redmi Note 14 8GB RAM + 128 GB ROM - PTA APPROVED,55999.0,4.0,15,367,mobiles,0.7142984696155289,Mid-Range,0,2,1,-0.9450809238115747,0.19818232421042414
Samsung Galaxy S26 Ultra - 256 GB,415000.0,4.0,6,32,mobiles,0.0963855421686747,Premium,1,2,2,3.1237698421074214,-0.5683897816107455
13 - 128gb - PTA Approved - Brand new condition - With charger and cover,148999.0,4.4,0,0,mobiles,0.2953039953288277,Premium,1,2,2,1.5354751879493904,-0.14695226672180234
Infinix Note 60 Pro - AMOLED LCD - 6.78 Inches Display - 8GB RAM 256GB ROM - 13MP Front Camera - 50MP + 8MP Rear Camera - Snapdragon 7s Gen 4 (5G) Chipset - Dual SIM - 6500mAh Battery,109499.0,4.4,0,0,mobiles,0.4018301537000338,Premium,1,2,2,1.204471252609058,-0.0911468126826358
Google Pixel 7 Pro – 6.7″ QHD+ 120Hz | dual sim approved | Tensor G2 | 50MP Triple Camera |  12GB RAM | 128 and 256GB Storage  5000mAh with Fast Wired & Wireless Charging | just like new condition without box,89999.0,4.4,0,0,mobiles,0.4888943210480117,Premium,0,2,2,1.0410642465549695,-0.06359728473924979
vivo Y31d - 7200 mAh BlueVolt Battery - Snapdragon 6s Gen 2 4G - IP68 & 69 Dust and Waterproof - OriginOS 6.0 New System,57999.0,4.4,0,0,mobiles,0.758633769547751,Mid-Range,0,2,1,0.7729091596969784,-0.01838780298600094
Tecno Camon 40 Pro 8GB+256GB PTA APPROVED,64999.0,5.0,127,42,mobiles,0.7692426037323651,Mid-Range,0,2,1,1.3690758338278717,-6.93648721618537e-05
Google Pixel 7A | official PTA approved | 8GB Ram | 128GB Storage | just like new condition without box,66999.0,5.0,4,13,mobiles,0.7462797952208242,Mid-Range,0,2,1,1.6045572971168212,0.07522622195436135
Infinix Hot 60 Pro Plus 8GB+256GB PTA APPROVED,60999.0,4.0,16,194,mobiles,0.6557484548927032,Mid-Range,0,2,1,-0.3613969832248218,0.05252400545393404
"Samsung Galaxy S23 Ultra | 12GB & 8GB RAM 512GB & 256GB storage, S Pen Precision, and Immersive Dynamic AMOLED 2X Display.",244999.0,5.0,2,0,mobiles,0.2040824656427169,Premium,0,2,2,3.139037029478119,-0.18495850219492177
"Infinix Note 60 Pro 5G 8GB + 8GB Ram 256GB Rom || 6.78 Inches AMOLED 144Hz 1.5K Display || IP64 , Snapdragon 7s Gen 4 || 6500 mAh Fast Charging 90W || Wireless 30W,",114999.0,4.4,0,0,mobiles,0.3826120227132409,Premium,1,2,2,1.250560408162775,-0.09891719235897543
realme 13+ 5G | 12GB RAM + 256GB ROM,89999.0,4.0,15,56,mobiles,0.4444493827709197,Premium,0,2,2,0.31566044297759577,-0.09752280343529723
"Vivo Y20s Mobile Phone | 8GB RAM 256GB ROM(For User 4/128) | 6.51"" HD+ Display | 5000mAh Battery | Vivo Mobile Phone | Triple Camera | Dual Sim Approved | With Charger & Handsfree",26007.0,4.4,0,0,mobiles,1.691852193640174,Budget,0,2,0,0.5048211116107019,0.02681037639680958
OPPO Reno13 5G | 12GB RAM + 256GB ROM - Refurbished (Open Box),97999.0,4.4,0,0,mobiles,0.4489841733078909,Premium,1,2,2,1.1081030182694673,-0.074899655177562
Vivo S1 - 6.38 Inches FHD+ Super AMOLED Display - Dual Sim Official Approved - 8GB RAM + 256GB ROM - Phone and Box Only - Skyline Blue,24999.0,4.0,6,26,mobiles,1.6000640025601025,Budget,0,2,0,-0.1255524224156148,-0.022176010331599424
Vivo Y19 - 6.53 Inches IPS LCD Display - 8GB RAM - 256GB Storage - Official PTA Approved - Fingerprint Sensor - Helio P65 Processor - (Phone and Box. No Charger and No Accessories Included - Mix Color),20999.0,3.5,11,29,mobiles,1.6667460355255013,Budget,0,2,0,-0.841321686723768,-0.10097351842130871
itel Super 26 Ultra - Curved AMOLED LCD - 6.78 Inches Display - 8GB RAM 256GB ROM - 32MP Front Camera - 50MP Rear Camera - Unisoc T7300 Chipset - Dual SIM - 6000mAh Battery,50499.0,4.4,0,0,mobiles,0.8713043822649954,Mid-Range,0,2,1,0.7100603112146369,-0.00779183070008325
Vivo Y19 - 6.53 Inches IPS LCD Display - 8GB RAM - 256GB Storage - Official PTA Approved - Fingerprint Sensor - Helio P80 Processor - (Phone and Box. No Charger and No Accessories Included - Mix Color),20999.0,4.0,6,15,mobiles,1.904852612029144,Budget,0,2,0,-0.12455704153000806,-0.02528485915138814
Realme C85 Pro - AMOLED LCD - 6.8 Inches Display -  8GB RAM 128GB/256GB ROM - 8MP Front Camera - 50MP Rear Camera -  Dual SIM - 7000mAh Battery,62999.0,4.4,0,0,mobiles,0.698423784504516,Mid-Range,0,2,1,0.8148083920185395,-0.025451784509946073
"Oppo Reno2 Z - 6.53 Inches Full HD+ AMOLED Display - 8GB RAM - 256GB ROM (128GB Usable) - 16MP Motorize Popup Camera - Dual Sim PTA Approved - Phone with Box Only, Accessories Not Included) - Multi Color",31999.0,5.0,3,16,mobiles,1.5625488296509265,Mid-Range,0,2,1,1.3028879940811982,0.12788608561628412
"Imported Original Vivo Y66 Mobile | 100% INSPECTED | 4GB RAM | 64GB ROM(STORAGE) | 2930mAh Battery | Fresh Kit | Dual Sim PTA Approved | BEST FOR ADULT AND KIDS BOTH | Android 8.1 | Just Like New Condition | With Box, Charger, Cable & FREE Handsfree",10999.0,4.5,4,23,mobiles,4.091281025547777,Budget,0,2,0,0.4362642812812139,0.0795831528387103
Google Pixel 8 Pro | 12GB Ram | 128GB/256GB storage | Official PTA approved | Without box,144999.0,4.4,0,0,mobiles,0.3034503686232319,Premium,1,2,2,1.5019558020921415,-0.1413010815026462
"Best Imported Original Vivo Y75 Mobile | 100% INSPECTED | 6GB RAM | 128GB ROM(STORAGE) |Fingerprint| 3360mAh Battery | Dual Sim PTA Approved | BEST FOR ADULT AND KIDS BOTH | Android 8.1 | Just Like New Condition | With Box, Charger, Cable & FREE Handsfree",10999.0,4.4,0,0,mobiles,4.000363669424494,Budget,0,2,0,0.37905637587430413,0.0480136233390833
"Imported Original Vivo Y75 Mobile | 100% INSPECTED | 6GB RAM | 128GB ROM(STORAGE) | Fingerprint | 3360mAh Battery | Dual Sim PTA Approved | BEST FOR ADULT AND KIDS BOTH | Android 8.1 | Just Like New Condition | With Box, Charger, Cable & FREE Handsfree",11499.0,5.0,2,12,mobiles,4.348204191668841,Budget,0,2,0,1.1446904072508284,0.1544858357430738
"Vivo Y20s (G) - 6.51 HD+ Display - Dual Sim Official PTA Approved - 8GB RAM - 256GB ROM (128GB Usable, 128GB System Reserved) - 13/2/2 + 8MP Camera (Phone with Box only, No Charger No Accessories Included - Multi Color)",23999.0,5.0,2,10,mobiles,2.083420142505937,Budget,0,2,0,1.255713900189796,0.13523314847158466
Realme Note 70 - 6.74 Inches Display - 6GB RAM 128GB ROM - 13MP Front Camera - 5MP Rear Camera - Dual SIM - 6300mAh Battery,38899.0,5.0,2,5,mobiles,1.2853800868916938,Mid-Range,0,2,1,1.3962621428457096,0.11020064987616232
Motorola | Moto G Stylus 5G 2023 | 128GB Storage | 4GB RAM | Qualcomm SM6450 Snapdragon 6 Gen 1 | 5000 mAh Battery | 50MP Camera | Non PTA Approved | SIM Lock | Mobile Phone,21000.0,4.4,0,0,mobiles,2.095238095238096,Budget,0,2,0,0.4628632203638906,0.03388424749488825
Infinix Smart 10 4GB+64GB - PTA APPROVED,27200.0,5.0,8,709,mobiles,1.838235294117647,Budget,0,2,0,-0.9169494009904497,0.6824337755271537
Samsung Galaxy A17 6GB + 128GB PTA APPROVED,51899.0,4.0,21,667,mobiles,0.7707277596870845,Mid-Range,0,2,1,-1.9269807630823632,0.43794745149280484
Infinix Smart 10 Plus 4GB+128GB - PTA APPROVED,30299.0,4.0,12,226,mobiles,1.320175583352586,Mid-Range,0,2,1,-0.7149110981686353,0.1246721586044478
"Infinix Note 60 Pro 5G 8GB Ram 256GB Rom , 6.78 Inches AMOLED 144Hz 1.5K Display , IP64 , Snapdragon 7s Gen 4 , 6500 mAh Fast Charging 90W , Wireless 30W,",114999.0,4.4,0,0,mobiles,0.3826120227132409,Premium,1,2,2,1.250560408162775,-0.09891719235897543
"iPhome 4S 16GB – Kids’ Entertainment Device (iPhmne 4S) – Games, Camera, YouTube & TikTok Ready | Safe & Compact | 6 Months Warranty",4949.0,4.4,0,0,mobiles,8.890684986866034,Budget,0,2,0,0.3283583047652152,0.056561040983056914
Google Pixel 6a | 6GB ram | 128GB storage | dual sim approved | 4410mAh battery | original phone without box,48999.0,4.0,12,46,mobiles,0.8163431906773607,Mid-Range,0,2,1,0.006579122869822732,-0.045093143841476786
Redmi 15C 6GB +128GB - PTA APPROVED,35799.0,4.0,76,15,mobiles,1.1173496466381745,Mid-Range,0,2,1,-0.07322621311129383,-0.10379674059297965
Infinix Hot 60i 6GB+128GB PTA APPROVED,39499.0,4.0,8,360,mobiles,1.0126838654143142,Mid-Range,0,2,1,-1.0541153580746891,0.22167914573682232
Oppo A6c 4GB/64GB,33799.0,4.4,0,11,mobiles,1.301813663126128,Mid-Range,0,2,1,0.5356021085177671,0.024561901628838305
"Vivo Y20s | 8GB Ram 128GB Storage | 5000 MAH Battery + 18w Fast Charging | PTA Approve | Side FingerPrint | 6.51"" HD+ Halo Big Display | 13MP AI Triple Camera | Phone, Box, Charger | Mobile Phone On Installment",28105.0,4.4,0,5,mobiles,1.5655577299412915,Budget,0,2,0,0.5067134991551673,0.02782816340342803
OPPO A6 8GB + 256GB,60299.0,4.4,0,0,mobiles,0.7296970099006618,Mid-Range,0,2,1,0.7921828065648965,-0.0216372344870157
Tecno Camon 50 8GB RAM 256GB ROM 6500mAh Front Camera 32 MP Back Camera 50 MP Battery One Year Brand Warenty,74999.0,4.4,0,0,mobiles,0.5866744889931866,Premium,0,2,2,0.9153665495902862,-0.042405340167414374
Tecno SPARK 40 Pro 8GB+256GB PTA APPROVED,51499.0,4.0,47,817,mobiles,0.7767141109536108,Mid-Range,0,2,1,-2.427988088663378,0.5365723667881444
Samsung Galaxy A56 12/256GB - PTA APPROVED,123899.0,4.0,49,408,mobiles,0.3228436064859281,Premium,1,2,2,-0.5400423058622521,0.10692613581509944
Redmi A5 4 GB RAM ROM 64 Non Scanned - Non Active - PTA APPROVED,25899.0,4.0,58,39,mobiles,1.5444611761071856,Budget,0,2,0,-0.21279969320653327,-0.05588518520244017
"Infinix Note 60 5G 8GB + 8GB Ram 256GB Rom || 6.78 Inches AMOLED 144Hz 1.5K Display || IP64 , Mediatek Dimensity 7400 Ultimate || 6500 mAh Fast Charging 45W || Wireless 30W",89999.0,4.4,0,0,mobiles,0.4888943210480117,Premium,0,2,2,1.0410642465549695,-0.06359728473924979
Infinix Note 60 Pro 8GB RAM 256GB ROM Front Camera 13MP Back Camera 50MP 6500mAh  Battery One Year Brand Warrenty,110000.0,4.4,0,0,mobiles,0.4,Premium,1,2,2,1.2086695556876783,-0.09185462363133509
12 Pro - 256 GB - SIM-LOCK - (With Charger AND Cover) - DARAZ LIKE NEW PHONES,84999.0,4.4,0,0,mobiles,0.5176531488605749,Premium,0,2,2,0.9991650142334083,-0.056533303215304635
Vivo Y31d  8GB RAM 128GB ROM Front Camera 8 MP Back Camera 50 MP  7200 mAh Battery Health One Year Brand Warrenty,63999.0,4.4,0,0,mobiles,0.6875107423553494,Mid-Range,0,2,1,0.8231882384828517,-0.02686458081473509
Tecno Camon 50 Pro  - 6.78 Inches Curved Display - 8GB RAM 256GB ROM - 32MP Front Camera - 50MP+50MP+8MP Rear Camera - Dual SIM - 6500mAh Battery,91499.0,4.4,0,0,mobiles,0.4808795724543438,Premium,0,2,2,1.053634016251438,-0.06571647919643332
Google Pixel 6a (PTA Approved) 6GB RAM 128GB ROM | 5G Smartphone  AMOLED Display | Free Charger & Cover,49999.0,4.4,0,0,mobiles,0.880017600352007,Mid-Range,0,2,1,0.7058703879824807,-0.007085432547688732
Redmi 15 8GB+128GB - PTA APPROVED,45599.0,5.0,31,456,mobiles,1.096515274457773,Mid-Range,0,2,1,0.007186876580375659,0.4360324189766606
Redmi Note 14 8GB RAM + 256 GB ROM Non Scanned - Non Active - PTA APPROVED,59999.0,5.0,29,846,mobiles,0.8333472224537075,Mid-Range,0,2,1,-1.0937718178353346,0.727916962808568
12 - 128GB - SIM-LOCK - Good Condition - (FREE CHARGER AND COVER) - DARAZ LIKE NEW PHONES,68999.0,4.4,0,0,mobiles,0.637690401310164,Mid-Range,0,2,1,0.8650874708044127,-0.03392856233868022
Realme GT7 12GB RAM 512GB ROM - PTA APPROVED,199999.0,4.0,22,79,mobiles,0.200001000005,Premium,1,2,2,1.158007224573386,-0.2403742117664587
vivo Y05 - (4+4)GB Extended RAM - 64GB / 128GB ROM - 13MP Rear Camera - 6500mAh Battery -  Side FingerPrint,36999.0,5.0,1,6,mobiles,1.3513878753479822,Mid-Range,0,2,1,1.3782411699138855,0.11450422238794199
Honor X9d - AMOLED LCD - 6.79 Inches Display - 12GB RAM 256GB ROM - 16MP Front Camera - 108MP+5MP Rear Camera - Snapdragon 6 Gen 4 Chipset - Dual SIM - 8300mAh Battery,117999.0,4.4,0,0,mobiles,0.3728845159704743,Premium,1,2,2,1.2756999475557118,-0.1031555812733425
Motorola Edge Plus | 256GB Storage | 12GB RAM | Snapdragon 865 | 5000 mAh Battery | 108MP Camera | Official PTA Approved | Mobile Phone,81999.0,4.0,11,13,mobiles,0.4878108269613044,Premium,0,2,2,0.3876967978385944,-0.11717263121448176
Oppo A31 (CPH2015) - 6.5 Inches Display - 8GB RAM - 256GB ROM (128GB Usable + 128GB System Reserved) - Dual SIM (Official PTA Approved) - 12MP+2MP+8MP Camera - Mix Color (Phone with Box - No Accessories Included),19999.0,3.0,3,9,mobiles,1.5000750037501875,Budget,0,2,0,-1.446284433653021,-0.19162824380981244
"Imported Original Vivo Y97 Mobile | 100% INSPECTED | 8GB RAM | 256GB ROM(STORAGE) | Fresh Kit | 3315mAh Battery | Dual Sim PTA Approved | BEST FOR ADULT AND KIDS BOTH | Android 8.1 | Just Like New Condition | With Box, Charger, Cable & FREE Handsfree",15999.0,5.0,4,24,mobiles,3.125195324707794,Budget,0,2,0,1.1426703606940425,0.1560388675375465
Infinix Hot 60i - IPS LCD - 6.7 Inches Display - 6GB RAM 128GB ROM - 8MP Front Camera - 50MP Rear Camera - Dual SIM - 5160mAh Battery,44999.0,5.0,1,0,mobiles,1.1111358030178449,Mid-Range,0,2,1,1.4641061780335773,0.0984236515647508
"Imported Original Vivo Y17 Mobile | 100% INSPECTED | 8GB RAM | 256GB ROM(STORAGE) | Fingerprint | 5000mAh Battery | Dual Sim PTA Approved | BEST FOR ADULT AND KIDS BOTH | Android 9 | Just Like New Condition | With Box, Fast Charger, Cable & FREE Handsfree",16499.0,3.5,1,11,mobiles,2.1213406873143827,Budget,0,2,0,-0.8121678724185757,-0.10072160818572166
Imported ViVo y75 with Box Charger HAndsfree - 4gb Ram Mobile - Selfie Camera with front Moonlight - Vivo Mobile - Vivo Phone - 4gb Mobile Phone - Dual Sim Working- Globally Customized,12993.0,5.0,4,14,mobiles,3.848225967828831,Budget,0,2,0,1.1488576028976432,0.15232206592161066
"[Official Approved] A57 - 5.2"" HD Display - 3GB RAM - 32GB ROM - Dual Sim - PTA Approved (Box Only - Mix Color)",10999.0,4.0,3,0,mobiles,3.636694244931357,Budget,0,2,0,-0.15817459090644062,-0.02063371866009334
Google Pixel 6 Pro Official PTA Approved 12GB Ram 128/256/512GB Rom Dual Sim,92000.0,4.4,0,0,mobiles,0.4782608695652174,Premium,1,2,2,1.0578323193300583,-0.06642429014513261
Original Vivo Y66 | 100% Inspected Fresh Stock | 4GB RAM 64GB ROM(3/32 for user) | 13MP Camera | Dual Sim Approved | With Box & Charger | Premium Quality |  Vivo Mobile Phone | Globally Customized,11994.0,4.0,190,725,mobiles,3.3350008337502084,Budget,0,2,0,-2.6188620877829756,0.4014454749069938
Motorola | Moto G 5G 2024 | 128GB Storage | 4GB RAM | Snapdragon 4 Gen 1 | 5000mAh Battery | 6.6″ IPS LCD Display | Non PTA Approved (SIM Lock) | Mobile Phone,19999.0,4.4,0,0,mobiles,2.200110005500276,Budget,0,2,0,0.4544749940531141,0.03529845659598206
"Schok Volt SV55 | 2GB Ram 16GB Storage | Andriod Version 11 | Type-C Cable | Non PTA Approve | 3000 MAH Long Lasting Battery | Youtube, Tiktok, FaceBook Working | Amrican Phone | Orginial Stock",5891.0,4.4,0,5,mobiles,7.469020539806485,Budget,0,2,0,0.32056358979693567,0.059212020518011464
"Vivo Y66 | Dual Sim | PTA Approve | 4GB Ram 64GB Storage | Long Lasting 3000 MAH Battery | Memory Card Suppirt | Vivo Box , Charger Sim Injector Tool & Phone | Vivo Mobile | Mobile Phone On Easy Installment | Whatsapp , Youtube Facebook & Tiktok Working",17395.0,4.4,0,10,mobiles,2.5294624892210407,Budget,0,2,0,0.4012768131847218,0.04694104548178434
Japanese Brand Kyocera E-6920 Rugged Mobile Phone – No Sims(WiFi Only) | 4GB RAM 64GB ROM | Ultimate Shockproof Smartphone | Best for Kids & Professionals | Free Charger + Exclusive Surprise Gift,12993.0,4.4,0,0,mobiles,3.3864388516893715,Budget,0,2,0,0.39576578972414267,0.045196507507333984
"Etachi Icon just look like
Iphone design Icon Mini Touch Mobile 2gb 16gb
3.75-inch touch screen Dual sim
Pta approve",13949.0,4.4,0,0,mobiles,3.154347981934189,Budget,0,2,0,0.4037769229440252,0.04384587423995568
OPPO A31 orignal 4GB ram 128GB memory double sim fingerprint (without box),15599.0,3.0,1,5,mobiles,1.9232002051413557,Budget,0,2,0,-1.4685280509900622,-0.1869516213882587
ZTE NUBIA V80 MAX = 8GB RAM = 256GB ROM = 6000mAh BATTERY,43999.0,4.4,0,0,mobiles,1.000022727789268,Mid-Range,0,2,1,0.6555913091966074,0.001391345281045424
"Vivo Y71 | 6GB Ram | 128GB STORAGE | Dual Sim + Memory Card | 3430 MAH Long Lasting Battery | Normal Games Support Like Subway Surfar, Candy Crush, Roblox & many More | PTA Approve | With Free Gift Box, Charger Sim Injector Tool | Vivo Y71 On Installment",13713.0,4.4,0,0,mobiles,3.2086341427842195,Budget,0,2,0,0.4017992791784475,0.04417929416788589
"Imported Original Vivo Y71 Mobile | 100% INSPECTED | 6GB RAM | 128GB ROM(STORAGE) | 3360mAh Battery | Fresh Kit | Dual Sim PTA Approved | BEST FOR ADULT AND KIDS BOTH | Android 8 | Just Like New Condition | With Box, Charger, Cable & FREE Handsfree",11499.0,4.0,106,381,mobiles,3.478563353335073,Budget,0,2,0,-1.4564101454479594,0.19731764903499202
Redmi Note 13 - 8GB RAM - 128GB & 256GB ROM - PTA Approved - With Official 1 Year Warranty,52800.0,4.0,11,95,mobiles,0.7575757575757576,Mid-Range,0,2,1,-0.1142782366105092,-0.010618319984267424
Itel City 200 4GB RAM 128GB ROM Front Camera 8MP Back Camera 50MP 520018 mAh Battery One Year Brand Warenty,28999.0,4.4,0,0,mobiles,1.517293699782751,Budget,0,2,0,0.5298936122319241,0.02258328985288081
Moto Stylus 2024 5G - 6.7 Inches Full FHD+ Display - 8GB RAM 128GB ROM - PTA Approved Dual Sim (Physical + E-sim) - Snapdragon 6 Gen 1 - In-Screen Fingerprint Sensor - Mix Color (Phone Only - Box Charger Accessoires Not Included),64999.0,4.4,0,0,mobiles,0.6769334912844813,Mid-Range,0,2,1,0.8315680849471638,-0.02827737711952412
"Y17 DUAL SIM, 5000 MH BATTERY",16500.0,4.4,0,0,mobiles,2.666666666666667,Budget,0,2,0,0.42515391127448565,0.040241830866438864
Vivo Y19 | 4GB RAM | 128GB Storage | Dual Sim | PTA Approve | 5000 MAH Big Battery | Dual Speaker | FingerPrint + Face Unlock | Vivo Mobile On Installment,21701.0,4.4,0,0,mobiles,2.027556333809502,Budget,0,2,0,0.46873749273537346,0.03289387728523113
ZTE NUBIA V80 PRO = 8GB RAM = 256GB ROM = 5000mAh BATTERY,49999.0,4.4,0,0,mobiles,0.880017600352007,Mid-Range,0,2,1,0.7058703879824807,-0.007085432547688732
16pro box pack one year warranty,4500.0,4.4,0,0,mobiles,9.77777777777778,Budget,0,2,0,0.324595753702739,0.057195386523907175
"✅ Vivo Y83

&gt; Vivo Y83 (4GB+64GB) | Full Original | PTA Approved | With handfree & Charger without box| Hafiz Electronics",12999.0,4.0,8,19,mobiles,3.077159781521656,Budget,0,2,0,-0.2062235203504382,-0.012442807393557955
"Oppo A57 - 5.2"" HD Display - 3GB RAM - 32GB ROM - Upgraded Android 14 - Dual Sim - Official PTA Approved - Phone Only (Charger, Box and Accessories Not Included)",10999.0,4.0,254,728,mobiles,3.636694244931357,Budget,0,2,0,-2.7030734039632605,0.3525751681031885
Etachi Icon just look like Iphone design Icon Mini Touch Mobile 2gb 16gb 3.75-inch touch screen Dual sim Pta approve,14999.0,4.4,0,0,mobiles,2.9335289019267954,Budget,0,2,0,0.41257576173155297,0.04236243811992719
BALMUDA A101BM  5G Cellphone | 128GB Storage | 6GB RAM | Qualcomm Snapdragon 765 | Single SIM | Official PTA Approved,32428.0,5.0,2,5,mobiles,1.5418773899099545,Mid-Range,0,2,1,1.3420361563751453,0.11934285476445211
Samsung Galaxy A07 128GB - 6GB RAM 6.7 Inches Display  5000 mAh Battery  50 MP + 2 MP Back Camera,40999.0,4.4,0,0,mobiles,1.07319690724164,Mid-Range,0,2,1,0.6304517698036707,0.005629734195412501
Google Pixel 8a | 8GB Ram | 128GB storage | dual sim | just like new condition | without box,84999.0,4.4,0,0,mobiles,0.5176531488605749,Premium,0,2,2,0.9991650142334083,-0.056533303215304635
Sony Xperia 1 Mark 3 - RAM 12GB - ROM 256GB - 4500mAh Battery - 6.5 Inch Display - Dust & Water Resistant - Official PTA Approved,73379.0,5.0,1,0,mobiles,0.6813938592785402,Premium,0,2,2,1.701926220690758,0.05832849243483825
Global Variant Vivo Y17 with Charger Handsfree Jelly Cover Sim Eject Tool - 8/256 (For user 4/128) ) - 5000 mah battery - Dual sim Approved - Vivo Mobile Phone Low Price - Installment Mobile - Budget Phone - Globally Customized,19999.0,4.0,270,998,mobiles,2.0001000050002498,Budget,0,2,0,-3.4914504867046046,0.5417127338497645
Original Vivo Mobile Phone Y85 Global Variant 4GB 64GB – Dual Sim Approved - Imported Model | Superior to Local | +Free Shockproof Jelly Cover | 13MP Dual Camera | with Charger & Handsfree | Best Discounted Price in Pakistan | Vivo Y85 Globally Customized,14999.0,4.0,408,14,mobiles,2.6668444562970866,Budget,0,2,0,-0.5891518642447615,-0.3484073544041386
DIGIT PLAY Smart Phone - 6.1 inch Bigger Screen - Ram 3GB - Rom 32GB,11800.0,4.0,8,23,mobiles,3.389830508474577,Budget,0,2,0,-0.22882178053127783,-0.007563397700863254
Redmi A5 4GB+128GB - PTA APPROVED,29099.0,5.0,15,10,mobiles,1.7182721055706385,Budget,0,2,0,1.2849513787250684,0.11733028089288518
Tecno SPARK 40 6GB+128GB PTA APPROVED,39199.0,4.0,99,28,mobiles,1.020434194749866,Mid-Range,0,2,1,-0.10940906662228758,-0.11717401497164007
Sumsung Galaxy S23 Ultra 12GB / 512GB OFFICAIL PTA APPROVED,285000.0,4.4,0,0,mobiles,0.1543859649122807,Premium,1,2,2,2.675142686942317,-0.3390939769694147
Infinix NOTE 50 || 8GB + 8GB RAM + 256GB ROM || 5200mAh Battery One Year Brand Warranty,76999.0,5.0,3,8,mobiles,0.6493590825854881,Premium,0,2,2,1.7050827335155065,0.057939318054272604
"OPPO RENO2 Z (CPH1945, CPH1951, CPH1917) 6.53 Inches AMOLED Display - 8GB RAM 256GB ROM - In-Screen FingerPrint - Motorized pop-up Camera - Dual SIM (WIth Box Only - Charger Accessoires Not Included - Multi Color)",32999.0,4.0,2,5,mobiles,1.212157944180127,Mid-Range,0,2,1,0.011531942388668014,-0.04691051090951875
INFINIX HOT 60 PRO = 8GB RAM = 128GB ROM = 5160mAh BATTERY,59999.0,4.4,0,0,mobiles,0.7333455557592627,Mid-Range,0,2,1,0.7896688526256028,-0.02121339559557899
Google Pixel 6a | 6GB Ram | 128GB storage | official PTA approved | just like new condition without box,55499.0,4.4,0,0,mobiles,0.7928070776050019,Mid-Range,0,2,1,0.7519595435361979,-0.014855812224028377
"Best Imported Original Vivo Y85 Mobile | 100% INSPECTED | 4GB RAM | 64GB ROM(STORAGE) | Fingerprint | 3260mAh Battery| Dual Sim PTA Approved | BEST FOR ADULT AND KIDS BOTH | Android 8.1 | Just Like New Condition | With Box, Charger, Cable & FREE Handsfree",15999.0,4.4,0,0,mobiles,2.750171885742859,Budget,0,2,0,0.4209556081958652,0.04094964181513817
"Imported Original Vivo Y93 Mobile | 100% INSPECTED | 6GB RAM | 128GB ROM(STORAGE) | Fresh Kit | 4030mAh Battery | Dual Sim PTA Approved | BEST FOR ADULT AND KIDS BOTH | Android 8.1 | Just Like New Condition | With Box, Charger, Cable & FREE Handsfree",15999.0,5.0,2,0,mobiles,3.125195324707794,Budget,0,2,0,1.2200521891506213,0.13857185160176522
Samsung Galaxy S23 Ultra Official PTA Approved Dual SIM - 256GB and 512GB,260000.0,5.0,0,0,mobiles,0.1923076923076923,Premium,0,2,2,3.26681998912507,-0.2045060739593273
Sony Xperia 5 6GB Ram 64GB Rom Single Sim PTA Approved,40000.0,5.0,3,13,mobiles,1.25,Mid-Range,0,2,1,1.3793482638447572,0.11419320218922763
LG V60 Thinq 5G Official PTA Approved 8GB Ram 128GB Rom Single Sim,58000.0,5.0,10,17,mobiles,0.8620689655172413,Mid-Range,0,2,1,1.5103655860069372,0.08618808601320639
Y81 vivo mobile 4/64 orignal doul sim PTA approved without box,11999.0,4.0,74,162,mobiles,3.3336111342611883,Budget,0,2,0,-0.7318324680533743,0.0485395064942692
Y6 pro 2019 mobile  doul sim 3/64 without box 100% original,13999.0,4.0,27,53,mobiles,2.857346953353811,Budget,0,2,0,-0.32425606712235416,-0.002414098086178847
(Official PTA Approved) OPPO F11 (CPH1911) 6.53 Inches IPS LCD - 8GB RAM / 256GB ROM  (128GB Usable + 128GB System Reserved) - 48MP + 5MP + 16MP Camera - Dual SIM (WIth Box Only Charger Accessoires Not Included - Multi Color),20999.0,4.0,36,131,mobiles,1.904852612029144,Budget,0,2,0,-0.5196841879008042,0.04240689756691882
Google Pixel 9 | 12GB RAM | 128GB storage | dual sim approved | WITHOUT BOX | latest model,139999.0,4.4,0,0,mobiles,0.3142879591997086,Premium,1,2,2,1.4600565697705805,-0.13423709997870106
"[Official PTA Approved] Vivo Y17 - 6.35 Inches HD+ Display - Dual Sim - 8GB RAM - 256GB ROM (128GB Usable + 128GB System Reserved) - 18w Dual Engine Fast Charging - Fingerprint Seneor (Phone with Box, Imported, Mix Color)",18999.0,4.0,45,176,mobiles,2.1053739670508973,Budget,0,2,0,-0.6869866266294973,0.07366295784628325
Moto G5G 2024 | 4+2 GB Ram | 5000MAH Battery ! 128GB Stoarge | Gaming Phone | Non PTA (Sim Not Working) | Budget friendly Mobile | Type-c Fast Charging | 50MP Camera | Snapdragon 4 Gen 1 (6nm) Prossor | Gaming Phone On installment | Pubg & FreeFire Suppor,16297.0,4.4,0,0,mobiles,2.6998834141253,Budget,0,2,0,0.4234528024422302,0.04052862851631104
Sony Xperia 5 Mark 1 - 6GB /64GB- Official PTA Approved - Dust & Water Resistant - Official PTA Approved,37365.0,5.0,2,0,mobiles,1.3381506757660913,Mid-Range,0,2,1,1.3990959887071164,0.10838604575364288
digit 4g Z1 2gb 16gb,8099.0,4.4,0,0,mobiles,5.432769477713299,Budget,0,2,0,0.35475482112779866,0.05211073262297148
"Moto G Pure - 6.5 Inches HD+ Display - 3GB RAM + 32GB ROM - SD Card Slot - Original American Stock (Phone + Universal Box, No Charger and Accessories) - NON PTA",10999.0,4.0,7,25,mobiles,3.636694244931357,Budget,0,2,0,-0.24077100826635497,-0.004016121597233571
ITEL CITY 200 = 4GB RAM = 128GB ROM = 5200mAh BATTERY,33999.0,4.4,0,0,mobiles,1.2941557104620725,Mid-Range,0,2,1,0.5717928445534851,0.015519308328935692
Carrefour MOBILE NEO6 PLUS ORG 2/64 SPARX (293077),19499.0,4.4,0,0,mobiles,2.256525975691061,Budget,0,2,0,0.450285070820958,0.03600485474837658
Samsung Galaxy S26 Ultra - 512 GB,479000.0,5.0,4,29,mobiles,0.104384133611691,Premium,0,2,2,5.006859123179401,-0.4941054007220116
SONY Xperia 5 - 6GB /64GB- Official PTA Approved - Original & Water Resistant,37558.0,5.0,2,0,mobiles,1.3312742957558976,Mid-Range,0,2,1,1.4007132990747286,0.10811337606681859
Itel A100C 4GB RAM 64GB ROM Front Camera 5MP Back Camera 8MP 5000mAh Battery One Year Brand Warenty,25000.0,4.4,0,0,mobiles,1.7600000000000002,Budget,0,2,0,0.4963826062211395,0.02823306227573213
"Oppo A57 - 5.2"" HD Display - 3GB RAM - 32GB ROM - Dual Sim - Official PTA Approved - Android 14 Updated (Box Only, No Charger and Accessories Not Included - Mix Color)",10999.0,4.4,0,0,mobiles,4.000363669424494,Budget,0,2,0,0.37905637587430413,0.0480136233390833
"Villaon V50S 6.52"" Display 4GB RAM 64GB PTA Approved 1 Yea Official Brand Warranty",21980.0,4.4,0,0,mobiles,2.001819836214741,Budget,0,2,0,0.4710754698989166,0.032499707116195
"Vivo V15 - 6.53 Inches Full HD+ Display - Dual Sim Official PTA Approved - 8GB RAM - 256GB ROM - Motorize Popup Front 32MP Camera - Dual Engine Fast Charging (Phone with Box, NO Charger NO Accessories) - Mix Color",23999.0,4.0,7,14,mobiles,1.6667361140047503,Budget,0,2,0,-0.09731823748744053,-0.03114250759843574
Realme GT7 Dream Edition 16GB RAM 512GB ROM PTA APPROVED,219999.0,5.0,9,64,mobiles,0.2272737603352742,Premium,0,2,2,2.7214585896229337,-0.10443137341622492
Samsung Galaxy s24 ULTRA | 12GB RAM | 512GB & 256GB storage | approved | WITHOUT BOX |,299999.0,4.4,0,0,mobiles,0.1466671555571852,Premium,1,2,2,2.800832004060536,-0.3602845087449453
Moto G Stylus 5G - 128/4GB Single Sim,36999.0,5.0,6,12,mobiles,1.3513878753479822,Mid-Range,0,2,1,1.354222726419184,0.1151679587634843
"Google Pixel 9 Pro XL | 128GB, 256GB and 512GB | official PTA approved | 16GB Ram | without box",214999.0,4.4,0,0,mobiles,0.2046521146609984,Premium,1,2,2,2.0885450545939963,-0.24019682283787802
Samsung A05 - 4GB Ram - 128GB Rom - 5000mAh Battery,29600.0,4.4,0,0,mobiles,1.4864864864864866,Budget,0,2,0,0.5349298999569757,0.02173419927370261
Vivo V50 Lite 5G 12GB + 12GB Expandable RAM 256GB ROM 6.77″ AMOLED Display 120 Hz  IP65  6500 mAh Battery 90W Fast Charge,104999.0,4.4,0,0,mobiles,0.4190516100153335,Premium,1,2,2,1.166761943519653,-0.08478922931108517
Google Pixel 8 Pro | 12GB RAM | 256GB & 128GB storage | dual sim approved | 5050 mAh battery | OLED display | 2023 model new phone without box | Al-Aswad Tech,119999.0,5.0,6,23,mobiles,0.4166701389178243,Premium,0,2,2,2.015235216214242,0.006665899504939934
Tecno Camon 40 PRO || 16GB (8GB + 8GB EXTENDED) RAM + 256GB ROM || 5200mAh Battery,72499.0,5.0,1,0,mobiles,0.6896646850301384,Mid-Range,0,2,1,1.6945519558021633,0.0595717531830526
Infinix Hot 60 Pro Plus - 6.78'' 3D-Curved AMOLED Display 8GB RAM 256GB ROM 5160mAh Battery 45w FastCharge PTA Approved 1 Year Official Brand Warranty,68980.0,4.4,0,0,mobiles,0.6378660481298927,Mid-Range,0,2,1,0.8649282537215909,-0.03390171920888922
"Infinix Hot 60 Pro 8GB + 8GB Extended RAM 128GB ROM 6.78"" AMOLED Display 144Hz , Li-lon 5160 mAh 45W , Mediatek Helio G200",54999.0,5.0,2,6,mobiles,0.9091074383170604,Mid-Range,0,2,1,1.528039964853604,0.08825099609987218
realme C75 | 8GB RAM + 256GB ROM,51999.0,4.0,7,32,mobiles,0.7692455624146619,Mid-Range,0,2,1,0.08083875429771965,-0.05636620297789149
Original OnePlus N200 5G Global Variant | 7GB RAM (4+3) | Fast Charger + Handsfree | Single Sim Approved - Best Price - Globally Customized,26007.0,4.4,0,5,mobiles,1.691852193640174,Budget,0,2,0,0.48913258127304027,0.0307922100508754
OPPO A6s Pro 8GB+256GB,92498.0,4.4,0,0,mobiles,0.4756859607775304,Premium,1,2,2,1.062005482869286,-0.06712786270491757
Realme Note 60x || 8GB RAM (3GB+5GB EXPANDABLE DYNAMIC RAM) || 64GB ROM || 8MP + Flicker Back Camera || 5000 mAh Battery || 6.74 Inch Display,25999.0,5.0,5,14,mobiles,1.9231508904188623,Budget,0,2,0,1.2568074445945863,0.13312434437965723
Realme GT 7T 12GB RAM 512GB ROM - PTA APPROVED,169999.0,4.0,9,29,mobiles,0.2352955017382455,Premium,1,2,2,1.0769968724533556,-0.22711105273917073
"Imported Original Vivo S1 Mobile | 100% INSPECTED | 8GB RAM | 256GB ROM(STORAGE) | Fingerprint | 4500mAh Battery | Dual Sim PTA Approved | BEST FOR ADULT AND KIDS BOTH | Android 9 | Just Like New Condition | With Box, Fast Charger, Cable & FREE Handsfree",24999.0,5.0,1,12,mobiles,2.000080003200128,Budget,0,2,0,1.2588567759369451,0.13623597843028928
Infinix Hot 60i - 6.7 Inches Display - 6GB RAM 128GB ROM - 8MP Front Camera - 50MP Rear Camera - Dual SIM - 5160mAh Battery,45499.0,5.0,1,5,mobiles,1.09892525110442,Mid-Range,0,2,1,1.4526075709280717,0.10169908706642211
4G - Android One - Dual Sim - 16 GB - 2 GB RAM - Black,21299.0,4.0,24,11,mobiles,1.8780224423681864,Budget,0,2,0,-0.12818420884281245,-0.043706235399689666
Oppo Reno13 Pro 5G - (12+512),144800.0,4.4,0,0,mobiles,0.3038674033149171,Premium,1,2,2,1.5002882126457435,-0.1410199350379932
Realme C71 - IPS LCD - 6.72 Inches Display - 6GB RAM 128GB ROM - 5MP Front Camera - 50MP Rear Camera - Unisoc T7250  Chipset - Dual SIM - 6300mAh Battery,43499.0,4.4,0,0,mobiles,1.0115175061495667,Mid-Range,0,2,1,0.6514013859644513,0.0020977434334399346
Nokia C1-01 – PTA Approved – Camera & Bluetooth – Memory Card Slot – Internet Ready – Reliable Bar Phone,4319.0,3.0,1,0,mobiles,6.946052326927529,Budget,0,2,0,-1.5473641887698424,-0.1749971127243043
OPPO Reno13 5G | 12GB RAM + 256GB ROM - Refurbished (Open Box) - 1 Year Official Repair Warranty,99999.0,4.0,13,47,mobiles,0.4000040000400004,Premium,1,2,2,0.429775145064312,-0.1171722814567713
Honor X6c - 6.61 Inches Display - 6GB RAM 128GB/256GB ROM - 5MP Front Camera - 50MP Rear Camera - Dual SIM - 5300mAh Battery,39499.0,4.4,0,0,mobiles,1.113952251955746,Mid-Range,0,2,1,0.6178820001072024,0.007748928652596047
Oppo Reno 15 5G 256GB,146499.0,4.4,0,0,mobiles,0.3003433470535635,Premium,1,2,2,1.51452557178861,-0.14342027595982976
Xiaomi 17 12GB/512GB,317999.0,5.0,1,0,mobiles,0.1572331988465372,Premium,0,2,2,3.751804262790813,-0.2872697396426534
Tecno Camon 50 8GB + 256GB,71999.0,5.0,1,0,mobiles,0.6944540896401339,Mid-Range,0,2,1,1.6903620325700073,0.060278151335447096
Samsung Galaxy A56 8/256GB - PTA APPROVED,113899.0,4.0,23,318,mobiles,0.3511883335235603,Premium,1,2,2,-0.314447747562025,0.07077630593835571
Infinix Note 60 Pro - 6.78 Inches Display - 8GB RAM 256GB ROM - 13MP Front Camera - 50MP + 8MP Rear Camera - Dual SIM - 6500mAh Battery,109499.0,4.4,0,0,mobiles,0.4018301537000338,Premium,1,2,2,1.204471252609058,-0.0911468126826358
Samsung Galaxy S25 Ultra 12 GB RAM + 512 GB ROM PTA APPROVED,351800.0,4.0,25,124,mobiles,0.1137009664582149,Premium,1,2,2,2.285764200409785,-0.42147027914874735
TelePuff es320 Keypad Wape Mobile Phone 📱 | PTA Approved ✅ | Dual SIM 📶 | Modern Type-C Charging ⚡ | VGA Camera 📸 | Premium Puff Wape ✨,5399.0,4.4,0,0,mobiles,8.149657343952585,Budget,0,2,0,0.3321292356741557,0.055925282645901846
OPPO A5 Pro | 8GB RAM + 128GB ROM - Refurbished (Open Box),40999.0,5.0,6,61,mobiles,1.2195419400473182,Mid-Range,0,2,1,1.2339945149673486,0.1485387433541733
"Nothing Phone CMF PHONE 1, 8/128GB - PTA Approved - Nothing Phone",75799.0,5.0,1,0,mobiles,0.6596393092257153,Premium,0,2,2,1.7222054491343937,0.05490952537724881
"Honor X9D (5G) 12GB + 256GB, 6.79-inch OLED screen, 8300 mAh silicon-carbon Battery",139000.0,4.4,0,0,mobiles,0.3165467625899281,Premium,1,2,2,1.4516851031527327,-0.13282571647021685
Nothing Phone Nothing 4a Pro 12+256 - 2 Year Warranty - PTA Approved - Nothing Phone,273699.0,4.4,0,0,mobiles,0.160760543516783,Premium,1,2,2,2.5804420420491243,-0.3231279659289939
Redmi Note 15 8GB 256GB,74999.0,5.0,1,0,mobiles,0.6666755556740757,Premium,0,2,2,1.7155015719629438,0.05603976242108003
Vivo V70 - 12GB RAM 256/512GB ROM 6.59'' AMOLED Display 6500 mAh Battery 90w Charge PTA Approved 1 Year Official Brand Warranty,175980.0,4.4,0,0,mobiles,0.2500284123195818,Premium,1,2,2,1.7615718254029984,-0.18507092382131501
Redmi Note 15 Pro 8GB 256GB,94999.0,4.4,0,5,mobiles,0.4631627701344225,Premium,1,2,2,1.067274948538869,-0.06667943260912909
Samsung Galaxy S25 FE 8GB+512GB 5G PTA APPROVED,201800.0,4.0,8,33,mobiles,0.1982160555004955,Premium,1,2,2,1.3319719870127207,-0.2680310283026466
Sony Xperia 1 Mark 3 - RAM 12GB - ROM 256GB - 4500mAh Battery - 6.5 Inch Display - Dust & Water Resistant - Official PTA Approved,92444.0,4.4,0,0,mobiles,0.4759638267491671,Premium,1,2,2,1.061552971160213,-0.06705157170445894
Honor X9d - 6.79 Inches Display - 12GB RAM 256GB ROM - 16MP Front Camera - 108MP+5MP Rear Camera - Dual SIM - 8300mAh Battery,116999.0,4.4,0,0,mobiles,0.3760715903554731,Premium,1,2,2,1.2673201010913995,-0.10174278496855348
Realme Note 60X 4GB/64GB,29999.0,4.4,0,40,mobiles,1.4667155571852395,Budget,0,2,0,0.4127652159949431,0.05302516278061841
SONY Xperia 5 - 6GB /64GB- Official PTA Approved - Original & Water Resistant,37655.0,4.0,8,13,mobiles,1.062275926171823,Mid-Range,0,2,1,0.01921621047883793,-0.05205491346931518
Vivo Y17 - 6.35 Inches IPS LCD Display - 8GB RAM - 256GB Storage - Official PTA Approved - Fingerprint Sensor - Helio P35 Processor - (Phone and Box. No Charger and No Accessories Included - Mix Color),18999.0,4.0,51,154,mobiles,2.1053739670508973,Budget,0,2,0,-0.6241877416511951,0.051205532957189555
Redmi Note 15 Pro  12GB 512GB,114999.0,5.0,1,0,mobiles,0.4347863894468647,Premium,0,2,2,2.0506954305354324,-0.00047208977048103675
13 - 128gb - SIM-LOCK - Brand new condition - With charger and cover - DARAZ LIKE NEW PHONES,82999.0,4.4,0,0,mobiles,0.5301268689984217,Premium,0,2,2,0.9824053213047839,-0.05370771060572659
Google Pixel 7A | 128GB Storage | 8GB RAM | Google Tensor G2 | 64 MP Dual Camera | 4385 mAh Battery | Dual SIM | Official PTA Approved,62436.0,4.4,0,0,mobiles,0.704721634954193,Mid-Range,0,2,1,0.8100905384591317,-0.02465638019034985
Google Pixel 7 Pro | official PTA approved | 12GB Ram | 128GB & 256GB storage | just like new condition without box,109999.0,4.4,0,0,mobiles,0.4000036363966945,Premium,1,2,2,1.208661175841214,-0.09185321083503031
"Tecno Spark 40 6GB + 128GB 6.67"" IPS Display 120Hz, 5200mAh 45W Super Charging MediaTek Helio G81",42999.0,4.5,4,5,mobiles,1.0465359659526967,Mid-Range,0,2,1,0.7608980773547869,0.02003906993082448
Samsung Galaxy A26 8/256GB - PTA APPROVED,76999.0,4.0,72,696,mobiles,0.5194872660683906,Premium,0,2,2,-1.8606006050995418,0.38361336654094763
Imported ViVo S1 with Box Dual Engine Fast Charger Back Jelly Cover Handsfree Sim Eject Tool - 8/256 RAM ROM (for user 6/128) - Super AMOLED Display - Dual Sim Approved - Vivo Mobile Phone - Vivo Phone - Budget Phone - 4G Mobile - Globally Customized,26007.0,4.0,62,268,mobiles,1.5380474487637943,Budget,0,2,0,-0.9345831249248975,0.12303864294538816
Samsung Galaxy Z Flip 6 12GB RAM 512GB ROM 50 MP + 12 MP Back Camera 4000 mAh Battery 1 Year Samsung PK Warranty,335499.0,4.4,0,0,mobiles,0.1311479318865332,Premium,1,2,2,3.0983165535436195,-0.41043877756495567
Samsung Galaxy A26 5G - 6.7'' FHD+ Super Amoled Display 8GB RAM 256GB ROM 50MP Rear Camera 1 Year Offical Brand Warranty PTA Approved,85980.0,4.4,0,0,mobiles,0.511746917887881,Premium,0,2,2,1.0073856436148987,-0.05791925639030268
Oppo A6K 6GB + 128GB,49298.0,4.4,0,0,mobiles,0.892531137165808,Mid-Range,0,2,1,0.6999961156109978,-0.006095062338031624
Nothing Phone 3A Pro 12/256GB - PTA Approved - Free CMF Watch Pro - Nothing Phone,173899.0,4.4,0,0,mobiles,0.2530204313998355,Premium,1,2,2,1.7441333649107649,-0.18213089471104907
12 Pro - 256 GB - SIM-LOCK - (With Charger/ Cover) - DARAZ LIKE NEW PHONES,84999.0,4.4,0,0,mobiles,0.5176531488605749,Premium,0,2,2,0.9991650142334083,-0.056533303215304635
Daraz Like New Laptops - Hp Chromebook || 4 GB Ram - 16GB Rom || FREE LAPTOP BAG AND CHARGER,12999.0,4.0,7,13,laptops,3.077159781521656,Mid-Range,0,1,1,-0.13492110135436114,-0.6762076489711458
"Dell 3180 Chromebook 11.6 inches HD screen, 4GB Ram 16GB SSD, HDMI, WiFi, Webcam, Chrome OS -",8499.0,4.3,0,11,laptops,5.059418755147664,Budget,0,1,0,0.24150082351188884,-0.6160485517529692
"LENOVO X270  i5 7th generation, 8GB Ram, 256GB SSD, 12.5"" Led Display, (Windows 11 Licensed) FREE LAPTOP BAG - Daraz Like New Laptops",38499.0,4.0,4,9,laptops,1.0389880256630042,Premium,1,1,2,0.09443113200943437,-0.7129507432609166
Samsung | Chromebook 500C | 16GB Storage | 4GB RAM | ‎1.6 GHz Intel Celeron | Dual Core | 11.6 Inch Display | Playstore Supported | Chromebook - Daraz Like New Laptops,8769.0,4.0,61,166,laptops,4.5615235488653205,Budget,0,1,0,-0.7065127167975308,-0.5928236220883103
"Lenovo Thinkpad x270 Ultra Book, Core i5 7th generation, 8GB DDR4 Ram, 256GB SSD, 12.5"" Led Display, Intel HD Graphics Windows 11 Licensed (FREE LAPTOP BAG) - Daraz like new laptops - USED LAPTOPS",35719.0,4.0,3,8,laptops,1.1198521795123044,Premium,1,1,2,0.07531130632408027,-0.7089966434625489
"HP EliteBook 840 G7 Core i5 10th Gen, 16GB RAM, 512GB SSD, 14″ FHD LED Windows 11 Licensed (FREE LAPTOP BAG) - Daraz like new laptops",89299.0,5.0,3,8,laptops,0.5599166843973616,Premium,0,1,2,1.8595925861995282,-0.6192476104892086
Dell Chromebook 3189 | Touch Screen | 32GB Storage | 4GB RAM | 360 Rotatable | 11.6″ HD Display | Playstore Supported | - Daraz Like New Laptops,17999.0,4.3,0,0,laptops,2.3890216123117947,Mid-Range,0,1,1,0.3556241316657105,-0.6382301506874097
Lenovo Original Chromebook 128GB Storage 4GB Ram Most Demanded 5th Generation Laptop Chromebook With Charger & free Laptop Bag Gift Windows 10 Pre Installed Best for Online Work 6+ Hours Battery Timing Slim Easy to Carry Wifi & Bluetooth Supported,14899.0,4.0,10,35,laptops,2.68474394254648,Mid-Range,0,1,1,-0.19114425081158376,-0.6638405722779573
Dell Latitude 7290 - Core i5 8th Generation - 8GB RAM - 256GB SSD - 12.5inch Screen - Windows 11 Licensed (FREE LAPTOP BAG) - Daraz like new laptops,46999.0,3.5,10,25,laptops,0.7446966956743761,Premium,1,1,2,-0.5584186717906379,-0.7998783304617849
Dell 3120 P22T Chromebook | 11.6 Inches | HD plus Display | 2GB Ram | 16GB Rom | ChromeOS | WiFi | Webcam | HDMI - FREE LAPTOP BAG,7999.0,4.3,0,0,laptops,5.375671958994874,Budget,0,1,0,0.2718256670225883,-0.6241021876395195
Daraz Like New laptops - HP ProBook 450 G2 - Core i5 5th Generation - 4GB DDR3 RAM - 500GB HDD - 15.6inch Screen (NUMPAD) - FREE LAPTOP BAG,44999.0,4.3,0,0,laptops,0.9555767905953466,Premium,1,1,2,0.5818799862021404,-0.6763756509167135
HP CHROMEBOOK G4 | 128GB STORAGE | 4GB RAM | WINDOWS 10 INSTALLED | 4 TO 6 HOURS BATTERY TIMING | 11.6 INCHES FULL HD DISPLAY | 10/10 CONDITION | MEMORY CARD SUPPORTED | WITH CHARGER,13747.0,4.0,7,16,laptops,2.9097257583472755,Mid-Range,0,1,1,-0.13806609440165252,-0.6748753204146885
HP Chromebook 11 G4 | 16GB Storage | 2GB RAM | 11.6″ Display | Factory Playstore | Black & Silver - Daraz Like New Laptops,7199.0,4.0,123,482,laptops,5.556327267676067,Budget,0,1,0,-1.775567560996612,-0.3899729986686064
HP Chromebook 11 G8 | 32GB Storage | 4GB RAM | 11.6″ Display | Playstore Supported Chromebook | Grey - Daraz Like New Laptops,9498.0,4.0,413,15,laptops,4.211412929037692,Budget,0,1,0,-0.5921415716290015,-1.0037631932045938
"Lenovo Chromebook 500e Chromebook Laptop Touchscreen – Affordable, Reliable & Portable Device,Best for Students, Office & Online Business,High Speed & Long Battery and Life Lightweight, Powerful & Perfect for Online Work",13500.0,4.3,0,5,laptops,3.1851851851851847,Mid-Range,0,1,1,0.3022346720851082,-0.6278921464580981
"Dell Chromebook 3180/3100 11.6 Inch HD , 4GB RAM, Windows 10, WiFi, New - 6 Months Warranty",8498.0,4.0,1305,45,laptops,4.706989879971758,Budget,0,1,0,-1.6209423448874427,-1.7124797742410787
HP Chromebook 11 G4 | 16GB Storage | 2GB RAM | 11.6″ Display | Playstore Supported Chromebook | Black - Daraz Like New Laptops,7299.0,5.0,4,20,laptops,6.850253459377997,Budget,0,1,0,1.1337542618976368,-0.4946648055286178
"HP Chromebook 11 G6 EE 11.6"" Chromebook Intel Celeron 1.10 GHz 4GB Ram 16GB SSD, HDMI, WiFi, Webcam, Play Store, Chrome OS - FREE LAPTOP BAG",7999.0,4.0,11,37,laptops,5.000625078134767,Budget,0,1,0,-0.2562790449683043,-0.653322437115154
HP G650 Laptop 8th Generation Core i7 8GB Ram 256 GB NVME,55000.0,4.3,0,0,laptops,0.7818181818181819,Premium,1,1,2,0.665686830691727,-0.6905050267609085
Daraz Like New Laptops - Lenovo Chromebook 100E Intel Celeron 4GB RAM 16GB Chrome OS,8150.0,4.0,66,231,laptops,4.9079754601227,Budget,0,1,0,-0.9208429432380492,-0.5442997276821269
Daraz Like New Samsung Original Most Demanded Chromebook 128GB Storage 4GB Fast Ram 4 to 6 Hours Battery Timing Windows 10 Installed With Free Bag & Charger 11.6 Inches Full Hd Display HDMI Supported Webcam & Mic Installed USA IMPORTED STOCK,16989.0,4.3,0,0,laptops,2.5310495026193416,Mid-Range,0,1,1,0.34716048673675515,-0.6368032264195729
HP - 1040x360 - core i7 - 10th Generation - 16gb RAM - 512SSD - Free Laptop Bag - Daraz Like New Laptops,100000.0,4.3,0,0,laptops,0.4299999999999999,Premium,1,1,2,1.042779921585777,-0.7540808604764148
Dell 7280 - Core i5 7th Generation - 8GB RAM - 256GB SSD - 12.5inch Screen - FREE LAPTOP BAG (Windows 11 Licensed) - Daraz like new laptops,45999.0,4.0,31,120,laptops,0.8695841213939434,Premium,1,1,2,-0.21904331128765384,-0.6573681140769911
Acer Chromebook CP315 | Touch Screen | 32GB Storage | 4GB RAM | 360 Rotatable | 15.6″ FULL HD Display | Playstore Supported | - Daraz Like New Laptops,29119.0,4.3,0,0,laptops,1.4766990624678045,Premium,0,1,2,0.4488080243488624,-0.6539404455966638
Daraz Like New Laptops  - Lenovo Chromebook 300E/500E X360 TOUCH SCREEN - 2027/2029 UPDATE -  Intel Celeron 4GB RAM 32GB Chrome OS,12999.0,4.0,229,938,laptops,3.077159781521656,Mid-Range,0,1,1,-3.2678332085959063,-0.12225062498351735
Acer 5th Generation Laptop 4GB Ram 128GB SSD Windows 10,17777.0,4.0,96,321,laptops,2.250098441806829,Mid-Range,0,1,1,-1.1537169499410709,-0.5109144959911661
Hp Gaming Laptop - Zbook G5 - Core I7 8th Generation - 8GB RAM - 256GB SSD - 4GB Graphic Card - 15.6 Inch - Windows® 10 Activated - Free Laptop Bag,150000.0,4.3,0,0,laptops,0.2866666666666666,Premium,1,1,2,1.4617722448013877,-0.824720675715866
HP Chromebook 11 G8 | 32GB Storage | 4GB RAM | 11.6″ Display | Playstore Chromebook | 2029 Updated- Daraz Like New Laptops,9398.0,4.0,23,115,laptops,4.256224728665674,Budget,0,1,0,-0.5017580100470715,-0.6030570477645351
"Daraz Like New Laptops - HP EliteBook 840 G6 Notebook PC Intel Core i5 8th Generation, 8GB DDR4 Ram, 256GB SSD Drive, 14.1"" Led Display, Intel FHD Graphics Card",69999.0,4.3,0,0,laptops,0.6142944899212845,Premium,1,1,2,0.7913761478099459,-0.7116955585364392
Daraz Like New - HP ProBook 640 G1 - Core i5 4th Generation - 8GB RAM - 256GB SSD - 14inch Screen - FREE LAPTOP BAG,36999.0,4.3,0,0,laptops,1.1621935727992647,Premium,1,1,2,0.5148412144876426,-0.6650732804784013
"Dell Latitude 3380 | 13.3"" HD Display | Core i3 6th Gen 2.0GHz | 8GB DDR4 RAM | 128GB SSD | Windows 10 | Intel HD 520 | Lightweight Business Laptop | 6 Month Warranty | Like New | KT Laptop House",32999.0,4.3,0,0,laptops,1.303069789993636,Premium,0,1,2,0.4813218286303938,-0.6594220952592452
Lenovo | ChromeBook 100E | 4GB RAM | 32GB Storage | 11.6″ Display | Webcam | Playstore Supported | 2027 Updateable | ChromeBook,10499.0,4.0,26,84,laptops,3.809886655871988,Budget,0,1,0,-0.39837823525006616,-0.6317685835569179
Acer | Chromebook Spin 511 R752T | 32GB Storage | 4GB RAM | Intel UHD Graphics 500 | Intel Celeron N4020 | 11.6″ Display | Windows 10 | ChromeBook,13500.0,4.3,0,0,laptops,3.1851851851851847,Mid-Range,0,1,1,0.31792320242276983,-0.631873980112164
"Dell 3189 Convertible Chromebook 11.6 inches HD IPS Touchscreen, Intel Celeron N3060 Up to 2.48GHz, 4GB Ram 16GB / 32GB SSD, HDMI, WiFi, Webcam, Chrome OS - FREE LAPTOP BAG - USED",13199.0,4.3,0,0,laptops,3.2578225623153267,Mid-Range,0,1,1,0.31540086863701183,-0.6314487284244225
"Acer Nitro Lite NL16-71G-55JR Gaming Laptop 13th Gen Core i5-13420H, 16GB DDR5, 512GB SSD, NVIDIA RTX 3050 6GB Graphics, 16"" WUXGA IPS 165Hz, Windows 11 Home, White, 1 Year Official Local Warranty",209999.0,4.3,0,0,laptops,0.2047628798232372,Premium,1,1,2,1.9645546528136566,-0.9094870412069028
"Dell 3180 Chromebook 11.6 inches HD screen, 4GB Ram 16GB SSD, HDMI, WiFi, Webcam, Chrome OS -",7898.0,4.0,27,74,laptops,5.064573309698657,Budget,0,1,0,-0.3898355966463204,-0.6368804604781607
"Daraz Like New - Samsung Original Laptop - 128GB Fast Storage - 11.6"" Full HD Display - Windows 11 Installed - 4 to 6 Hours Battery Timing - With Charger & Free Laptop Bag Included - Most Demanded Laptop - High Performance - Free Mouse Included",16803.0,5.0,3,0,laptops,2.9756591084925312,Mid-Range,0,1,1,1.2771888854630082,-0.5231964634237286
Daraz Like New HP Original Chromebook 128GB Storage 4GB Ram Most Demanded Laptop 4 to 6 Hours Battery Timing Windows 10 Installed With Free Bag & Charger 11.6 Inches Full Hd Display HDMI Supported Webcam & Mic Installed USA IMPORTED STOCK,16989.0,4.3,0,0,laptops,2.5310495026193416,Mid-Range,0,1,1,0.34716048673675515,-0.6368032264195729
Daraz Like New Laptops - HP Elitebook 840 G7  Intel Core I5-10TH GEN 8GB Ram  256GB SSD,90999.0,4.3,0,0,laptops,0.4725326651941229,Premium,1,1,2,0.9673529235605025,-0.7413642809370087
"LENOVO CHROMEBOOK 100E - 4GB RAM DDR4 - 32GB SSD EMMC - 11.6"" SCREEN - PLAYSTORE SUPPORTED - AUE UPDATE 2027",9500.0,4.0,261,966,laptops,4.210526315789474,Budget,0,1,0,-3.4182401866382883,-0.12134155191004692
Dell Chromebook P22T with Touch screen – 4GB RAM | 16GB eMMC | 11.6″ HD Display | Chrome OS (No Play Store) | 7 Days Checking Warranty,8499.0,4.3,0,0,laptops,5.059418755147664,Budget,0,1,0,0.2760155902547444,-0.624808585791914
"Daraz Like New Dell Latitude E7440 Ultra Book, Core i5 4th generation, 8GB DDR3 Ram, 500GB Hard Drive, 14.1"" Led Display, Intel HD Graphics",34999.0,4.3,0,0,laptops,1.228606531615189,Premium,0,1,2,0.49808152155901825,-0.6622476878688233
Hp Elitebook 820 G3 - Core i5 6th Generation - 16GB DDR4 RAM - 128GB SSD - 500GB HDD -12.5inch Screen - FREE LAPTOP BAG (Windows 11 Licensed),44999.0,4.3,0,0,laptops,0.9555767905953466,Premium,1,1,2,0.5818799862021404,-0.6763756509167135
"Daraz Like New Dell Latitude E5450 Intel Core i5 5th Generation, 8GB DDR3 Ram, 500 GB Sata Hard Drive, 14.1"" Led Display, Intel HD Graphics",35999.0,4.3,0,0,laptops,1.194477624378455,Premium,1,1,2,0.5064613680233304,-0.6636604841736122
Dell Chromebook 3380 | 32GB Storage | 4GB RAM | ‎Intel Celeron 1.60GHz | 13.3 Inch Display | Playstore Supported Laptop Chromebook Daraz Like New Laptops,10152.0,5.0,1,5,laptops,4.925137903861308,Budget,0,1,0,1.207842879127009,-0.5081723359427763
"Acer Chromebook C731T WINDOWS 10 | 4GB RAM | 32GB SSD EMMC | WINDOWS 10 INSTALLED | 11.6"" Touchscreen",12499.0,5.0,2,5,laptops,4.000320025602048,Mid-Range,0,1,1,1.2264719373608481,-0.5123110616719835
HP Chromebook 14 Display G5 | 32GB SSD Storage | 8GB RAM | 14 inch | HD Display | Dual Core | Factory Playstore - Daraz Like New Laptops,22999.0,5.0,1,6,laptops,2.174007565546328,Mid-Range,0,1,1,1.312361060586496,-0.5255261633395878
"HP ProBook 11 G2 X360 Touch Screen , Core i5 7th Generation, 8GB DDR4 Ram, 128GB SSD Drive, 11.1"" X360 Touch Screen Led Display, Intel HD Graphics  Windows 11 Licensed (FREE LAPTOP BAG) - Daraz like new laptops",37129.0,4.0,4,7,laptops,1.0773250020199845,Premium,1,1,2,0.08922615448839129,-0.712607945784982
"Lenovo Thinkpad x260 Ultra Book, Core i5 6th generation, 8GB DDR4 Ram, 256GB SSD, 12.5"" Led Display, Intel HD Graphics Windows 11 Licensed (FREE LAPTOP BAG) - Daraz like new laptops",36299.0,4.0,2,0,laptops,1.1019587316455,Premium,1,1,2,0.10631170723154149,-0.7153641063639645
"HP Chromebook 11  G7 EE, 11.6"" HD, Intel Celeron N4000, 4GB DDR4 Ram, 16GB eMMC, Chrome OS ,Storm Grey, Play Store Supported",9999.0,4.0,7,21,laptops,4.000400040004001,Budget,0,1,0,-0.18516228928755635,-0.6655983262102734
HP Chromebook 11 G5 | 16GB Storage | 4GB RAM | 11.6″ Display | Factory Playstore | Black - Daraz Like New Laptops,7289.0,4.0,3,8,laptops,5.487721223761833,Budget,0,1,0,-0.16292772865631608,-0.6688308445173969
Lenovo ThinkPad X230  Core i5 3rd Gen 4GB RAM 250 GB 12..5″ Windows 10 (Free Laptop Bag) - Daraz like new laptops,37999.0,4.3,0,0,laptops,1.131608726545435,Premium,1,1,2,0.5232210609519549,-0.6664860767831903
KEYIYOU RX 580 8GB 256-bit GDDR5,20825.0,4.3,0,0,laptops,2.064825930372149,Mid-Range,0,1,1,0.3793055777738568,-0.6422227130447435
Aluminium Laptop Stand Adjustable 7 Levels Foldable Portable Notebook Holder Cooling Design for 11–17 Inch Laptops,1799.0,4.3,0,0,laptops,23.902167871039463,Budget,0,1,0,0.21987061894385257,-0.6153428505498275
Daraz Like New DELL Original Chromebook 128GB Storage 4GB Ram Most Demanded Laptop 4 to 6 Hours Battery Timing Windows 10 Installed With Free Bag & Charger 11.6 Inches Full Hd Display HDMI Supported Webcam & Mic Installed USA IMPORTED STOCK,16989.0,4.3,0,0,laptops,2.5310495026193416,Mid-Range,0,1,1,0.34716048673675515,-0.6368032264195729
"Mini Portable Washing Machine | Premium Look Spin Dryer Machine | Compact & Powerful Washer for Small Clothes, Travel, Hostel & Home Use",1189.0,4.3,0,0,laptops,36.16484440706476,Budget,0,1,0,0.21475891260062213,-0.6144810448039063
Acer ChromeBook R11 | Touch Screen | 32GB Storage | 4GB RAM | 360 Rotatable | 11.6″ HD Display | Playstore Supported | - Daraz Like New Laptops,14698.0,4.0,176,641,laptops,2.7214587018642,Mid-Range,0,1,1,-2.2666597522471563,-0.31755856645789504
Lenovo | AMD A4-9120C 9th Gen | 4GB DDR4 RAM | 32GB SSD eMMC + 40GB Could Storage Free  | 1.60Ghz Processor | 11.6 Display | Windows 11 | 2029 Update AUE Chromebook,10999.0,4.0,22,59,laptops,3.636694244931357,Budget,0,1,0,-0.31159189465799564,-0.6490925787721722
"DELL LATITUDE 3190 LAPTOP | INTEL CELERON 6th Generation PROCESSOR | 4GB RAM DDR4 | 64GB SSD EMMC |11.6"" DISPLAY",18999.0,4.0,5,8,laptops,2.1053739670508973,Mid-Range,0,1,1,-0.06687660939502311,-0.6870204748502111
💻 HP Chromebook 14 G5 – Celeron N3350 | 4GB RAM | 16GB Storage | 14” Display | Play Store Supported,15999.0,4.3,0,0,laptops,2.6876679792487037,Mid-Range,0,1,1,0.33886443873708605,-0.6354045580778317
Daraz Like New Laptop - Lenovo Thinkpad – X230 – Core i5 3rd Gen – 4 GB RAM – 250 GB – 12.5″ - Refurbished - FREE LAPTOP BAG AND CHARGER,20499.0,5.0,1,0,laptops,2.439143372847456,Mid-Range,0,1,1,1.3102376808309093,-0.5267723729624942
Lenovo N22/N23 Chromebook – 11.6″ – 4 GB RAM – 16 GB ROM – With Play Store - PUBG Supported - DARAZ LIKE NEW LAPTOPS - USED - LAPTOPS,22999.0,4.3,0,0,laptops,1.869646506369842,Mid-Range,0,1,1,0.3975233639872716,-0.6452941322113549
"Mini Portable Washing Machine | Premium Look Spin Dryer Machine | Compact & Powerful Washer for Small Clothes, Travel, Hostel & Home Use",899.0,4.3,0,0,laptops,47.83092324805339,Budget,0,1,0,0.21232875712597157,-0.6140713338755175
"Lenovo ThinkPad X240 - Core i5 4th Generation - 8 GB Ram - 256 GB SDD - 12.5""",36000.0,4.3,0,0,laptops,1.1944444444444444,Premium,1,1,2,0.5064697478697947,-0.6636618969699171
"Daraz Like New Laptops - Hp Chromebook 11 G6 EE | 4GB RAM DDR4 | 16GB SSD EMMC | Playstore supported | 11.6"" screen - FREE LAPTOP BAG",8499.0,4.3,0,0,laptops,5.059418755147664,Budget,0,1,0,0.2760155902547444,-0.624808585791914
Dell Chromebook 11 3180 - 4GB RAM - 16GB SSD (FREE LAPTOP BAG) - Daraz like new laptops,8499.0,4.3,0,0,laptops,5.059418755147664,Budget,0,1,0,0.2760155902547444,-0.624808585791914
Sony Vaio 15.6 | 120GB Storage | 4GB RAM | ‎Intel Core i3 | 15.6 Inch Display | Windows 10 | Blue Gradient Daraz Like New Laptops,27999.0,4.3,0,0,laptops,1.5357691346119502,Premium,0,1,2,0.4394225963088327,-0.6523581137353001
"Lenovo ThinkPad X250 - Core i5 5th Generation - 8 GB Ram - 128 GB SDD - 12.5""",39000.0,4.3,0,0,laptops,1.1025641025641024,Premium,1,1,2,0.5316092872627314,-0.6679002858842841
LAPTOP Dell Chromebook 3180 - 4GB RAM - 16GB SSD (FREE LAPTOP BAG) - Daraz like new laptops - USED LAPTOP,8499.0,4.3,0,0,laptops,5.059418755147664,Budget,0,1,0,0.2760155902547444,-0.624808585791914
Acer Chromebook  514 - Intel Core i3 - 11th Gen - Windows 11 - 128GB SSD Storage | 8GB RAM | 14″ Full HD Display | Chrome OS | Backlit Keyboard - Slim Machine - Long Battery Life,47385.0,4.3,0,0,laptops,0.907460166719426,Premium,1,1,2,0.6018742998659894,-0.6797465828999402
"Dell | ChromeBook 3100 - 2029 update | Quad-Core Processor, 4GB RAM | 16GB/32GB Storage | 11.6″ Display | Playstore/Windows Supported | Chrome OS - AUE 2029 daraz like new laptops",8899.0,5.0,37,114,laptops,5.618608832453084,Budget,0,1,0,0.8179490791017469,-0.449222269381465
"LAPTOP Dell 3180 Chromebook 11.6 inches HD screen, 4GB Ram 16GB SSD, HDMI, WiFi, Webcam, Chrome OS - (FREE LAPTOP BAG) - Daraz Like New Laptops",8450.0,4.3,0,0,laptops,5.088757396449704,Budget,0,1,0,0.27560497777799314,-0.6247393587729794
Daraz Like New Laptops - HP Chromebook 11 G4 | 4GB RAM | 16GB Storage | 11.6″ Display | Playstore Supported | Dual Core | Chrome Book,15599.0,4.3,0,0,laptops,2.756586960702609,Mid-Range,0,1,1,0.3355125001513612,-0.6348394395559162
"Lenovo ThinkPad X240 - Core i5 4th Generation - 8 GB Ram - 128 GB SDD - 12.5""",34000.0,4.3,0,0,laptops,1.2647058823529411,Premium,0,1,2,0.4897100549411703,-0.660836304360339
USED - Lenovo N22/N23 Chromebook – 11.6″ – 4 GB RAM – 16 GB ROM – With Play Store - PUBG Supported - Daraz like new laptops,8499.0,4.3,0,0,laptops,5.059418755147664,Budget,0,1,0,0.2760155902547444,-0.624808585791914
"ASUS BR1100FK Flip 2-in-1 Touch Screen Laptop | 11.6"" 360° Convertible Display | 8GB RAM 128GB SSD | Stylus Support | Rugged Design for Students | Like New Imported Stock - K-Mall",37999.0,4.3,0,0,laptops,1.131608726545435,Premium,1,1,2,0.5232210609519549,-0.6664860767831903
"Lenovo 100e Chromebook 2nd Gen AST - 11.6"" HD Display - 4GB RAM - 32GB eMMC  - Student & Office Edition with box",10230.0,4.3,0,0,laptops,4.203323558162268,Budget,0,1,0,0.2905211044844689,-0.6272541361955039
Microsoft Surface pro 5 Core  i5 7th Generation 8GB 256GB ssd 4gb Intel iris Graphics 2 in 1 tablet laptop,41999.0,4.0,17,54,laptops,0.9524036286578252,Premium,1,1,2,-0.03093591683714756,-0.6927566338653611
"Dell 3189 Convertible Chromebook 11.6 inches HD IPS Touchscreen, Intel Celeron N3060 Up to 2.48GHz, 4GB Ram 16GB SSD, HDMI, WiFi, Webcam, Chrome OS - FREE LAPTOP BAG - Daraz like new laptops",22999.0,4.3,0,0,laptops,1.869646506369842,Mid-Range,0,1,1,0.3975233639872716,-0.6452941322113549
"HP Pavilion15-EG2043TX,Core i5-1235U 8GB DDR4 512GB PCIe value Nvidia GeForce MX550 2GB 15.6 FHD Antiglare slim IPS 250 nits Narrow Border Windows 11 Home Natural Silver - fingerprint reader non-SD card reader (1 Year Warranty)",234999.0,4.3,0,0,laptops,0.1829795020404342,Premium,1,1,2,2.174050814421462,-0.9448069488266285
Hp Chromebook 11 G8 EE | ‎Intel HD Graphics 400 | 4GB Ram | 32GB Storage | 11.6 inch Display | Intel Celeron N4020 | 2027 Updatable | Playstore Supported | Chromebook,9495.0,4.0,17,52,laptops,4.21274354923644,Budget,0,1,0,-0.2970390341780873,-0.648427836236125
HP EliteBook Folio 9480M 14in Intel Core i5-4310U 2.0GHz 4GB 500 GB HDD Windows 10 Pro (Registered Windows) - Daraz like new laptops,33499.0,5.0,3,7,laptops,1.492581868115466,Premium,0,1,2,1.3951348595584387,-0.541209943412794
"Dell 3180 Chromebook - WIndows 10 - 11.6 inches HD screen, 4GB Ram 16GB SSD, HDMI, WiFi, Webcam,",8999.0,5.0,3,18,laptops,5.5561729081009,Budget,0,1,0,1.1553138544399337,-0.4978363999065181
"HP Chromebook 11 G6 - (FREE SMART WATCH) - 2027 update - EE 11.6"" Chromebook Intel Celeron 1.10 GHz 4GB Ram 16GB SSD, HDMI, WiFi, Webcam, Play Store, Chrome OS",9999.0,4.3,0,0,laptops,4.3004300430043,Budget,0,1,0,0.28858535995121276,-0.6269277802490976
"Lenovo Chromebook N23 Laptop windows 10| Celeron | 4GB RAM | 16GB SSD | 11.6"" Screen | Windows Converted",8799.0,3.5,2,5,laptops,3.977724741447892,Budget,0,1,0,-0.8074671540335057,-0.7552537038201687
Hp Probook 640G4 I5 8th Gen 16GB Ram 512GB SSD (Windows 11 Licensed) & Free Laptop Bag - daraz like new laptops,61999.0,4.3,0,0,laptops,0.6935595735415088,Premium,1,1,2,0.7243373760954481,-0.7003931880981269
HP | Chromebook 11 G5 |,7999.0,4.3,0,7,laptops,5.375671958994874,Budget,0,1,0,0.24986172454986202,-0.6185276205238274
"Hp Chromebook G8 (  TOUCH SCREEN ) (WITH SMART WATCH)  - 4GB Ram DDR4 - 32GB SSD  - 11.6"" Screen Size - Chrome OS -",9999.0,4.0,9,21,laptops,4.000400040004001,Budget,0,1,0,-0.1872391721233594,-0.6672441118140081
Acer | Chromebook Spin 11 R751T | 32GB Storage | 4GB RAM | Intel HD Graphics 500 | Intel Celeron N3350 | 11.6″ Display | Dual Camera | Touchscreen | Playstore Supported | ChromeBook,16499.0,5.0,5,11,laptops,3.030486696163404,Mid-Range,0,1,1,1.2380497625591986,-0.5156527249118626
Daraz Like New Laptops - Lenovo Thinkpad X240 - Core i5 4th Generation - 8GB RAM - 500GB HDD - 12.5inches Screen - FREE LAPTOP BAG,28499.0,4.3,0,0,laptops,1.508824871048107,Premium,0,1,2,0.4436125195409888,-0.6530645118876945
Daraz Like New Laptops - HP | Chromebook 14 G5 | 16GB Storage | 4GB RAM | 14.1″ HD Display | Updated Version | Playstore Supported | With Type C fast charging Charger,16999.0,5.0,2,0,laptops,2.9413494911465383,Mid-Range,0,1,1,1.279869776787915,-0.5226504786976
"Daraz Like New Laptops - Dell Latitude E5540, Core i5 4th generation, 8GB DDR3 Ram, 500GB Hard Drive, 15.6"" Led Display, Intel HD Graphics",34999.0,4.0,3,7,laptops,1.1428897968513387,Premium,0,1,2,0.07241552293730777,-0.708775796853914
USA STOCK TOUCH SCREEN 360° Folding Lenovo 300e Chromebook 4GB Ram 32 GB Storage Update 2029/2027 FREE TOUCH STYLUS PEN,15499.0,4.0,271,823,laptops,2.580811665268727,Mid-Range,0,1,1,-2.9296619342207713,-0.25192628746743245
Acer | C740 | 128GB Storage | 2GB RAM | Windows 10 / 11.6″ Display | Play Store Supported | Android Apps Supported,15398.0,4.0,244,843,laptops,2.5977399662293803,Mid-Range,0,1,1,-2.9652245017809724,-0.21363815477396716
"Hp Chromebook 11 G6 EE | 4GB RAM DDR4 | 16GB SSD EMMC | Playstore supported | 11.6"" screen - Daraz Like New Laptops",10999.0,4.0,150,514,laptops,3.636694244931357,Budget,0,1,0,-1.8721686568766014,-0.3920759948912016
"LENOVO CHROMEBOOK 100E | 4GB RAM DDR4 | 32GB SSD EMMC | 11.6"" SCREEN | PLAYSTORE SUPPORTED | AUE UPDATE 2027",8908.0,4.0,134,470,laptops,4.49034575662326,Budget,0,1,0,-1.7350167861756312,-0.41099568914378964
Acer | Chromebook Spin 511 R752T | 32GB Storage | 4GB RAM | Intel UHD Graphics 500 | Intel Celeron N4020 | 11.6″ Display | Windows 10 | ChromeBook - Daraz Like New Laptops,16999.0,4.0,20,65,laptops,2.3530795929172306,Mid-Range,0,1,1,-0.27806216944151335,-0.6511453706122927
ALIEN WARE17-R5 laptop (not available cash on delivery),225000.0,4.3,0,0,laptops,0.1911111111111111,Premium,1,1,2,2.0902607296248044,-0.930680398575043
"Daraz Like New - Samsung Original Laptop - 128GB Fast Storage - 11.6"" Full HD Display - Windows 11 Installed - 4 to 6 Hours Battery Timing - With Charger & Free Laptop Bag Included - Most Demanded Laptop - High Performance - Free Mouse Included",16807.0,5.0,2,0,laptops,2.9749509133099306,Mid-Range,0,1,1,1.278260846266767,-0.5223792218070805
DELL ORIGINAL CHROMEBOOK | 128GB STORAGE | WINDOWS 11 INSTALLED | 4 TO 6 HOURS BATTERY | 11.6 INCHES FULL HD DISPLAY | WITH FREE LAPTOP BAG & CHARGER INCLUDED,14519.0,5.0,6,10,laptops,3.4437633445829605,Mid-Range,0,1,1,1.2235569312094912,-0.5144746477610609
"HP Intel Core i7-8th Generation | 16GB Ram , 512GB M2 SSD Hard | 2K Display | 3Hours+ Battery Backup | Back-Lit Keyboard | Fingerprint Scanner | FREE LAPTOP BAG | Charger Included | One Month Warranty",95151.0,4.0,12,25,laptops,0.4203844415718174,Premium,1,1,2,0.5106553654819207,-0.7868297542417526
Samsung NP900X3N i7 7th Gen | 8GB RAM | 256GB SSD | 13.3″  Display -7 days checking warranty -Samsunng laptop,53999.0,4.3,0,0,laptops,0.7963110427970888,Premium,1,1,2,0.6572986043809504,-0.6890908176598147
HP Chromebook 11 G4 | 16GB Storage | 4GB RAM | 11.6″ Display | Playstore Supported Chromebook | Black - Daraz Like New Laptops,8999.0,4.3,0,0,laptops,4.7783087009667735,Budget,0,1,0,0.28020551348690054,-0.6255149839443086
DELL ORIGINAL CHROMEBOOK | 128GB STORAGE | WINDOWS 11 INSTALLED | 4 TO 6 HOURS BATTERY | 11.6 INCHES FULL HD DISPLAY | WITH FREE LAPTOP BAG & CHARGER INCLUDED,15400.0,4.0,5,6,laptops,2.5974025974025974,Mid-Range,0,1,1,-0.09076026468501808,-0.6835285544109017
Acer | Chromebook Spin 511 R752T | 32GB Storage | 4GB RAM | Intel UHD Graphics 500 | Intel Celeron N4020 | 11.6″ Display | Windows 10 | ChromeBook,12536.0,3.0,1,0,laptops,2.393107849393746,Mid-Range,0,1,1,-1.4270692491996075,-0.846415593955332
"Dell 3189 Convertible Chromebook 11.6 inches HD IPS Touchscreen, Intel Celeron N3060 Up to 2.48GHz, 4GB Ram 16GB SSD, HDMI, WiFi, Webcam, Chrome OS - FREE LAPTOP BAG - Daraz like new laptops",13499.0,3.0,1,5,laptops,2.2223868434698866,Mid-Range,0,1,1,-1.4346879873921365,-0.8437942831427779
HP ORIGINAL CHROMEBOOK | 128GB STORAGE | WINDOWS 11 INSTALLED | 4 TO 6 HOURS BATTERY | 11.6 INCHES FULL HD DISPLAY | WITH FREE LAPTOP BAG & CHARGER INCLUDED | TOP SELLING | MOST DEMANDED | TRENDY | HIGH PERFORMANCE | RELIABLE | AFFORDABLE,14999.0,5.0,3,6,laptops,3.3335555703713577,Mid-Range,0,1,1,1.243245406036195,-0.5158695785050103
Dell Windows 10 / Chrome -Touch screen with 4GB Ram - 32GB SSD,13499.0,4.3,0,0,laptops,3.1854211423068373,Mid-Range,0,1,1,0.3179148225763055,-0.6318725673158592
HP Chromebook 14 G7 | 4GB DDR4 RAM | 64GB eMMC SSD |  Windows 11 | 14-inch HD (1366 × 768) Anti-Glare Display | Intel UHD Graphics | 4-5 Hours Battery Backup | With Type C Charger,19999.0,5.0,6,12,laptops,2.5001250062503124,Mid-Range,0,1,1,1.2632030776988576,-0.5206240380496784
Acer Chromebook R11 C738T TouchScreen | Intel Celeron 5th Gen | 4GB RAM | 32GB SSD,14499.0,4.0,13,31,laptops,2.758810952479481,Mid-Range,0,1,1,-0.18506068938088388,-0.6689295990848964
LENOVO ORIGINAL CHROMEBOOK | 128GB STORAGE | WINDOWS 11 INSTALLED | 4 TO 6 HOURS BATTERY | 11.6 INCHES FULL HD DISPLAY | WITH FREE LAPTOP BAG & CHARGER INCLUDED | TOP SELLING | MOST DEMANDED | TRENDY | HIGH PERFORMANCE | RELIABLE | AFFORDABLE,14999.0,5.0,3,5,laptops,3.3335555703713577,Mid-Range,0,1,1,1.2463831121037274,-0.5166659452358234
DELL CHROMEBOOK LAPTOP 3120 P22T - 4GB/16GB - Longer Battery Life,8900.0,4.5,5,11,laptops,5.056179775280899,Budget,0,1,0,0.5067267561180905,-0.587640215283739
Daraz Like New Laptops - Lenovo Chromebook 100E (Free smart watch) Intel Celeron 4GB RAM 16GB Chrome OS,9999.0,4.3,0,0,laptops,4.3004300430043,Budget,0,1,0,0.28858535995121276,-0.6269277802490976
Daraz Like New Laptops - HP Chromebook 11 G8 | 32GB Storage | 4GB RAM | 11.6″ Display | 2027 Update Available | Playstore Supported | Dual Core | Chrome Book,12499.0,4.3,0,0,laptops,3.4402752220177613,Mid-Range,0,1,1,0.30953497611199327,-0.6304597710110701
Daraz Like New laptops - Dell 3120 P22T Chromebook | 11.6 Inches | HD plus Display | 2GB Ram | 16GB Rom | Windows Installed | WiFi | Webcam | HDMI - FREE LAPTOP BAG,8999.0,4.3,0,0,laptops,4.7783087009667735,Budget,0,1,0,0.28020551348690054,-0.6255149839443086
"Mini Portable Washing Machine | Premium Look Spin Dryer Machine | Compact & Powerful Washer for Small Clothes, Travel, Hostel & Home Use",1599.0,4.3,0,0,laptops,26.891807379612256,Budget,0,1,0,0.2181946496509901,-0.6150602912888697
Metal Laptop Stand Portable Laptop Stand 7 Gear Slot Anti Slip Silicone Foldable Adjustable Laptop Stand Compatible with all sizes of Laptop Easy to Carry Smart Stand Strong Material High Quality Stand,799.0,5.0,1,12,laptops,62.57822277847309,Budget,0,1,0,1.1075022326735706,-0.4893838849883924
"Mini Portable Washing Machine | Premium Look Spin Dryer Machine | Compact & Powerful Washer for Small Clothes, Travel, Hostel & Home Use",1350.0,4.3,0,0,laptops,31.85185185185185,Budget,0,1,0,0.21610806788137638,-0.6147085050089773
"Daraz Like New - Dell Original Chromebook 4GB Ram 128GB Storage 11.6 Inches Full HD Display 4 to 6 Hours of Battery Timing Fast Charger Included Windows 10 Installed Most Demanded Laptop High Performance Reliable Affordable With Free Bag, Mouse & Charger",14570.0,4.0,6,14,laptops,2.7453671928620453,Mid-Range,0,1,1,-0.12385562720855742,-0.6768078924332889
"Dell Latitude 6430, Core i5 3rd generation, 4 GB Ram, 500GB Hard Drive, 14"" Led Display, (Windows 10 Registered) FREE LAPTOP BAG",22999.0,4.0,21,64,laptops,1.7392060524370625,Mid-Range,0,1,1,-0.22568382600600914,-0.6612414079737073
Acer | C740 | 128GB Storage | 2GB RAM | Windows 10 / 11.6″ Display | Play Store Supported | Android Apps Supported | Chromebook - FREE LAPTOP BAG,11499.0,3.5,12,31,laptops,3.0437429341681885,Mid-Range,0,1,1,-0.8768063405147185,-0.7465916468606302
"HP EliteBook 840 G3 Ultra Book, Core i5 6th generation, 8GB DDR Ram, 500GB Hard drive 14.1"" Led Display, Intel HD Graphics",49999.0,4.3,0,0,laptops,0.8600172003440067,Premium,1,1,2,0.6237792185237016,-0.6834396324406586
Dell Latitude 7280 - Core i5 7th Generation - 8GB RAM - 256GB SSD - 12.5inch Screen - FREE LAPTOP BAG (Windows 11 Licensed) - Daraz like new laptops,43999.0,3.5,9,14,laptops,0.7954726243778267,Premium,1,1,2,-0.5480050030228174,-0.8035770827844952
Daraz Like New Laptops - HP Chromebook 11 G5 | 16GB Storage | 4GB RAM | 11.6″ Display | Playstore Supported | Dual Core | Chrome Book,9299.0,3.0,1,6,laptops,3.2261533498225616,Budget,0,1,0,-1.4730210486097801,-0.8370641719318508
HP Chromebook 11 G5 | 16GB Storage | 4GB RAM | 11.6″ Display | Playstore Supported | Dual Core | Chrome Book - Daraz like new laptops,12499.0,4.3,0,0,laptops,3.4402752220177613,Mid-Range,0,1,1,0.30953497611199327,-0.6304597710110701
Dell Latitude E7470 - Core i7 6th Generation - 8GB DDR4 RAM - 256GB SSD - 14inch Screen - FREE LAPTOP BAG (Windows 11 Licensed) - Daraz like new laptops - USED LAPTOP,45119.0,4.0,8,14,laptops,0.886544471287041,Premium,1,1,2,0.13006341959391354,-0.7216131923520235
"Daraz Like New Laptops -  Dell Latitude E5430 14.1"" Laptop (Intel Core i5-3320M, 8GB RAM, 500GB HDD, WiFi, DVDRW, Windows 10 Pro - FREE LAPTOP BAG",24205.0,5.0,1,14,laptops,2.065688907250568,Premium,0,1,2,1.2973655068821976,-0.5208590618366581
Lenovo Chromebok N42 Windows 10 Chromebook - 4GB RAM  - 14inch Screen - FREE LAPTOP BAG,10999.0,5.0,1,0,laptops,4.545867806164197,Budget,0,1,0,1.2306291394199431,-0.5133508080669985
Dell Latitude E5450 Intel Core 5th Generation i5 i5-5300U 8GB DDR3L 500GB 7200RPM HDD Webcam Windows 10 Pro,34999.0,5.0,1,7,laptops,1.4286122460641733,Premium,0,1,2,1.40978151209071,-0.541683352266243
Dell CBC13 Chromebook 11 Intel Celeron 2GB RAM 16GB Windows 10  -  Daraz like new laptops,7999.0,5.0,5,8,laptops,6.250781347668458,Budget,0,1,0,1.1762341858151417,-0.5060330565135954
Lenovo Thinkpad T470 - Core i5 7th Generation - 8GB DDR4 - 256GB SSD - 14inch Screen - FREE LAPTOP BAG - Daraz like new laptops,47999.0,4.3,0,0,laptops,0.8958519969166023,Premium,1,1,2,0.6070195255950771,-0.6806140398310806
"Lenovo Chromebook 300e - Touch Laptop and Tab - 4GB Ram - 32GB Storage - Touch x 300° Rotatable - Playstore Supported - Type C Charger


2027 Update",15999.0,4.0,2,0,laptops,2.5001562597662352,Mid-Range,0,1,1,-0.06379917599399652,-0.6866843413767473
Microsoft surface pro 7 I5 10th Generation 8gb 128gb 4 GB Intel iris plus Graphics 620  2 in 1 tablet laptop with Original de attachable lighting keyboard,49999.0,5.0,2,18,laptops,1.000020000400008,Premium,0,1,2,1.4999260008946362,-0.5549381556010009
"Dell 3180 Chromebook 11.6 inches HD screen, 4GB Ram 16GB SSD, HDMI, WiFi, Webcam, Chrome OS",8285.0,4.0,29,128,laptops,4.828002414001206,Budget,0,1,0,-0.5581056065471806,-0.5960691947879377
"Dell  ChromeBook 3100 TOUCH SCREEN - 2029 update | Quad-Core Processor, 4GB RAM | 32GB Storage | 11.6″ Display | Playstore/Windows Supported | Chrome OS - daraz like new laptops",10599.0,4.0,6,37,laptops,3.773940937824323,Budget,0,1,0,-0.2292992370715848,-0.6528812434982688
"Dell 3189/Lenovo 300e Convertible Chromebook 11.6 inches HD IPS Touchscreen, Intel Celeron N3060 Up to 2.48GHz, 4GB Ram  32GB SSD, HDMI, WiFi, Webcam, Chrome OS - FREE LAPTOP BAG",13999.0,4.0,564,14,laptops,2.857346953353811,Mid-Range,0,1,1,-0.70809083072873,-1.135175369185231
Daraz Like New Laptops - Daraz Like New Laptops - HP Chromebook 11 G5 | 16GB Storage | 4GB RAM | 11.6″ Display | Playstore Supported | Dual Core | Chrome Book - FREE LAPTOP BAG,7447.0,5.0,7,33,laptops,6.7141130656640255,Budget,0,1,0,1.09108897604273,-0.4869898102867574
Lenovo N22/N23 Chromebook – 11.6″ – 4 GB RAM – 16 GB ROM – With Play Store - PUBG Supported,8285.0,4.0,290,756,laptops,4.828002414001206,Budget,0,1,0,-2.7996182270297822,-0.310725909124646
"Lenovo | ChromeBook 500E Touch Screen | 360 Rotatable  | Intel N3450 Processor, 4GB DDR4 RAM | 32GB Storage | Dual Cam front & Rear | 11.6″ Display | Playstore Supported | Touch Screen | Chrome OS",14699.0,5.0,6,30,laptops,3.4015919450302743,Mid-Range,0,1,1,1.1623111822224208,-0.49880161647965965
Microsoft surface pro 6 i5 8th generation 8gb 256gb 4 GB Intel HD Graphics 620  2 in 1 tablet laptop,51999.0,4.0,8,35,laptops,0.7692455624146619,Premium,1,1,2,0.12182493585020265,-0.7146095295818955
Acer | C740/C720 | 128GB Storage | 2GB RAM | Windows 10 / 11.6″ Display | Play Store Supported | Android Apps Supported | Chromebook -,12999.0,4.0,90,307,laptops,3.077159781521656,Mid-Range,0,1,1,-1.143597322894693,-0.5103759326670645
Lenovo Original Chromebook 128GB Storage 4GB Ram Most Demanded 5th Generation Laptop Chromebook With Charger & free Laptop Bag Gift Windows 10 Pre Installed Best for Online Work 6+ Hours Battery Timing Slim Easy to Carry Wifi & Bluetooth Supported,16884.0,4.3,0,0,laptops,2.546789860222696,Mid-Range,0,1,1,0.3462806028580024,-0.63665488280757
Lenovo N23 Chromebook - 6th Generation – 11.6″ – 4 GB RAM – 16 GB ROM – With Play Store - PUBG Supported,8299.0,3.5,1,5,laptops,4.217375587420171,Budget,0,1,0,-0.8106186358477605,-0.7537244128659069
Daraz Like New Laptops - HP Chromebook 11 G4 | 16GB Storage | 4GB RAM | 11.6″ Display | Playstore Supported Chromebook | Black - Daraz Like New Laptops,7447.0,3.5,5,13,laptops,4.699879145964818,Budget,0,1,0,-0.8470136792472194,-0.7494413477751906
"Lenovo Chromebook N23 Laptop | Celeron | 4GB RAM | 16GB SSD | 11.6""",7799.0,4.0,13,51,laptops,5.128862674701885,Budget,0,1,0,-0.30395978204242247,-0.6435365292265466
"LENOVO THINKPAD 11e LAPTOP | INTEL CELERON 4TH GEN | 4GB RAM DDR3L | 128GB SSD M2 | 11.6"" DISPLAY",19499.0,4.0,140,311,laptops,2.0513872506282373,Mid-Range,0,1,1,-1.153601216041869,-0.5575182818183075
"Dell Latitude 6430, Core i5 3rd generation, 8GB Ram, 500GB Hard Drive, 14"" Led Display, (Windows 10 Registered) FREE LAPTOP BAG",26998.0,4.0,123,366,laptops,1.4815912289799242,Premium,0,1,2,-1.2456810770159439,-0.5103234934814516
Acer C740 | 2GB RAM 128GB Storage Windows 10 | 11.6″ Display | Play Store Supported | Android Apps Supported - Daraz Like New Laptops,11998.0,4.0,27,74,laptops,3.333888981496916,Mid-Range,0,1,1,-0.35547822614264035,-0.6426729253277957
Acer Chromebook C740 | 11.6 Inches | HD plus Display | 2GB Ram | 128GB SSD | FREE LAPTOP BAG | Windows 10 Installed | WiFi | Webcam | HDMI | USB Ports | Loudspeaker | Long Time Battery | DARAZ LIKE NEW,10612.0,4.0,3,21,laptops,3.769317753486619,Budget,0,1,0,-0.17587167773332696,-0.6631727991376397
Daraz Like New - Lenovo Chromebook N21 | 4GB RAM | 16GB Storage | 11.6″ Display | Rotatable Webcam | 8 Hours Battery | FREE LAPTOP BAG,8999.0,4.0,8,36,laptops,4.44493832648072,Budget,0,1,0,-0.24164616818275506,-0.6530629217451542
Lenovo ThinkPad X230 - Core i5 - 3rd Gen - 4 GB RAM - 250 GB - 12..5″ Windows 10 - (Free Laptop Bag) - Daraz like new laptops - USED LAPTOP,21999.0,5.0,4,16,laptops,2.272830583208328,Mid-Range,0,1,1,1.2694888291931559,-0.5186183781322692
Microsoft Surface pro 7 plus Core i7 11th Generation 16GB Ram 256GB ssd 2 in 1 tablet laptop with detachable keyboard,89999.0,5.0,4,11,laptops,0.5555617284636496,Premium,0,1,2,1.8550069191040481,-0.6186703605119888
Dell Chromebook 3100 | Touch Screen | 32GB Storage | 4GB RAM | Touch Screen | 11.6″ HD Display | Playstore Supported | - Daraz Like New Laptops,10498.0,4.0,57,248,laptops,3.8102495713469233,Budget,0,1,0,-0.94516209412678,-0.5266727037651416
Lenovo Thinkpad – X230 – Core i5 3rd Gen – 4 GB RAM – 250 GB – 12.5″ - Refurbished,23999.0,4.0,80,193,laptops,1.6667361140047503,Premium,0,1,2,-0.6833361059095576,-0.6084735713137712
HP ORIGINAL CHROMEBOOK | 128GB STORAGE | WINDOWS 11 INSTALLED | 4 TO 6 HOURS BATTERY | 11.6 INCHES FULL HD DISPLAY | WITH FREE LAPTOP BAG & CHARGER INCLUDED | TOP SELLING | MOST DEMANDED | TRENDY | HIGH PERFORMANCE | RELIABLE | AFFORDABLE,14519.0,5.0,5,7,laptops,3.4437633445829605,Mid-Range,0,1,1,1.2340084908299898,-0.516040855151633
Lenovo Chromebook 300e/500e - X360 2-in-1 - (FREE SMART WATCH GIFT) - Touch Laptop and Tab - 4GB Ram - 32GB Storage - Touch x 360° Rotatable - Type C Charger - Auto Update 2027/2029,13499.0,4.0,1,6,laptops,2.9631824579598485,Mid-Range,0,1,1,-0.10253658714206954,-0.6775512574280284
"Dell Latitude 3190 Educational Laptop - Intel Pentium Quad Core - 8GB RAM - 128GB SSD - 11.6"" HD Display - Windows 10 - K.Mall Premium Quality",24999.0,4.0,58,134,laptops,1.6000640025601025,Premium,0,1,2,-0.4669858902670043,-0.6387683630954555
(Free Touch Pen) with Lenovo Chromebook 300e - 4GB Ram - 32GB SSD with Auto updates till 2027/2029,13999.0,4.3,0,0,laptops,3.0716479748553467,Mid-Range,0,1,1,0.3221047458084616,-0.6325789654682537
Lenovo ThinkPad X230  Core i5 3rd Gen 8GB RAM 250 GB 12..5″ Windows 10 (Free Laptop Bag) - Daraz like new laptops,22391.0,5.0,1,9,laptops,2.233040060738689,Mid-Range,0,1,1,1.2978529957335971,-0.5222780829938366
Daraz Like New Laptops (WITH FREE SMART WATCH) - Lenovo Chromebook 300E/500E X360 TOUCH SCREEN - 2027/2029 UPDATE -  Intel Celeron 4GB RAM 32GB Chrome OS,14999.0,5.0,1,7,laptops,3.3335555703713577,Mid-Range,0,1,1,1.2421845828044658,-0.5134274261704624
"Daraz Like New Laptops - Dell Latitude E5480 Core i5 7th Gen, 8GB, 256GB SSD, 14″",42999.0,5.0,1,0,laptops,1.1628177399474406,Premium,0,1,2,1.4987842262779343,-0.5585602898202473
"Daraz Like New Laptops - HP ProBook 11 G2 X360 Touch Screen , Core i5 7th Generation, 8GB DDR4 Ram, 128GB SSD Drive, 11.1"" X360 Touch Screen Led Display, Intel HD Graphics Windows 11 Licensed (FREE LAPTOP BAG)",38999.0,4.3,0,0,laptops,1.10259237416344,Premium,1,1,2,0.5316009074162671,-0.6678988730879794
Dell Chromebook 11 Windows Converted | 3120 P22T | 4GB Ram | 16GB Storage | Playstore Supported | Chromebook,8350.0,3.5,4,11,laptops,4.191616766467066,Budget,0,1,0,-0.8321328243369791,-0.7514869434981741
Daraz Like New Laptops - Lenovo Thinkpad T480 - Core i5 8th Generation - 8GB DDR4 - 256GB SSD - 14inch Screen - FREE LAPTOP BAG,52499.0,5.0,1,7,laptops,0.9523990933160632,Premium,0,1,2,1.556428825216174,-0.5664072876000509
HP EliteBook 840 G3 - Core i5 6th Generation - 8GB RAM - 128gb SSD + 500gb HDD - 14inch Screen - FREE LAPTOP BAG - Daraz like new laptops - USED LAPTOP,48999.0,4.3,0,0,laptops,0.8775689299781628,Premium,1,1,2,0.6153993720593893,-0.6820268361358696
"Daraz Like New Laptops - Dell Latitude 6320 , Core i5 2nd Genertion, 8GB DDR3 Ram, 128GB SSD Drive, 13.3"" Led Display, Intel HD Graphics Card",24999.0,5.0,2,0,laptops,2.000080003200128,Premium,0,1,2,1.3469085485024128,-0.5339528491359122
Top Adjustable Wooden Gaming Laptop Table With For Bed 4 Level Adjustment Board Foldable Stand Ergonomic Portable Drawing Notebook Reading Food Breakfast Serving With Mouse Space Area,3387.0,5.0,6,12,laptops,14.762326542663123,Budget,0,1,0,1.123997068233703,-0.4971546658345231
LENOVO ORIGINAL CHROMEBOOK | 128GB STORAGE | WINDOWS 11 INSTALLED | 4 TO 6 HOURS BATTERY | 11.6 INCHES FULL HD DISPLAY | WITH FREE LAPTOP BAG & CHARGER INCLUDED | TOP SELLING | MOST DEMANDED | TRENDY | HIGH PERFORMANCE | RELIABLE | AFFORDABLE,14519.0,5.0,3,0,laptops,3.4437633445829605,Mid-Range,0,1,1,1.2580493161385191,-0.5199696366635905
"Hp Chromebook G8 (  TOUCH SCREEN )  - 4GB Ram DDR4 - 32GB SSD  - 11.6"" Screen Size - Chrome OS -",9999.0,4.0,47,159,laptops,4.000400040004001,Budget,0,1,0,-0.659703383323079,-0.5886154294327502
HP ORIGINAL Chromebook 128GB Storage 4GB Ram Most Demanded 5th Generation Laptop Chromebook With Charger & free Laptop Bag Gift Windows 10 Pre Installed Best for Online Work 6+ Hours Battery Timing Slim Easy to Carry Wifi & Bluetooth Supported,14489.0,4.0,6,10,laptops,2.7607150251915247,Mid-Range,0,1,1,-0.11198357050203742,-0.6798789228558536
Daraz Like New Laptops - Dell Latitude 7290 - Core i5 8th Generation - 16GB RAM - 512GB SSD - 12.5inch Screen - FREE LAPTOP BAG (Windows 11 Licensed) - FREE LAPTOP BAG,58999.0,4.3,0,0,laptops,0.7288259123035984,Premium,1,1,2,0.6991978367025115,-0.6961547991837599
"Daraz Like New - Dell Original Chromebook 4GB Ram 128GB Storage 11.6"" Inches Full HD Display 4 to 6+ Hours of Battery Timing Fast Charger Included Windows 10 Installed Most Demanded Laptop High Performance Reliable Affordable With Free Bag & Charger",14570.0,5.0,3,7,laptops,3.4317089910775564,Mid-Range,0,1,1,1.2365127458354728,-0.5144671221594426
"Lenovo ThinkPad T480 Core i5 8th Gen, 8GB RAM, 256GB SSD, 14″ FHD Like A New Laptop Screen LED",44689.0,5.0,2,6,laptops,1.1188435632929803,Premium,0,1,2,1.4930814889795263,-0.5569926079923291
Daraz Like A New Lenovo ThinkPad T450 - 14 Inch - Intel i5-5300U 2.30GHz - 8 GB RAM - 500GB HDD - Windows 10 Pro - FREE LAPTOP BAG,34999.0,4.0,13,30,laptops,1.1428897968513387,Premium,0,1,2,-0.010136130794951063,-0.6986882900638846
Dell Core i7-12th Generation | 16GB DDR4 RAM | 512GB NVME SSD | 6 Months Warranty | Original charger | FREE LAPTOP CLEANER + FREE LAPTOP MOUSE + FREE LAPTOP BAG | Daraz Like New Laptop,125000.0,5.0,13,15,laptops,0.4,Premium,0,1,2,2.126413128170197,-0.6723402122694628
"Dell Latitude 5490 Ultra Book, Core i5 8th generation, 8GB DDR Ram, 256GB Solid State Drive SSD, 14.1"" FHD Led Display, Intel HD Graphics (Windows 11 Licensed) - Daraz like new laptops",49999.0,3.5,23,60,laptops,0.7000140002800056,Premium,1,1,2,-0.6565985831940526,-0.7869414902219666
"Dell 3180 Chromebook 11.6 inches HD screen, 4GB Ram 16GB SSD, HDMI, WiFi, Webcam, Chrome OS",8499.0,4.0,2,12,laptops,4.706436051300153,Budget,0,1,0,-0.16430049728672613,-0.6665319683210716
Daraz Like New Laptops - Lenovo Thinkpad T480 - Core i5 8th Generation - 8GB DDR4 - 256GB SSD - 14inch Screen - FREE LAPTOP BAG,52999.0,5.0,3,12,laptops,0.9434140266797486,Premium,0,1,2,1.5428533352748655,-0.5647776377021143
Acer | C740 | 128GB Storage | 2GB RAM | Windows 10 / 11.6″ Display | Play Store Supported | Android Apps Supported,10999.0,3.5,2,5,laptops,3.182107464314938,Budget,0,1,0,-0.7890314918120189,-0.7583618556907046
"Dell Latitude E5540 15.6 inches Laptop, Core i5-4310U 2.0GHz, 8GB Ram, 500GB HDD, DVDRW, Windows 10 Pro 64bit",31998.0,4.0,15,45,laptops,1.2500781298831176,Premium,0,1,2,-0.08442652388314006,-0.68414877299475
"Acer Chromebook C732 - 4GB RAM - 32GB Storage - 11.6"" HD Display - Intel Celeron N3350 - Play Store/Window OS Supported - Used",9999.0,4.3,0,0,laptops,4.3004300430043,Budget,0,1,0,0.28858535995121276,-0.6269277802490976
"Laptop Acer C740 4GB Ram | 128GB SSD | 12"" HD Display",18500.0,4.3,0,0,laptops,2.324324324324324,Mid-Range,0,1,1,0.3598224347443309,-0.638937961636109
Daraz Like New Laptops - HP Chromebook 11 G5 | 16GB Storage | 4GB RAM | 11.6″ Display | Playstore Supported | Dual Core | Chrome Book,8999.0,4.0,47,143,laptops,4.44493832648072,Budget,0,1,0,-0.617879932706874,-0.5999445008209718
"Daraz Like New Laptops - HP ProBook 640 G2, 14' Display, Intel Core i5 6th Gen 8GB RAM 128GB SSDM2 & 500GB HDD | Windows 10",53000.0,4.3,0,0,laptops,0.8113207547169812,Premium,1,1,2,0.6489271377631025,-0.6876794341513305
Lenovo N22/N23 Chromebook – 11.6″ – 4 GB RAM – 16 GB ROM +  16GB SD CARD – With Play Store - PUBG Supported,8999.0,4.3,0,0,laptops,4.7783087009667735,Budget,0,1,0,0.28020551348690054,-0.6255149839443086
HP ORIGINAL CHROMEBOOK | 64GB STORAGE | WINDOWS 11 INSTALLED | 4 TO 6 HOURS BATTERY | 11.6 INCHES FULL HD DISPLAY | WITH FREE LAPTOP BAG & CHARGER INCLUDED | TOP SELLING | MOST DEMANDED | TRENDY | HIGH PERFORMANCE | RELIABLE | AFFORDABLE,13551.0,5.0,3,0,laptops,3.6897645930189658,Mid-Range,0,1,1,1.249937624761065,-0.5186020498405547
"Microsoft Surface Laptop 3 | 13.5"" Touchscreen | Intel Core i7-1065G7 | 16GB RAM | 256GB SSD | Windows 11 | Black",95000.0,5.0,1,0,laptops,0.5263157894736843,Premium,0,1,2,1.934544622268634,-0.6320271104655815
"Dell Latitude 3120 2-in-1 Laptop - 8GB RAM - 128GB SSD - 11.6"" Touchscreen - [Like New] - Intel Quad Core - Black",29999.0,5.0,1,0,laptops,1.666722224074136,Premium,0,1,2,1.3898462222418755,-0.54019393785799
"Daraz Like New Laptops - Lenovo Thinkpad x260 Ultra Book, Core i5 6th generation, 8GB DDR4 Ram, 256GB SSD, 12.5"" Led Display, Intel HD Graphics Windows 11 Licensed (FREE LAPTOP BAG)",36999.0,4.3,0,0,laptops,1.1621935727992647,Premium,1,1,2,0.5148412144876426,-0.6650732804784013
Dell Chromebook 3100 | 32GB Storage | 4GB RAM | ‎Intel Celeron 1.60GHz | 11.6 Inch Display Touch Screen | Playstore Supported Laptop Chromebook Daraz Like New Laptops,10999.0,4.0,26,109,laptops,3.636694244931357,Budget,0,1,0,-0.47263096370621827,-0.6125658134389833
Daraz Like New laptop - Acer | C740 | 128GB Storage | 4GB RAM | Windows 10 / 11.6″ Display | Play Store Supported | Android Apps Supported | Chromebook - FREE LAPTOP BAG,14699.0,5.0,2,8,laptops,3.4015919450302743,Mid-Range,0,1,1,1.2354944813797382,-0.5130301133500799
Acer ChromeBook R11 - Touch Screen Laptop - 16GB Storage - 4GB RAM - 360 Rotatable - 11.6″ HD Display - Playstore Supported - Long Battery Life - Free Laptop Bag,14999.0,4.5,18,55,laptops,3.000200013334222,Mid-Range,0,1,1,0.40627663429978833,-0.5719143302151435
"LAPTOP Dell 3189 Convertible Chromebook 11.6 inches HD IPS Touchscreen, Intel Celeron N3060 Up to 2.48GHz, 4GB Ram 16GB SSD, HDMI, WiFi, Webcam, Chrome OS - FREE LAPTOP BAG - Daraz Like New Laptops",12999.0,3.0,3,7,laptops,2.3078698361412417,Mid-Range,0,1,1,-1.4472302055951605,-0.8431409371324917
Hp Original Chromebook with 128GB Storage 4GB Ram Best for Online Working Easy to Carry Chromebook With Windows 10 Pre Installed 6+ Hours Battery Timing Fast Charging Adaptor Included Free Laptop Bag Included,14699.0,5.0,4,8,laptops,3.4015919450302743,Mid-Range,0,1,1,1.2334175985439353,-0.5146758989538146
Daraz Like New Laptop - Lenovo N22/N23 Chromebook – 11.6″ – 4 GB RAM – 16 GB ROM – With Play Store - PUBG Supported,7447.0,5.0,2,6,laptops,6.7141130656640255,Budget,0,1,0,1.1809992469556105,-0.5043772480093762
Daraz Like New - Dell Chromebook 11 3180 - 4GB RAM - 16GB SSD (,7899.0,4.5,3,12,laptops,5.69692366122294,Budget,0,1,0,0.4972777065755846,-0.5837838538480974
"HP ProBook 11-G2 11.6"" HD Touch-Screen Business Laptop, i3 6th Gen Intel HD Graphics 510, Windows 10 Pro 4GB 128GB SSD - With Bag Gift - Daraz Like New Laptops",34999.0,4.3,0,0,laptops,1.228606531615189,Premium,0,1,2,0.49808152155901825,-0.6622476878688233
"Daraz Like New Laptops - Acer Chromebook R13 2in1 Convertible ,4GB DDR3 Ram, 32GB SSD Drive, 13.3-inch Full HD X360 Touch  Screen Update Available",28999.0,4.0,26,65,laptops,1.3793579088934105,Premium,0,1,2,-0.18373466037717576,-0.6730362830809651
"Modern P9 Wireless Bluetooth Headphones with Built-in Microphone - Wireless Headset Headband - Earphones Gift for Android Mobile, PC, Laptop, Tablet - Foldable Gym Headphone with HiFi Sound",1477.0,4.0,9,110,headphones,27.08192281651997,Premium,1,0,2,-0.48647032252962413,-1.2441371566568002
"P47 Wireless Bluetooth Headphones | HiFi Sound Foldable Headset with Mic | Over Ear Stereo Headphones for Mobile, Laptop & PC",876.0,5.0,10,50,headphones,57.077625570776256,Mid-Range,0,0,1,1.0310064186969619,-1.126446303744343
P9 head-mounted Bluetooth headset  wireless Bluetooth Stereo Sound Earphones Sports computer gaming headset,1040.0,4.2,0,0,headphones,40.38461538461539,Premium,0,0,2,0.13141914601866167,-1.2906247380474625
"Stereo Wireless Earphones 895b – Bluetooth V5.4, Premium Deep Bass, Waterproof, Dustproof, Lcd Display, Long Battery Life",699.0,5.0,3,11,headphones,71.5307582260372,Mid-Range,0,0,1,1.1591628124318503,-1.1514942916870374
P9 Wireless Bluetooth Headphones With Mic Noise Cancelling Headsets Stereo Sound Earphones Sports Gaming Headphones Supports,1300.0,4.0,18,50,headphones,30.76923076923077,Premium,1,0,2,-0.30903716406298126,-1.2990751307764488
P9 TWS Wireless Bluetooth Compatible Headphone with Microphone Noise Cancelling Gaming Headset Stereo Hi-Fi Music Wireless Head Phone,1350.0,5.0,2,16,headphones,37.03703703703704,Premium,0,0,2,1.1499680035603572,-1.147609295625522
Lenovo HE05 TWS Wireless Earbuds Bluetooth 5.0 Wireless Magnetic Neckband Stereo Headset with Mic,1295.0,4.0,46,35,headphones,30.888030888030887,Premium,1,0,2,-0.29108983198356053,-1.3340545662094079
"JITOPKEY H30 Headphones LED Lights with Microphone, Headset Stereo Gaming Deep Bass Volume Control for School/PS4/PS/5Xbox/ PC/Laptop/Mac/Tablet Smart Phone",2599.0,3.5,3,11,headphones,13.466717968449403,Premium,1,0,2,-0.8278491387623557,-1.4023485931420412
"JLab Studio Pro Wireless Over-Ear Headphones, Black, 50+ Hour Bluetooth 5 Playtime, EQ3 Sound, Ultra-Plush Faux Leather & Cloud Foam Cushions, Track and Volume Controls For Gamming PUBG ~ PATEL WALA",1699.0,4.0,67,194,headphones,23.543260741612716,Premium,1,0,2,-0.8084069085255511,-1.2252837745564633
"P9 and p47Wireless Bluetooth Headphones with Mic  – Hi-Fi Stereo Sound, Noise Cancelling, Foldable Over-Ear Headset for Music, Gaming & Calls – Long Battery, Compatible with Android & iPhone",880.0,4.0,29,143,headphones,45.45454545454545,Mid-Range,0,0,1,-0.6157862194554161,-1.2334714711833537
Special Edition P47 Headphone with Pop Window Over The Ear Wireless Bluetooth Headphone Support Sd Card for all cell phones use,799.0,5.0,2,12,headphones,62.57822277847309,Mid-Range,0,0,1,1.1579015324286506,-1.1500163117848359
G01 Bluetooth Earphones Wireless Headphones Magnetic Sport Neckband Neck-hanging TWS Earbuds Wireless Blutooth Headset with Mic,785.0,4.0,17,64,headphones,50.95541401273885,Mid-Range,0,0,1,-0.3562422285196531,-1.2863755136462307
P9 Wireless Bluetooth Headphones With Mic Headsets Stereo Sound Earphones Sports Gaming Headphones Supports TF Headphones,999.0,4.2,0,10,headphones,42.04204204204204,Premium,0,0,2,0.09969851163830157,-1.2826031460908343
Air Buds M10 Wireless Earbuds - 3500mAh Extended Battery HiFi Stereo Sound Bluetooth Headphones,599.0,4.5,2,9,headphones,75.12520868113523,Budget,0,0,0,0.4979941281795855,-1.2348461822082857
Original p47 headphone Wireless Earbuds Invisible Ultra Small Bluetooth Handfree for all cell phones,777.0,4.0,7956,394,headphones,51.48005148005148,Mid-Range,0,0,1,-9.635938686297234,-7.556509144132276
Cat Headphone Ear Wireless Bluetooth Headphones - Glowing LED Light-Up Foldable Headset for Kids and Adults,999.0,4.2,0,12,headphones,42.04204204204204,Premium,0,0,2,0.09342309950323689,-1.2810104126292081
"Wireless Headphones, P47 Bluetooth Foldable Headset with Microphone Support FM Radio TF for PC TV Smart Phones & Tablets Etc",760.0,4.0,2983,127,headphones,52.63157894736842,Mid-Range,0,0,1,-3.6341444524317175,-3.6768691400359175
Orignal P47 Wireless Headset Bluetooth Foldable On-Ear Headphone Wireless Earbuds Invisible Ultra Small Bluetooth Handfree for all cell phones,750.0,4.0,847,47,headphones,53.33333333333333,Mid-Range,0,0,1,-1.1651008968561192,-1.9828653257492808
Zayraz P9 Wireless Bluetooth Headphones With Mic Headsets Stereo Sound Earphones Sports Gaming Headphones Supports TF Zayraz Headphones,999.0,4.0,2730,137,headphones,40.04004004004004,Premium,0,0,2,-3.400793051072985,-3.4610512521721932
"FunBug Gaming Headset White | Noise Cancelling Mic | Stereo Bass Over-Ear Headphones for PUBG Mobile, PC, Laptop, PS4, PS5, Xbox",1399.0,4.2,0,0,headphones,30.02144388849178,Premium,1,0,2,0.13442751089934973,-1.2911319319208816
New Air 31 Wireless Bluetooth Headset Pods handfree earbuds airdots Hanging Ear Unisex Driving Can Answer The Phone Long Standby 1 Minute Fast Charge Single Headsr-Color Family Headphones & Headsets&gt;Wireless Earbuds,498.0,4.0,894,37,headphones,80.32128514056224,Budget,0,0,0,-1.184642304131174,-2.0291489300763708
P9 Wireless Bluetooth Headphones With Mic Volume control Headsets Stereo Sound Earphones Sports Headphones Supports TF,1371.0,4.0,487,33,headphones,29.175784099197667,Premium,1,0,2,-0.7421302168117802,-1.698650397813696
"PRO II RGB Gaming Headphones with Noise Cancelling Mic, 7.1 Surround Sound, Super Bass, Vibration, Soft Memory Foam Ear Cushions, for PC, PS4, Mobile, Laptop, and Gaming Consoles - Unique Mall",1477.0,4.0,679,23,headphones,27.08192281651997,Premium,1,0,2,-0.9092456446483322,-1.8647592394886647
P47 On Ear Wireless Headphones Dynamic Plastic Mobile Phone Earphone with Volume Control / with Microphone / Noise-isolating Headset,799.0,4.0,566,28,headphones,50.06257822277848,Mid-Range,0,0,1,-0.8132718306659255,-1.7668326433289425
P9 Wireless Bluetooth Headphones With Mic Noise Cancelling Headsets Stereo Sound Earphones Sports Gaming Headphone Supports Noise Cancellation,864.0,4.0,93,480,headphones,46.29629629629629,Mid-Range,0,0,1,-1.739787492502938,-1.01773841747795
"M10 , A6s , F2 earbuds Headphones,Handfree,EarPhone, earphone Bluetooth Neckband Magnetic Earphones Sport Running Earbuds Waterproof Bluetooth 5.2 Headset With Mic, SM Trader",182.0,4.0,729,61,headphones,219.7802197802198,Budget,0,0,0,-1.091252447280921,-1.87381237259643
New Air 31 Wireless Bluetooth Headset airPod handfree earbuds airdots Hanging Ear Unisex Driving Can Answer The Phone Long Standby 1 Minute Fast Charge Single Headsr-Color Family Headphones & Headsets&gt;Wireless Earbuds,664.0,4.0,2108,104,headphones,60.24096385542169,Budget,0,0,0,-2.6541454374752145,-2.975018744765437
Foldable Orignal P47 Wireless Headset Bluetooth Foldable On-Ear Headphone Wireless Earbuds Invisible Ultra Small Bluetooth Handfree for all cell phones,617.0,5.0,1,6,headphones,81.03727714748784,Budget,0,0,0,1.1762410781952413,-1.153714490440376
G608 RGB Gaming Headphones Wired with Mic | LED Light Gaming Headset for Boys | USB Plug & Play PC Headphones | Adjustable Headband with Soft Ear Cushions,1250.0,4.2,0,0,headphones,33.6,Premium,1,0,2,0.1331789137761672,-1.290921425271468
P9 Wireless Bluetooth Headphones With Mic Noise Cancelling Headsets Stereo Sound Earphones Sports Gaming Headphone Supports Noise Cancellation,969.0,4.0,157,966,headphones,41.279669762641895,Premium,0,0,2,-3.3302930081905964,-0.6835176692342644
P9 Wireless Bluetooth Headphones With | Mic Noise Cancelling Headsets Stereo Sound Earphones | Sports Gaming Headphones Supports,886.0,4.0,484,25,headphones,45.14672686230248,Mid-Range,0,0,1,-0.7179774695530085,-1.7018674470467765
"M10 and i12 TWS Wireless Bluetooth Earbuds V5.0 with Touch Sensor and Built-in Mic, True Stereo, 10m Transmission, Charging Case, Sports Headset for All Bluetooth Devices - Black",479.0,3.0,1,0,headphones,62.63048016701462,Budget,0,0,0,-1.4766673168468383,-1.4891910429030666
STN-28 Cat Wireless Headphones Bluetooth Over-Ear Headset with Cute Cat Ears,1249.0,5.0,2,13,headphones,40.03202562049639,Premium,0,0,2,1.1585347572700588,-1.1498557033911778
P47 On Ear Wireless Headphones Dynamic Plastic Mobile Phone Earphone with Volume Control / with Microphone / Noise-isolating Headset,732.0,4.0,21,142,headphones,54.6448087431694,Mid-Range,0,0,1,-0.6055811993213898,-1.2274756016461192
P9 Wireless Bluetooth Headphones With Mic Noise Cancelling Headsets Stereo Sound Earphones Sports Gaming Headphones Supports,1010.0,4.0,29,143,headphones,39.6039603960396,Premium,0,0,2,-0.6146968394150555,-1.2336551347029763
"M10 True Wireless Earbuds Airpods M10 Air buds : Bluetooth with Noise-Cancelling, Long Battery Life & Touch Control - Perfect for Sports & Gaming",628.0,4.0,2075,118,headphones,63.69426751592357,Budget,0,0,0,-2.664106430102632,-2.936663287405458
"Wireless Headphones, P47 Bluetooth Foldable Headset with Microphone Support FM Radio TF for PC TV Smart Phones & Tablets Etc",839.0,4.0,386,14,headphones,47.67580452920143,Mid-Range,0,0,1,-0.5820892966396262,-1.6299175850763967
P9 Wireless Bluetooth Headphones With Mic Headsets Stereo Sound Earphones Sports Gaming Headphones Supports TF Headphones,645.0,5.0,3,32,headphones,77.51937984496124,Budget,0,0,0,1.0928184733045985,-1.1346942993395024
"P47 Wireless Bluetooth Headphones – HiFi Stereo Sound, Built-in Mic, Wireless Over-Ear Headset for Music, Gaming & Calls",749.0,4.0,587,26,headphones,53.4045393858478,Mid-Range,0,0,1,-0.8292226806300084,-1.7856354858145436
P9 Wireless Bluetooth Headphones With Mic Noise Cancelling Headsets Stereo Sound Earphones Sports Gaming Headphone Supports Noise Cancellation,979.0,4.0,428,25,headphones,40.85801838610828,Premium,0,0,2,-0.6590454244293419,-1.6559168401985507
"Headphone EKSA T8 Wired Over Ear Gaming Headphones with Noise Cancelling Mic, 40mm Drivers & LED Light for PC, Mobile, Tablets, Laptop, with mic",2399.0,4.0,162,785,headphones,16.673614005835766,Premium,1,0,2,-2.7555772366127855,-0.8337948102366324
P9 Wireless Bluetooth Headphones With Mic Noise Cancelling Headsets Stereo Sound Earphones Sports Gaming Headphones Supports,950.0,5.0,7,34,headphones,52.63157894736842,Premium,0,0,2,1.0849451486695427,-1.136824039958306
"Headphones – Colorful Cat Ear Headphones – Wireless Bluetooth Headset with RGB Lights, Cute Kitty Headphones with Mic, Foldable & Comfortable Over-Ear Headphones for Kids, Girls & Teens – Rechargeable Cat Ear Headphones for Music, Gaming & Online Classes",2054.0,5.0,7,13,headphones,24.342745861733206,Premium,0,0,2,1.1600883265843225,-1.1551074684258695
"P9 Wireless Bluetooth Headphones | HiFi Stereo Over-Ear | Built-in Mic | Sports Headset for iPhone, Tablet, PC",2500.0,4.0,106,396,headphones,16.0,Premium,1,0,2,-1.476010492447327,-1.0976421640451663
P47 On-Ear Wireless Headphones - Dynamic Plastic Mobile Earphones with Microphone and Noise Isolation,799.0,4.0,21,95,headphones,50.06257822277848,Mid-Range,0,0,1,-0.4575475644342612,-1.264999495346759
"P47 Bluetooth Foldable Headset, Wireless Headphones with FM Radio and TF Card Support, for PC, TV, and Smart Devices",732.0,4.0,40,173,headphones,54.6448087431694,Mid-Range,0,0,1,-0.7225804743550209,-1.2184231962263907
P47 On Ear Wireless Headphones Dynamic Plastic Mobile Phone Earphone with Volume Control / with Microphone / Noise-isolating Headset,849.0,4.0,36,104,headphones,47.11425206124852,Mid-Range,0,0,1,-0.5009445479873594,-1.2702462266126902
Special Edition P47 Headphone with Pop Window Over The Ear Wireless Bluetooth Headphone Support Sd Card use,729.0,4.0,12,65,headphones,54.869684499314126,Mid-Range,0,0,1,-0.3546569988996794,-1.2813855663130127
Wireless Headphones Bluetooth Neckband Magnetic Earphones Sports Running Earbuds Bluetooth 5.2 with Mic,365.0,5.0,6,38,headphones,136.986301369863,Budget,0,0,0,1.0685305556356923,-1.1319891943948845
P47 Bluetooth Foldable Headset with Microphone Support FM Radio TF for PC TV Smart Phones & Tablets Etc,793.0,4.0,64,232,headphones,50.44136191677176,Mid-Range,0,0,1,-0.9321165557347418,-1.1912731669278223
Single Ear Headphone Mini Ear Clip Painless Wearing Car Sports Business Open Bluetooth Earphones,411.0,5.0,3,21,headphones,121.654501216545,Budget,0,0,0,1.125372355974805,-1.1431237390431266
P47 Bluetooth Foldable Headset with Microphone Support Fm Radio TF for PC Smartphone and Tablet,849.0,5.0,3,24,headphones,58.89281507656066,Mid-Range,0,0,1,1.1196296105235768,-1.1413534436321846
Universal Bluetooth Hands-Free Earphone with Mic for All Smartphones,224.0,4.0,329,19,headphones,178.57142857142856,Budget,0,0,0,-0.5437402717324529,-1.578161991988447
"M10 and i12 TWS Wireless Bluetooth Earbuds V5.0 with Touch Sensor and Built-in Mic, True Stereo, 10m Transmission, Charging Case, Sports Headset for All Bluetooth Devices - Black",649.0,4.0,1371,63,headphones,61.633281972265024,Budget,0,0,0,-1.7602938614099304,-2.401176593807974
Airpods Air Pro 3rd Gen TWS - Bluetooth Earbuds with Dual Connectivity,365.0,4.0,63,287,headphones,109.5890410958904,Budget,0,0,0,-1.1072385223178443,-1.1460454271127811
"Bluetooth TWS Wireless Headset, Premium Sound, Hands-Free, Noise-Canceling, Universal Compatibility",616.0,5.0,1,5,headphones,81.16883116883116,Budget,0,0,0,1.1793704044163094,-1.1545094443748842
Green Net HF Original Headphone Attractive Sound 100% Original Quality Easy to use,161.0,4.2,0,0,headphones,260.8695652173913,Budget,0,0,0,0.12405326097653117,-1.2893828900955528
"ZF Tech Wireless Neckband Bluetooth 5.0 Earbuds with Heavy Bass, Magnetic Attraction & Noise Reduction for Sports",182.0,4.2,0,5,headphones,230.7692307692308,Budget,0,0,0,0.10854070741462013,-1.2854307251638875
Lenovo HE05 Wireless Neckband Bluetooth 5.0 Headphone Wireless Headset With Heavy Bass Stereo Earphones High Quality Magnetic Attraction Intelligent Noise Reduction Cancelling Sports Headset,855.0,4.0,1330,70,headphones,46.78362573099415,Mid-Range,0,0,1,-1.737955457377046,-2.362154457854507
Imported Bluetooth Earphones Wireless Magnetic in Ear Headphones Sport Neckband Neck-hanging TWS Earbuds Wireless Bluetooth Headset with Mic | large Capacity Digital Display Neckband,1018.0,5.0,6,51,headphones,49.11591355599214,Premium,0,0,2,1.033212416498968,-1.1225589828813405
"P9 Wireless Bluetooth Headphones with Mic – Hi-Fi Stereo Sound, Noise Cancelling, Foldable Over-Ear – Professional Gaming & Music Headset – Long Battery Life – Compatible with All Smartphones & Tablets",949.0,4.0,1418,68,headphones,42.14963119072708,Premium,0,0,2,-1.8222751844496698,-2.4362945607331095
Wireless Neckband Bluetooth 5.0 Headphone Wireless Headset With Heavy Bass Stereo Earphones High Quality Magnetic Attraction Intelligent Noise Reduction Cancelling Sports Headset ZF Tech,225.0,4.0,209,820,headphones,177.77777777777777,Budget,0,0,0,-2.932421481831204,-0.8415265171793253
G02 Sports Neckband LED Digital Display Wireless BT Headphone Magnetic Bass Headset with Handsfree Earbuds BY MT's Collection,50.0,4.0,9,31,headphones,800.0,Budget,0,0,0,-0.25054958409914346,-1.3050340680641064
Cat Headphone / P47 Ear Wireless Bluetooth Headphones - Glowing LED Light-Up Foldable Headset for Kids and Adults,886.0,4.0,235,14,headphones,45.14672686230248,Mid-Range,0,0,1,-0.4248907897526733,-1.5057271734207531
Special Edition P47 Headphone with Pop Window Over The Ear Wireless Bluetooth Headphone Support Sd Card use,745.0,4.0,22,93,headphones,53.69127516778523,Mid-Range,0,0,1,-0.45276310542617076,-1.2673388306097941
Neckband Sports Neckband Headphones Bluetooth Earphones Gaming LED Battery Display Wireless Mic Stereo HIFI TWS Headset Support TF Cards,699.0,4.2,0,0,headphones,60.08583690987125,Mid-Range,0,0,1,0.12856161837433117,-1.2901429745075292
Gaming Headphones – Stylish Headphones for Girls – High Quality Sound Headphones for Gaming & Music,750.0,4.2,0,0,headphones,56.0,Mid-Range,0,0,1,0.12898899054401108,-1.2902150271190735
AKG Handsfree - Universal AKG Handfree For All Android Devices Having 3.5mm Headphone Jack - Tuned By Samsung - PUBG AKG Earphone - Handfree For Music - EO-IG955 - Black Color,137.0,4.0,557,40,headphones,291.97080291970804,Budget,0,0,0,-0.8471257890745745,-1.748934936188608
P47 Wireless Headset Bluetooth Foldable Headphone (Connect with All Smart Cell Phones / Laptops / Computer Systems).,799.0,4.0,448,27,headphones,50.06257822277848,Mid-Range,0,0,1,-0.6875980372860133,-1.6705276594394092
"Original P47 Wireless Bluetooth Headset – Foldable On-Ear Headphones with Ultra-Compact Invisible Earbuds, Hands-Free Calling, High-Quality Sound, Noise Reduction, Long Battery Life, Comfortable Fit, Portable Design, Compatible with All Smartphones, iOS a",600.0,4.2,0,0,headphones,70.0,Budget,0,0,0,0.12773201357436426,-1.2900031076733551
"H130 Gaming Headphones - Over-Ear Stereo Sound Headset with 360° Adjustable Noise Reducing Microphone for PC, Laptop, Mobile, PS4, Xbox - 3.5mm Wired Plug - Red & Black - By FunBug",1597.0,5.0,3,24,headphones,31.308703819661865,Premium,0,0,2,1.1258977356788824,-1.1424102152681668
"P9 Wireless Bluetooth Headphones with Mic – Hi-Fi Sound, Noise Cancelling, Foldable Over-Ear – Best for Music, Gaming, Calls – Long Battery – Compatible with Android, iPhone – Best Wireless Headphones",880.0,4.0,254,14,headphones,45.45454545454545,Mid-Range,0,0,1,-0.4446714557715881,-1.5213536598784039
Orignal P47 headphone Wireless Earbuds Invisible Ultra Big  Bluetooth Handfree for all cell phones,799.0,5.0,16,67,headphones,62.57822277847309,Mid-Range,0,0,1,0.970789518863751,-1.1177366408162546
"Headphones, P47 Bluetooth Foldable Headset with Microphone Support FM Radio TF for PC TV Smart Phones & Tablets Etc",742.0,4.0,29,108,headphones,53.90835579514825,Mid-Range,0,0,1,-0.5071229259038595,-1.2611493408717536
"New STN 28 Cat Ear Bluetooth 5.0 Stereo Headset with RGB Lighting, Microphone, TF Card Support, and Universal Compatibility",1099.0,4.2,0,15,headphones,38.21656050955414,Premium,1,0,2,0.0848479659470711,-1.2787625920672474
Airpro & Air 31 TWS I12 Airpods_Airpods Air Pro 3 TWS Earbuds with Charging Case i12 Pro Air Buds with woofer Bluetooth Wireless Earphone buy online in Pakistan . for sale,279.0,4.0,66,357,headphones,143.36917562724014,Budget,0,0,0,-1.3307139380947428,-1.0926469338792497
"Misuli Neckband Bluetooth Earphones Wireless with Mic, Noise Cancelling, Sport Design, 10 Hours Battery, Free Charging Cable",654.0,3.5,34,239,headphones,53.51681957186544,Budget,0,0,0,-1.5917366074877617,-1.2435387665617124
NEW Imported Bluetooth Earphones Wireless Magnetic in Ear Headphones Sport Neckband Neck-hanging TWS Earbuds Wireless Bluetooth Headset with Mic | large Capacity Digital Display Neckband,249.0,5.0,2,0,headphones,200.8032128514056,Budget,0,0,0,1.1909450896836669,-1.1587956745869599
i7S Double i12  Pods Wireless Bluetooth Hand Free with Power Bank  Earphones White bluetooth ear phone for all cell phones use,624.0,4.0,109,512,headphones,64.1025641025641,Budget,0,0,0,-1.8588203125018317,-1.005081895808657
Special  P47 Headphone with Pop Window Over The Ear Wireless Bluetooth Headphone Support Sd Card,771.0,4.0,150,547,headphones,51.88067444876784,Mid-Range,0,0,1,-2.0099842855691725,-1.0111553461635612
(Buy 1 Get 1 Free) S109 Business Wireless Bluetooth Headset - Enhanced by CSR Noise Control for Crystal Clear Conversations.,349.0,5.0,3,21,headphones,143.26647564469914,Budget,0,0,0,1.1248528054940177,-1.1430361456722296
Original P47 Wireless Bluetooth Earbuds – Compact Handfree Headset with Mic for All Smartphones – Clear Sound & Long Battery Life,800.0,5.0,2,8,headphones,62.5,Mid-Range,0,0,1,1.1704607365452442,-1.1532031915043932
"Unique Style Headphones Gaming Wired Over-Ear Headphones With Mic Deep Bass Stereo Sound Head Set Noise-Isolating Head Phone For Gaming, Music & Calls – Compatible With Smartphone, PC, Laptop All 3.5mm Devices",1155.0,5.0,7,25,headphones,43.29004329004329,Premium,0,0,2,1.1149023718025177,-1.1442809637781064
P47 Wireless Bluetooth Foldable Headset With Microphone FOR All cell phones and laptop use,777.0,5.0,7,38,headphones,64.35006435006434,Mid-Range,0,0,1,1.0709446109610874,-1.1333941592743249
"Magnetic Lenovo HEO5 X Bluetooth 5.0 Sports Earbuds - Waterproof Neckband, 8H Battery & Calling Noise Cancellation",750.0,4.2,0,0,headphones,56.0,Mid-Range,0,0,1,0.12898899054401108,-1.2902150271190735
K58pro TWS Wireless Headphone Bluetooth 5.3 Earphones Magnetic Neckband Sport Waterproof Blutooth Headset with Mic,1299.0,4.0,62,309,headphones,30.79291762894534,Premium,1,0,2,-1.1674028377879864,-1.129022017981697
"Google Pixel Airpods Pro dual inner core 5.2 Earbuds handfree bluetooth 
Noise Reduction Wireless Ear buds Headphones Bluetooth Headset Single Wireless Earphone With Mic Stereo For all phones",2000.0,4.2,0,6,headphones,21.000000000000004,Premium,1,0,2,0.12063756221920742,-1.2872028221151808
Lenovo HE05 Wireless Neckband Bluetooth 5.0 Headphone Wireless Headset With Heavy Bass Stereo Earphones High Quality Magnetic Attraction Intelligent Noise Reduction Cancelling Sports Headset,365.0,4.0,20,104,headphones,109.5890410958904,Budget,0,0,0,-0.48838533098966214,-1.2563961483712947
Airpods Air Pro 3rd Gen TWS (True Wireless Stereo) Bluetooth Handsfree Earbuds Dual Earphones Headset Airbuds (Connect With All Bluetooth Devices).,699.0,4.0,7,27,headphones,57.22460658082976,Mid-Range,0,0,1,-0.23048335663787253,-1.3074906541854325
Bluetooth 5.3 Earphones with HD Screen Wireless Headsets Neckband Headphones HiFi Stereo Noise Reduction Earbuds,950.0,5.0,1,12,headphones,52.63157894736842,Premium,0,0,2,1.1602053306626634,-1.1494067512249917
Air Buds M10 Wireless Earbuds - 3500mAh Extended Battery HiFi Stereo Sound Bluetooth Headphones,508.0,4.2,0,0,headphones,82.67716535433071,Budget,0,0,0,0.12696106769964755,-1.2898731304133146
"🔥 TWS Wireless Earbuds with LED Display  m10– and i7s ENC Noise Cancellation, HiFi Stereo, Bluetooth 5.3 – Available in Black & White 🎧",415.0,4.2,0,0,headphones,101.20481927710844,Budget,0,0,0,0.12618174197846654,-1.2897417403569693
T-10 Wireless Stereo V4.2 Earphones With Mic Noise Cancelling For All Smartphones Multicolours,299.0,4.0,74,351,headphones,133.77926421404683,Budget,0,0,0,-1.3200276361034746,-1.104036532605163
"P9 Wireless Bluetooth Headphones China Bubble Packing | HiFi Stereo Over-Ear | Built-in Mic | Sports Headset for iPhone, Tablet, PC and Android.",1129.0,4.0,125,564,headphones,35.4295837023915,Premium,1,0,2,-2.03436426823546,-0.9775505727701683
"Magnetic Lenovo HEO5 X Bluetooth 5.0 Sports Earbuds - Waterproof Neckband, 8H Battery & Calling Noise Cancellation",797.0,4.2,0,8,headphones,52.69761606022585,Mid-Range,0,0,1,0.10428119478757514,-1.2839104946988933
New S109 Wireless Bluetooth Headset Hanging Ear Unisex Driving Can Answer The Phone Long Standby 1 Minute Fast Charge Single Headset,284.0,4.0,698,24,headphones,140.8450704225352,Budget,0,0,0,-0.9421108944879178,-1.877912370001718
Wave Pro Earbuds,2016.0,4.2,0,0,headphones,20.83333333333333,Premium,1,0,2,0.13959787616783037,-1.2920036272409365
"Pro - III RGB Gaming Headphones | 360° Surround Sound | Noise Cancelling Microphone | Soft Ear Cushions | In-Line Volume Controls | LED Lights | RGB Gaming Headset for PC, PS4, Xbox One, Laptop, Mobile & More - Unique Mall",1477.0,4.0,92,336,headphones,27.08192281651997,Premium,1,0,2,-1.2817825314777573,-1.1324583780480142
Wireless Neckband Bluetooth 5.0 Headphone Wireless Headset With Heavy Bass Stereo Earphones High Quality Magnetic Attraction Intelligent Noise Reduction Cancelling Sports Headset ZF Tech,276.0,4.0,89,357,headphones,144.92753623188406,Budget,0,0,0,-1.3546232302458707,-1.1115692299332842
Single in-Ear Clip on Headphones TWS Bluetooth 5.3 Earphone Wireless Earbud With Mic Sports Handsfree Headset For Iphone Samsung,310.0,4.0,10,46,headphones,129.03225806451613,Budget,0,0,0,-0.2964748564493088,-1.2942787869430215
Best Sport's Neckband By Super Sounds_Orignal Neckband_Long Battery Timing_HEO5 Neckband_Neckband_Water Resistance_Hifi Sound With heavy Bass_ Best For Gyms And Sports,478.0,4.0,17,79,headphones,83.68200836820083,Budget,0,0,0,-0.4058804323971819,-1.273996284218463
Original p47 headphone Wireless Earbuds Invisible Ultra Small Bluetooth Handfree for all cell phones,719.0,4.0,22,100,headphones,55.63282336578581,Mid-Range,0,0,1,-0.47494492390696924,-1.2617275307901774
"Bluetooth Wireless Earphones With Neck Suspension For Sports, Dual Ear In Neck Suspension, Long Standby With Magnetic Suction TAOPA",249.0,5.0,7,30,headphones,200.8032128514056,Budget,0,0,0,1.0916217005681892,-1.1390191366719016
Lenovo GM2 Pro Bluetooth 5.3 Earphones Sports Headset Wireless In-Ear Gaming Low Latency Dual Mode Music Headphones New,2310.0,4.0,986,41,headphones,17.316017316017316,Premium,1,0,2,-1.2775454570549096,-2.1042295878291912
"M10 , A6s , F2 earbuds Headphones,Handfree,EarPhone, Bluetooth Neckband Magnetic Earphones Sport Running Earbuds Waterproof Bluetooth 5.2 Headset With Mic, SM Trader",149.0,5.0,3,26,headphones,335.5704697986577,Budget,0,0,0,1.1074883058634937,-1.138771752757206
USB-C Ear Pods with Mic – Type-C Wired Earphones for Android | High Bass Stereo Sound | Comfortable In-Ear Headphones,350.0,5.0,1,7,headphones,142.85714285714286,Budget,0,0,0,1.1708659531217376,-1.152540907096184
"Wireless Earbuds Latest_AirPods_Pro and Air31  Titanium Wireless Earbuds, Bluetooth 5.0, High Quality Sound bass airpods_pro 2nd Generation Bluetooth Wireless Earbuds 5.3 For android and Ios",559.0,4.0,32,198,headphones,71.55635062611807,Budget,0,0,0,-0.794165308138443,-1.1916864717803943
"100% Original Branded Gaming Headset RGB with Noise Reducing Microphone ~ Over the Ear Gaming Headphones with Stereo Sound for Pubg Mobile PC Laptop Computer PlayStation4 Xbox PS4 PS5 Nintendo Switch, iOS & Android ~ 3.5mm Wired Headphone Bass ~ By FunBug",1651.0,4.0,263,13,headphones,24.227740763173838,Premium,1,0,2,-0.4444188608411847,-1.5306453277770156
Wireless Bluetooth 5.2 Neckband Earphones Magnetic Sports Waterproof TWS with Mic,658.0,4.0,758,40,headphones,60.790273556231,Budget,0,0,0,-1.0514866140648738,-1.915072456238739
PRO T8 Wireless Bluetooth Headset ENC Transparent LED Display Stereo Earphones for Sports and Work,745.0,4.0,29,95,headphones,53.69127516778523,Mid-Range,0,0,1,-0.46630760748654615,-1.271506346761239
Timack® K58 Original Wireless Earbuds In Ear Headphones Bluetooth Earphone Neckband Hanging Ear Soft Silicone Sport Earbuds HD Stereo Headset handsfree Magnetic,999.0,4.2,0,0,headphones,42.04204204204204,Premium,0,0,2,0.13107557231362488,-1.290566813398966
"Wired Pro Gaming Headset for PS4 Xbox One Switch PC | Over-Ear Headphones with Mic | Deep Bass Surround | Noise Cancelling | LED Light | Soft Earmuffs | Plug & Play | For Fortnite, COD, PUBG, Valorant Players",1393.0,4.2,0,0,headphones,30.150753768844226,Premium,1,0,2,0.13437723182056388,-1.2911234551430528
Lenovo HE05 Wireless Neckband Bluetooth 5.0 Headphone Wireless Headset With Heavy Bass Stereo Earphones High Quality Magnetic Attraction Intelligent Noise Reduction Cancelling Sports Headset,199.0,5.0,2,8,headphones,251.2562814070352,Budget,0,0,0,1.1654244488201926,-1.1523541009252152
Wireless Headphones Bluetooth 5.2 Neckband Earphones Magnetic Sports Waterproof TWS Earbuds Blutooth Headset With Microphone Mic,361.0,4.5,27,134,headphones,124.65373961218836,Budget,0,0,0,0.07782543083199966,-1.1555364153827838
Zipper Style Metal In Ear Headphones with Mic Lightweight Tangle Free Handsfree for Smartphones,290.0,4.0,94,397,headphones,137.9310344827586,Budget,0,0,0,-1.4852063621861713,-1.0838488038583614
Ear Phone 3.5mm Headset Ear Hook Super Bass Earphone Handfree Hnadsfree With Mic For Mp3 Player Computer Mobile Telephone Earphone Wireless Blhutooth with Mic For PUG,276.0,5.0,4,31,headphones,181.1594202898551,Budget,0,0,0,1.091825574608898,-1.1357922370357156
Lenovo HE05 Wireless Bluetooth 5.0 Neckband Earbuds Sports Waterproof Headset Hi-Fi Sound Bass In-Ear Earphone,365.0,4.0,10,54,headphones,109.5890410958904,Budget,0,0,0,-0.32111561343403033,-1.2879855568932796
P9 Headphones Wireless | Premium P9 Wireless Headphones for Superior Audio | Sleek and Stylish P9 Pro Max Headphones Design | Durable P9 Pro Max Wireless Headphones for Music and Calls | High-Quality P9 Headphone Experience | Versatile P9 Headphones,990.0,5.0,1,8,headphones,50.50505050505051,Premium,0,0,2,1.173091348791365,-1.152648730000436
P47 Wireless Bluetooth 5.0 Foldable On Ear Headphones with Mic and Noise Isolation,631.0,5.0,1,10,headphones,79.2393026941363,Budget,0,0,0,1.1638075717756124,-1.1505488026653903
Air buds Air 31 Wireless Bluetooth-Compatible Headset Wireless Earphone Invisible Sports Fitness Earbuds In-ear Headphone,699.0,5.0,5,27,headphones,71.5307582260372,Mid-Range,0,0,1,1.1068826325155299,-1.1403982095977614
"P9 Wireless Bluetooth Headphones – Hi-Fi Stereo, Noise Cancelling, Foldable Over-Ear Design, Built-in Mic, Long Battery Life – Perfect for Music, Gaming & Calls – Works with Android & iPhone",1026.0,4.0,2,8,headphones,38.98635477582846,Premium,0,0,2,-0.16293452447142057,-1.318969142453212
"The Daily Edit : Interlink Sports Neckband Bluetooth 5.3 Wireless Headphones – Deep Bass, Magnetic Earbuds, Noise Reduction, Long Battery Life, Type-C Fast Charging",2189.0,5.0,1,6,headphones,22.841480127912288,Premium,0,0,2,1.1894141968371401,-1.1559354062315044
AirPods Max Headphones – Premium High Quality | Same as Original | Wireless Bluetooth Over-Ear Headset & Deep Bass,2334.0,5.0,1,11,headphones,21.422450728363327,Premium,0,0,2,1.1749407442368036,-1.1521584280416328
GX Gaming Headphones Wired Gaming Headphones With Stereo Voice Noice Cancellation Over Ear Headphones With Mic Soft Memory Earmuffs Easily Compatibility With Nintendo Switch.,1479.0,4.0,13,50,headphones,27.04530087897228,Premium,1,0,2,-0.3023449644563618,-1.2952135573056691
P47 Wireless Bluetooth Foldable Headset With Microphone FOR All cell phones and laptop used,749.0,5.0,2,13,headphones,66.75567423230974,Mid-Range,0,0,1,1.1543448340379026,-1.1491493052387833
Volcano Shield 2 RGB Wired Gaming Headphones with Mic  RGB LED Lights  Surround Sound  Noise-Canceling Mic  Volume Control  FREE Adapter Included for PC Laptop Mobile PS4 Xbox PUBG Music,2595.0,4.0,6,65,headphones,15.414258188824665,Premium,1,0,2,-0.33278955688986367,-1.2790844874065448
Bahuun G6000 Wireless Bluetooth Noise Cancelling Gaming Headphones - Over the Ear Stereo Gaming Headset Headphone with Microphone - 40 Hours Long Battery - Premium Design - Wired & Wireless HIFI Bass Stereo Earphone Headband with Mic -,6999.0,5.0,3,15,headphones,7.1438776968138304,Premium,0,0,2,1.1994050208868878,-1.1572094414839555
M10 TWS Wireless Headphones Earbuds Touch Control Bluetooth-Compatible 5.1 / 5.0 Earphones Wireless Headset Waterproof 9D Hifi Quality Earbuds LED Display Wireless Earphone With Charging Box Sound Like f9 m90 N35 Best For Gaming Pubg Gym Airdots.,699.0,4.0,27,101,headphones,57.22460658082976,Mid-Range,0,0,1,-0.4834424339932954,-1.265017372142605
Super Mini Earpods - Bluetooth 4.0 For All Mobiles and Smartphone,289.0,4.0,10,78,headphones,138.4083044982699,Budget,0,0,0,-0.397057427386094,-1.2687653828345997
P47 Wireless Headset Bluetooth Foldable On-Ear Headphone (Connect with All Smart Cell Phones / Laptops / Computer Systems).,713.0,5.0,1,6,headphones,70.12622720897616,Mid-Range,0,0,1,1.1770455434558154,-1.1538501188856356
"Gaming Headphone EKSA RGB 3.5mm With USB Earphone with Mic Professional Headset Surround Stereo Ergonomic Design Over Ear, For Gaming for PC, PS4, Xbox One -  Add To Cart",1487.0,3.5,11,39,headphones,23.53732347007397,Premium,1,0,2,-0.9333308292647883,-1.3850624376032858
"2024 Wired Sony MDR XB450AP Over-Ear Headphones with 1.0m to 1.4m Cable, High Bass and Clear Sound",1064.0,3.5,8,34,headphones,32.89473684210526,Premium,1,0,2,-0.9180716497278262,-1.385977980014824
"Bluetooth 5.2 Earbuds with Magnetic Neckband, LED Display, Noise Cancel & Mic for Active Lifestyles",256.0,4.2,0,0,headphones,164.0625,Budget,0,0,0,0.12484934639064087,-1.2895171057445078
Orignal P47 Wireless Headset Bluetooth Foldable On-Ear Headphone Wireless Earbuds Invisible Ultra Small Bluetooth Handfree for all cell phones,632.0,5.0,1,6,headphones,79.11392405063292,Budget,0,0,0,1.176366775892206,-1.1537356823849478
"Misuli Neckband Bluetooth Earphones Wireless with Mic, Noise Cancelling, Sport Design, 10 Hours Battery, Free Charging Cable",324.0,4.0,23,98,headphones,123.45679012345678,Budget,0,0,0,-0.4730179925432095,-1.2635851025132794
"G01 Neckband Bluetooth Headset - Waterproof, Long Battery Life",750.0,4.2,0,5,headphones,56.0,Mid-Range,0,0,1,0.11330046020634943,-1.2862331934650078
Neckband Wireless Bluetooth 5.4 Headphones HiFi Sound Neckband Earphones Sports Gamer Headsets Noise Reduction,1605.0,4.0,17,38,headphones,24.922118380062308,Premium,1,0,2,-0.2677903966630765,-1.3082395416173
i12 Double Wireless Bluetooth Hand Free with Power Bank AirPod Stereo Earphones White bluetooth ear phone for all cell phones use-Color Family:Black,649.0,4.0,497,23,headphones,61.633281972265024,Budget,0,0,0,-0.7271878194627055,-1.7138229542084433
Super Sound Neckband_Best Sports Neckband_water Resistance_ HEO5 Neckbands_Lenovo Neckband_ Long Lasting battery timing_Hifi Stereo Sounds quality with Heavy Bass_ Neckband Headset,649.0,4.0,53,300,headphones,61.633281972265024,Budget,0,0,0,-1.1352644106208847,-1.1278649657440967
Ibex YG12 Bluetooth 5.4 Neckband Earphones HiFi Sound ENC Noise Cancel LED Display 50H Playtime,870.0,4.2,0,6,headphones,48.27586206896552,Mid-Range,0,0,1,0.11116833571453462,-1.2856063622907692
Open Ear Headphones Clip On Ear Earbuds Hands-Free Noise Canceling Ear Clip For Cell Phone PC Tablet Laptop Computer,308.0,4.0,69,381,headphones,129.8701298701299,Budget,0,0,0,-1.4088911924217582,-1.0760437818381745
"Logitech H390 Ear Pads 1 Pair Soft Memory Foam Replacement Cushions for headgear , Comfortable Protein Leather, Noise-Isolating, Easy Install, 2 paces  Durable headphones Ear Cups,  Foam Best H 390 Earpads Thick Quality H390 headset ear pad covers sponge",319.0,4.0,20,163,headphones,125.39184952978056,Budget,0,0,0,-0.6738954619114281,-1.2093455226232976
Universal Stereo blutooth hand free /Earphone/ With Mic \ Handsfree For All Mobiles uesd,224.0,4.0,46,301,headphones,178.57142857142856,Budget,0,0,0,-1.1346944615104388,-1.1207079109706768
"New Wireless Headphones, P47 Bluetooth Foldable Headset with Microphone Support FM Radio TF for PC TV Smart Phones & Tablets Etc",771.0,4.0,43,221,headphones,51.88067444876784,Mid-Range,0,0,1,-0.8759788758381691,-1.1827213706088475
air buds pro 2 high quality buy one get one free,1150.0,4.2,0,0,headphones,36.52173913043478,Premium,1,0,2,0.132340929129736,-1.290780145640989
P47 Wireless Bluetooth Foldable Headset With Microphone FOR All cell phones and laptop use,717.0,4.0,443,14,headphones,55.78800557880056,Mid-Range,0,0,1,-0.642302798728659,-1.676650113633651
i12 Wireless Bluetooth Hand Free with Power Bank AirPods Stereo Earphones White bluetooth ear phone for all cell phones use,599.0,4.2,0,0,headphones,70.11686143572621,Budget,0,0,0,0.12772363372789997,-1.2900016948770503
Wireless 9D Bluetooth Headset NeckHanging Stereo Noise Reduction Universal 5.0 Sports Headset Microphone,735.0,4.2,0,0,headphones,57.142857142857146,Mid-Range,0,0,1,0.12886329284704645,-1.2901938351745017
"Wireless Headphones, P47 Bluetooth Foldable Headset with Microphone Support FM Radio TF for PC TV Smart Phones & Tablets Etc",823.0,4.0,1796,75,headphones,48.60267314702308,Mid-Range,0,0,1,-2.2378258435436758,-2.741595460388869
K58 Wireless Headphones Bluetooth Neckband Magnetic Earphones Sport Running Earbuds Waterproof Bluetooth 5.2 Headset With Mic by Sm Trader,300.0,4.0,19,61,headphones,133.33333333333334,Budget,0,0,0,-0.3529702186880507,-1.2897251932345821
"Bluetooth Neckband Earphones with Mic - Magnetic, Sports, Sweat-Proof",420.0,4.0,56,210,headphones,95.23809523809524,Budget,0,0,0,-0.8579051736370069,-1.201683119569087
"Wireless Headphones, P47 Bluetooth Foldable Headset with Microphone Support FM Radio TF for PC TV Smart Phones & Tablets Etc",777.0,4.0,194,865,headphones,51.48005148005148,Mid-Range,0,0,1,-3.053415958353335,-0.7941264858249663
Wireless Neckband Bluetooth Headphones Neckband Bluetooth Earphone With Microphone Long Battery Auriculares High Quality Headset Sport For TF Card,1281.0,4.0,56,204,headphones,31.2256049960968,Premium,1,0,2,-0.8318638894260402,-1.2076777375723893
STN-28 Cat Wireless Headphones Bluetooth Over-Ear Headset with Cute Cat Ears,1349.0,4.0,90,386,headphones,29.651593773165303,Premium,1,0,2,-1.437663572366003,-1.0908134179766082
"RGB Wired Gaming Headset for PC, Laptop, PS4, Xbox One & Mobile  Professional 3D Surround Sound RGB Headphones  Noise Canceling Mic with Red LED Light  Soft Earmuffs Over Ear Headset  Best Quality Stereo Bass Gaming Headphone.",1537.0,4.0,155,645,headphones,26.02472348731295,Premium,1,0,2,-2.3162527248851856,-0.938308072522676
"Sport Bluetooth Neckband Pro Air V5.3 + EDR White Bliss Earphones for Ultimate Freedom in Driving, Cycling, Running, & Gym with Rechargeable Balanced Sound & Built-In Mic",732.0,3.5,10,56,headphones,47.814207650273225,Mid-Range,0,0,1,-0.991960175075492,-1.369634649167479
New Special Offer P47 New Multifunctional Noise Cancelling+FM+Mic +Wired Double Mode Mic  Headphones for All Phones,777.0,4.0,34,116,headphones,51.48005148005148,Mid-Range,0,0,1,-0.5371234869073749,-1.2589423189052527
P9 Wireless Bluetooth Headphones With | Mic Noise Cancelling Headsets Stereo Sound Earphones | Sports Gaming Headphones Supports,1048.0,4.0,349,18,headphones,38.167938931297705,Premium,0,0,2,-0.5544664005363579,-1.5965803589117533
"P9 Wireless Bluetooth Headphones with Mic, Power and Volume Control",999.0,4.0,51,259,headphones,40.04004004004004,Premium,0,0,2,-1.0016086327537466,-1.159364694810378
STN-28 Cat Wireless Headphones Bluetooth Over-Ear Headset with Cute Cat Ears,1450.0,4.0,10,79,headphones,27.58620689655172,Premium,1,0,2,-0.3904661317085598,-1.2696092726136465
":  🎧 P9 Wireless Bluetooth Headphones with Mic – Noise Cancelling Stereo Sound Headset, HiFi Deep Bass Over Ear Earphones, Foldable Sports & Gaming Headphone, FM Radio, SD Card & AUX Support, Compatible with Android, iPhone, Laptop & PC",1320.0,4.0,21,107,headphones,30.303030303030305,Premium,1,0,2,-0.49083413723674246,-1.256179161451796
P9 Wireless Bluetooth Headphones With Mic Noise Cancelling Headsets Stereo Sound Earphones Sports Gaming Headphones Supports,1099.0,5.0,1,42,headphones,45.49590536851683,Premium,0,0,2,1.0673227457598757,-1.1257262559500103
"Wireless Headphones, P47 Bluetooth Foldable Headset with Microphone Support FM Radio TF for PC TV Smart Phones & Tablets Etc Now Available  al Flick Cart Store ant reasonable price",1230.0,4.2,0,0,headphones,34.14634146341464,Premium,1,0,2,0.133011316846881,-1.2908931693453722
Special Edition P47 Headphone with Pop Window Over The Ear Wireless Bluetooth Headphone Support Sd Card use,771.0,5.0,1,6,headphones,64.85084306095979,Mid-Range,0,0,1,1.1775315745507453,-1.1539320610713135
P47 Wireless Bluetooth Headphones Foldable Stereo Headset with Built-in Mic for Android Devices and PC,899.0,4.0,112,736,headphones,44.493882091212456,Mid-Range,0,0,1,-2.5624773381050936,-0.8295529454959268
"RGB Gaming Headphones with 7.1 Surround Sound, Noise-Cancelling Mic, and Deep Bass for PC, Pubg Mobile, PS4, PS5, Xbox Series X, Xbox One, Laptop, Nintendo Switch – Over-Ear Wired Headset with LED Lights, Adjustable Headband, and Comfortable Ear Cushions",1487.0,3.5,6,28,headphones,23.53732347007397,Premium,1,0,2,-0.893623855432425,-1.389708007632894
Special Edition P47 Headphone with Pop Window Over The Ear Wireless Bluetooth Headphone Support Sd Card,779.0,4.0,23,90,headphones,51.34788189987162,Mid-Range,0,0,1,-0.4441035138616887,-1.2705988586784638
Aroma Neckband Wireless Bluetooth 5.2 Earphones Magnetic Neckband Headphones LED Display HIFI Headset Sport Active Noice Cancelling Bass Handsfree Earbuds,687.0,4.0,30,126,headphones,58.22416302765648,Mid-Range,0,0,1,-0.5651009680928802,-1.2475599287222205
P47 On Ear Wireless Headphones Dynamic Plastic Mobile Phone Earphone with Volume Control / with Microphone / Noise-isolating Headset,771.0,4.0,16,51,headphones,51.88067444876784,Mid-Range,0,0,1,-0.31453092607433175,-1.2958856091966675
"Gaming Headphone with Mic – Noise Cancelling, 7.1 Surround Stereo Sound, Deep Bass, RGB LED Light, Wired Over-Ear Headphones, Soft Memory Earmuffs, Adjustable Headband, Compatible with Smartphones, PS4, PS5, Xbox, PC, Laptop – SnapMart",1482.0,4.0,6,16,headphones,26.99055330634278,Premium,1,0,2,-0.1883687286955589,-1.3165340149291598
Open Ear Headphones Clip On Ear Earbuds Hands-Free Noise Canceling Ear Clip For Cell Phone PC Tablet Laptop Computer,369.0,5.0,3,21,headphones,135.50135501355015,Budget,0,0,0,1.125020402423304,-1.1430644015983253
"Imported 100% P9 Wireless Bluetooth Headphones with Mic – Hi-Fi Sound, Noise Cancelling, Foldable Over-Ear – Best for Music, Gaming, Calls – Long Battery – Compatible with Android, iPhone – Best Wireless Headphones",899.0,4.2,0,0,headphones,46.71857619577308,Mid-Range,0,0,1,0.13023758766719362,-1.2904255337684871
"Lenovo HE05 Pro Original Bluetooth Neckband Earphones - Clear Sound, Wireless Ease",369.0,4.0,6,28,headphones,108.40108401084012,Budget,0,0,0,-0.23534797062072635,-1.3054051718721718
Ambie AirCuff TWS Wireless Earbuds | Open-Ear Design | Bluetooth 5.3 | HD Sound | Lightweight & Comfortable | Long Battery,636.0,5.0,1,27,headphones,78.61635220125787,Budget,0,0,0,1.1105084678598842,-1.1370176322230905
Magnetic Bluetooth 5.2 Neck Band Earphones with LED Display & Noise Cancellation,933.0,4.2,0,0,headphones,45.016077170418,Mid-Range,0,0,1,0.13052250244698027,-1.29047356884285
"Pro IV  RGB Gaming Headphones with Noise Cancelling Microphone  360° Surround Sound Wired Over-Ear Headset for PC, Laptop, PS4 & Mobile  Deep Bass Gaming Gear with Soft Earpads - Unique Mall.",1479.0,4.0,134,542,headphones,27.04530087897228,Premium,1,0,2,-1.971747761248353,-1.00297115477154
P9 Wireless Bluetooth Headphones Foldable Wireless Headphones with Mic Stereo Headset Support FM Radio TF for PC TV Tablets & Smart Phones,923.0,4.0,281,14,headphones,43.33694474539545,Mid-Range,0,0,1,-0.47234904065696376,-1.5436325157699282
"Wireless Headphones, P47 Bluetooth Foldable Headset with Microphone Support FM Radio TF for PC TV Smart Phones & Tablets Etc",775.0,4.0,129,582,headphones,51.61290322580645,Mid-Range,0,0,1,-2.0979632087710147,-0.9660074129311054
"P9 Wireless Bluetooth Headphones | HiFi Stereo Over-Ear | Built-in Mic | Sports Headset for iPhone, Tablet, PC",870.0,4.0,9,45,headphones,45.97701149425287,Mid-Range,0,0,1,-0.2876059949438602,-1.2950434268026492
P9 Wireless Bluetooth Headphones with Mic,1104.0,4.0,195,942,headphones,36.231884057971016,Premium,1,0,2,-3.2933175571773963,-0.7340911247458859
"Monster Gaming Headphones Wireless Bluetooth 5.4 Earphones, MQT52 Long Battery Life Dual Mode HIFI Stereo Sound Headset With Mic",2290.0,5.0,2,9,headphones,21.83406113537118,Premium,0,0,2,1.179809001709537,-1.1545118912677157
New S109 Wireless Bluetooth Headset Hanging Ear Unisex Driving Can Answer The Phone Long Standby 1 Minute Fast Charge Single Headse,274.0,4.0,32,159,headphones,145.98540145985402,Budget,0,0,0,-0.674183027747011,-1.2223421273352428
"P47 On-Ear Wireless Bluetooth Headphones with Volume Control, Microphone, Noise-Isolating, Foldable Design, TF Card & FM Radio Support",789.0,4.0,33,150,headphones,50.69708491761723,Mid-Range,0,0,1,-0.6426664936280009,-1.231059910811395
"P47 Wireless headphones with Microphone Bluetooth Foldable Headset Support FM Radio TF for PC ,TV Smart Phones & Tablets etc.",647.0,5.0,9,31,headphones,77.27975270479135,Budget,0,0,0,1.0897422905576502,-1.1404308484741292
Magnetic Neckband Headphones Wireless Bluetooth 5.2 Earphones LED Display Headset Sport Noise Cancel Earbuds with Mic,999.0,3.0,3,10,headphones,30.03003003003003,Premium,0,0,2,-1.5057637401965225,-1.4836078152771601
"I7S Mini  TWS Airpods_ with Super Sound & High Quality Touch Sensors True Stereo Headphones with Built in Mic 10m Transmission Bluetooth Wireless Earbuds , Charging Case Sport Headset for all Bluetooth Smart devices.",599.0,4.0,73,370,headphones,66.7779632721202,Budget,0,0,0,-1.3760916560293939,-1.0885065108092824
"Original P47 Wireless Bluetooth Headset – Foldable On-Ear Headphones with Ultra-Compact Invisible Earbuds, Hands-Free Calling, High-Quality Noise-Canceling Sound, Long Battery Life, Comfortable Portable Design, Compatible with All Smartphones (iOS & Andro",1287.0,4.2,0,0,headphones,32.63403263403264,Premium,1,0,2,0.13348896809534677,-1.2909736987347453
"Wired Gaming Headphones with Mic for PS4 Xbox One Switch PC Laptop | Over-Ear Noise Cancelling | Surround Sound | LED Light | Soft Cushion Earmuffs | Gaming Headset for COD, PUBG,",1472.0,4.0,40,263,headphones,27.17391304347826,Premium,1,0,2,-0.9987729340493395,-1.1477956597187498
M10 Air buds Wireless Bluetooth EarBuds Stereo Earphones with Power bank Bluetooth Ear phone Ear Buds Airdots Premium Quality For All Smart Phones,646.0,4.0,509,31,headphones,61.91950464396285,Budget,0,0,0,-0.7647759045571754,-1.7173224955954318
Airpods_Pro Wireless Earbuds Bluetooth 5.0 Compatible with IOS and Android,736.0,4.0,1728,100,headphones,54.34782608695652,Mid-Range,0,0,1,-2.246383525457076,-2.6656066683130444
Air 31 airpods dual 5.2 Earbuds handfree bluetooth Wireless Earbuds Headphones Bluetooth Headset Earbud Single Wireless Earphone With Mic Stereo For all phones,499.0,4.0,39,142,headphones,80.16032064128255,Budget,0,0,0,-0.6262256490698019,-1.2419584905407157
P47 5.0 EDR Wireless Bluetooth Headset with Charging Cable - Premium Quality,694.0,4.2,0,7,headphones,60.518731988472624,Mid-Range,0,0,1,0.10655577666928329,-1.2845613434103131
Lenovo HEO5 X Wireless Bluetooth 5.0 Sports Earphones Headset Neckband_Waterproof Neckband_Sports Neckband_Noice Cancellation in Calling_Magnetic Ear buds_Long Battery Timing UpTo 8 hours,725.0,4.0,32,163,headphones,55.172413793103445,Mid-Range,0,0,1,-0.6829545412617356,-1.21979383154545
New Wireless Girls Cat Headphone Model STN28  Best Bluetooth 5.0 Stereo Connectivity Headset,1163.0,4.0,49,229,headphones,34.393809114359414,Premium,1,0,2,-0.9040262730718266,-1.1818416097250235
"Original P47 wireless headset is a Bluetooth foldable on-ear headphone with wireless earbuds that are invisible, incredibly small, and handfree for all cell phones.",1050.0,4.0,16,109,headphones,38.095238095238095,Premium,0,0,2,-0.4941799008276638,-1.25009050897854
"Ambie Wireless Ear Clips 5.3 Bluetooth Headphones, Comfortable Ear Cuffs, Premium Sound Quality",598.0,4.0,12,67,headphones,66.88963210702342,Budget,0,0,0,-0.362030170921569,-1.2796077565354589
"P47 Wireless Bluetooth Headphones, Stereo Foldable Headset with Built-in Mic, Compatible with Android Devices and PC",899.0,4.0,75,455,headphones,44.493882091212456,Mid-Range,0,0,1,-1.6423596006661514,-1.0228849631853347
Aura Watch Marble - Aura Watch For Men - Aura Watch Black Marble - Aura Watch Arabic - Aura Watch White - Aura Watch For Men Luxury Men - Aura Watch For Boys - Aura Watches - Ghari - Unisex - Fiber Watch,650.0,4.0,8,66,watches,61.53846153846154,Mid-Range,0,4,1,-0.5600539118582124,1.362052118511653
"“Premium Hybrid Men’s Wristwatch – Rotating Rim Dial, Multi-Function Modern Design, Waterproof Metal Strap”Look Like Smart Watch",553.0,4.0,11,47,watches,72.33273056057865,Budget,0,4,0,-0.504365665935841,1.3445895134621653
"Black Arabic Aura Watch For Men Stylish Aura Watch Smartwatch - TimeThe Best Arabic Watch for Men: Arabic Aura"" Arabic Aura Watch for Men",560.0,4.0,9,63,watches,71.42857142857143,Budget,0,4,0,-0.552433421255305,1.3589672771847772
Best White Marble Arabic Aura Unisex Watch | Luxury Marble Effect Dial Wrist Watch with Arabic Numerals | Stylish Fiber Strap Fashion Watch for Men & Women | Elegant Modern Unisex Timepiece in Pakistan,598.0,4.0,11,62,watches,66.88963210702342,Budget,0,4,0,-0.5510541638579319,1.3564714385906473
T800/ T900/ I20 / Ultra 10 / Dt900 / Y80 Ultra Smart Watch / T900 Ultra 2 SmartWatch - 2.09 Infinite Display - 49MM Dial Size - Built-in Games - Bluetooth Calling - Crown Working,1223.0,4.0,922,34,watches,32.70645952575634,Mid-Range,0,4,1,-1.4039811216351195,0.5836348299362368
"i30, i50, DT900 Ultra, Y60 Ultra, T800 Ultra T900 Ultra , Ultra 10in1 , 7in 1 Ultra , T10 Ultra , Y20 Ultra , H20 Ultra 7 straps With Earbuds, Ws10 Ultra 2 , Y80 8 in1 Ultra S100 ultra 9 Available All smart watch in low Rate , High Quality All smart watch",1189.0,4.0,350,15,watches,33.6417157275021,Mid-Range,0,4,1,-0.7506611300921203,1.0392465797932693
7 in 1 Smart Watch - 7 Straps Smart watch Ultra watch 8 for Gift - 7in1 Smart watch for Boys - 7 in 1 Ultra Smart watch for Girls - Ultra 7 in 1 strap - Smart watch with 7 straps - Smart watch 7 in 1 - Ultra Smart watch 7 straps - Smartwatch Ultra 8 watch,1499.0,4.0,8,51,watches,26.6844563042028,Premium,1,4,2,-0.5058738311970263,1.3489071534866894
Black Arabic Aura Watch For Men Stylish Aura Watch 100% Original Watch Amazing Smart Watch,599.0,4.0,10,56,watches,66.7779632721202,Budget,0,4,0,-0.5311811061883721,1.3525147182113308
"Black Aura watch Stylish Wrist Watch for Men & Women – digital Smart Watch Elegant Analog Watch with Premium Design, Casual & Formal Use, Smart Watch",592.0,5.0,15,80,watches,84.45945945945947,Budget,0,4,0,0.7235521884936934,1.53296960429958
"GT7 Ultra Smart Watch 1.52"" HD Display – Bluetooth Calling, Fitness Tracker, Waterproof, Health Monitor – Compatible with All Smartphones & Android",749.0,4.0,42,171,watches,53.4045393858478,Mid-Range,0,4,1,-0.9239904523577921,1.4175524031493716
i20 ultra max suit smartwatch with airbuds wireless charging ultra smart watch - bluetooth call watch with extra straps,1959.0,4.0,16,92,watches,20.41858090862685,Premium,1,4,2,-0.6389725819354806,1.3743251607348876
Pack of 2 - Led Style Fitness Band Led Time & Date Band Watch For Boys & Girls - Best Quality Square Digital Silicone Sports Watch For Men & Women,399.0,3.5,703,30,watches,87.71929824561403,Budget,0,4,0,-1.8385611734899494,0.67910370128511
"Ultra SIM Smart Watch – 1.99"" Display, 24 Sports Modes, Bluetooth, Waterproof, Metal Body + Silicone Strap",588.0,4.0,34,270,watches,68.02721088435374,Budget,0,4,0,-1.2276649769810348,1.5032033121198847
Black Arabic Aura Watch For Men Stylish Aura Watch 100% Original Watch Amazing Smart Watch with Arabic numerals fiber chain unisex Butterfly Clasp,450.0,4.0,1348,70,watches,88.88888888888889,Budget,0,4,0,-1.9657922054092458,0.26284379019362486
Smart Watch T900 Ultra Smart Watch / T900 Ultra 2 SmartWatch - 2.09 Infinite Display - 49MM Dial Size - Built-in Games - Bluetooth Calling - Crown Working,1150.0,4.0,1159,64,watches,34.78260869565217,Mid-Range,0,4,1,-1.7448346484956452,0.41260337194832136
C95 ultra 4G smart watch 2026new arrival [4G LTE SIM]C95 Ultra Android 4GB+64GB Play Store GPS WiFi Bluetooth Health Monitoring Phone Call Smart Android Watch,949.0,4.0,2,29,watches,42.14963119072708,Mid-Range,0,4,1,-0.4352225647592776,1.337101480187638
Original Ultra smart Watch T800/T900 Latest D20 Smart Watch T900 ultra BiG 2.09 Full Touch 49 mm Smart watch for Calling mens & Womans,450.0,4.0,551,22,watches,88.88888888888889,Budget,0,4,0,-0.9875445041001796,0.8804637502028646
"PTA Approved S8 Max Ultra SIM Smart Watch – 1.99"" Display, 24 Sports Modes, Bluetooth, Waterproof, Metal Body + Silicone Strap",1499.0,4.0,42,267,watches,26.6844563042028,Premium,1,4,2,-1.2189253499926616,1.4929440120788438
"Advanced Bluetooth Smart Watch Without Sim Support 1.54"" Full Touch TFT Display, Heart Rate & BP Monitor, Step Counter, Waterproof Fitness Tracker, Call & Message Alerts, Sleep Monitor, Mobile App Sync, Sports Modes, Digital Wristband fo",1149.0,4.0,9,60,watches,34.81288076588338,Mid-Range,0,4,1,-0.5380845734852282,1.3557460399688168
D20 Bluetooth Smart Watch Men Waterproof Sport Fitness Tracker Smart Bracelet Blood Pressure Heart Rate Monitor Y68 Smartwatch,555.0,3.5,22,201,watches,63.06306306306306,Budget,0,4,0,-1.6666230493986074,1.3754520141022744
I20 Ultra Smart Watch - I20 Ultra Max Suit 10 in 1 Smart Watch With Airpods - Ultra 2 Smart Watch with Earbuds Watch Earbuds Ultra 9 Smart Watch Airpods Watch Airpods Smart Watch for Boys Touch Watch Mobile Watch Ultra with Airpods,1738.0,4.0,29,210,watches,23.01495972382048,Premium,1,4,2,-1.0245735824056283,1.457911056529924
K10 ultra 4G smart watch 2025 new arrival [4G LTE SIM] k10Ultra Android 4GB+64GB Play Store GPS WiFi Bluetooth Health Monitoring Phone Call Smart Android Watch,1428.0,4.0,13,66,watches,28.01120448179272,Premium,0,4,2,-0.5587265983984852,1.3568384989771902
"DT900 Ultra Smart Watch with 7-in-1 Interchangeable Straps - Fitness Tracker, Heart Rate Monitor, Sleep Analysis, Bluetooth Connectivity - Multi-Function Smartwatch for Men and Women -Waterproof iOS and Android Compatible - with Health and Fitness Feature",1444.0,4.0,27,178,watches,27.700831024930743,Premium,1,4,2,-0.9245537802692986,1.4344884688612454
Aura watch Arabic Aura Watch marble Design Black and White Aura watch,639.0,4.0,559,29,watches,62.59780907668232,Mid-Range,0,4,1,-1.016232186934363,0.879188156402013
7 in 1 Smart Watch - 7 Straps Smart watch Ultra watch 8 for Gift - 7in1 Smart watch for Boys - 7 in 1 Ultra Smart watch for Girls - Ultra 7 in 1 strap - Smart watch with 7 straps - Smart watch 7 in 1 - Ultra Smart watch 7 straps - Smartwatch Ultra 8 watch,1399.0,4.0,229,11,watches,28.591851322373124,Premium,0,4,2,-0.6106991264984011,1.1353344546719593
hw ultra call 2 2025 new arrival  S8 Ultra Android 4gB+64GB Play Store GPS WiFi Bluetooth Health Monitoring Phone Call Smart Android Watch TikTok YouTube Game,1425.0,4.5,10,44,watches,31.57894736842105,Premium,0,4,2,0.18103767296033757,1.4245146771857853
Special Edition [4G LTE SIM] C95 Ultra Android 4GB+64B Play Store GPS WiFi Bluetooth Health Monitoring Phone Call Smart Android Watch,1695.0,3.5,5,61,watches,20.64896755162242,Premium,1,4,2,-1.2001376708704394,1.2763392616327165
Most Trending Black & White Dial Aura Watch For Men & women 100% Original Watch With New Design & 7 straps Smartwatch,699.0,5.0,26,178,watches,71.5307582260372,Mid-Range,0,4,1,0.4055307818502898,1.601810553894117
Y80 Ultra Smart Watch 8 in 1 - Y80 Smart Watch 8 Straps For Gift - Ultra 2 Smart Watch Y80 - Ultra Watch 8 - Smart Watch for Boys - Smartwatches - Mobile Watch - Touch Watch for Boys - Smart Watch For Girls - Ultra 9 Smart Watch,1315.0,4.0,12,48,watches,30.41825095057034,Mid-Range,0,4,1,-0.502156370415469,1.3434864366068617
Y80 Ultra Smart Watch 8 in 1 - Y80 Smart Watch 8 Straps For Gift - Ultra 2 Smart Watch Y80 - Ultra Watch 8 - Smart Watch for Boys - Smartwatches - Mobile Watch - Touch Watch for Boys - Smart Watch For Girls - Ultra 9 Smart Watch,1149.0,4.0,10,74,watches,34.81288076588338,Mid-Range,0,4,1,-0.5830508998485824,1.3660722813983337
"7 in 1 Ultra Smart Watch for Men Women 2.19"" - 7 Straps Smart watch Ultra watch 8 for Gift - 7in1 Smart watch for Boys - 7 in 1 Ultra Smart watch for Girls - Ultra 7 in 1 strap - Smart watch with 7 straps",1445.0,5.0,11,95,watches,34.602076124567475,Premium,0,4,2,0.6877883721863729,1.5470015612212618
C95 ultra 4G smart watch 2026new arrival [4G LTE SIM]C95 Ultra Android 4GB+64GB Play Store GPS WiFi Bluetooth Health Monitoring Phone Call Smart Android Watch,1695.0,3.5,4,98,watches,20.64896755162242,Premium,1,4,2,-1.315194353951234,1.3066277234746708
Aura Watch for Men Stylish - Original Aura Arabic Dial Watch - Luxury Business Watch for Gents - Aura Watch Black and Blue - Fashionable Aura Watch for Girls and Boys - High Quality Aura Watches with Box - Aura Perfume Design Watch - New Arrival Watch,554.0,4.0,14,99,watches,72.20216606498195,Budget,0,4,0,-0.6706333258547624,1.383530492262543
"DT900 Ultra, H20 Ultra, T800 Ultra T900 Ultra , Ultra 10in1 , 7in 1 Ultra , T10 Ultra , Y20 Ultra , Y80 8 in1 Ultra S100 ultra 2 Available All smart watch in low Rate , High Quality All smart watch S100 Ultra 2 New Smart Watch 7 In 1 Straps 49mm 2.02inch",1199.0,4.0,134,556,watches,33.36113427856547,Mid-Range,0,4,1,-2.2237729678957394,1.6478116984034898
"Original i20 Ultra Max Suit Smart Watch 2.3"" Display – 7 Straps + Earbuds | Heart Rate, Call, Sleep Monitor | Men Women Boys Girls",749.0,4.0,41,221,watches,53.4045393858478,Mid-Range,0,4,1,-1.0798373143165068,1.4581936324918972
T10 Ultra Smartwatch 2.09inch HD Big Screen Magnetic Wireless Charging Wacth 8 49mm Smart Watch Bluetooth Call Sleep Monitor Men Women Watch,1248.0,4.0,33,139,watches,32.05128205128205,Mid-Range,0,4,1,-0.8100563420499519,1.3987697176240665
2025 New SIM Smart Watch 2.45inch 4G Network GPS Wifi Camera 64G ROM Storage Google Play Small Mobile Phone Smartwatch Women,1691.0,4.0,6,51,watches,23.65464222353637,Premium,1,4,2,-0.5021880178400754,1.3502816821999046
2025 new arrival [4G LTE SIM] S8 Ultra Android 4gB+64GB Play Store GPS WiFi Bluetooth Health Monitoring Phone Call Smart Android Watch4G ultra smart watch social media app working PTA approved,1686.0,4.0,18,103,watches,23.72479240806643,Premium,1,4,2,-0.6778519295988964,1.381825102561305
T800 Ultra 2 Smart Watch Series 9 2024 Bluetooth Call Wireless Charging Smartwatch For Android & 10S Premium Quality Hiwatchpro Application,1449.0,4.0,110,805,watches,27.605244996549345,Premium,1,4,2,-2.9780442230655755,1.865503242544587
"Pink Smartwatch for Women with Rose Gold finish—perfect for fashion and fitness.eamless Bluetooth Calling functionality (Make & Receive Calls directly on the watch), Advanced Health Tracker with Heart Rate Monitor, Blood Oxygen, and Sleep Analysis",1199.0,4.0,59,390,watches,33.36113427856547,Mid-Range,0,4,1,-1.6250306543427577,1.577331781228555
i20 Ultra Max Smart Watch for Men - 10 in 1 Smart watch With Airpods Pro & 7 Straps -Golden Smart Watch For men Women -Smart Watch With All Health & Sports Features -Airpods Pro Smart Watch Waterproof Smart Watch Now Available At Madina Store Karachi,1999.0,4.0,13,74,watches,20.01000500250125,Premium,1,4,2,-0.5790433546076215,1.362402726133661
Aura watch Arabic Aura Watch marble Design Black and White Aura watch,650.0,5.0,5,41,watches,76.92307692307693,Mid-Range,0,4,1,0.8567931704013998,1.5100582876308621
New White Marble Arabic Aura Unisex Watch Smart Watch Luxury Marble Effect Dial Wrist Watch Stylish Fiber Strap “White Arabic Aura Smart Watch | Full Touch Display | Heart Rate & Fitness Tracking | Android & iOS Compatible”,629.0,4.0,144,677,watches,63.59300476947536,Mid-Range,0,4,1,-2.618596328730825,1.7367484387069392
Ultra 7 in 1 Strap Smartwatch 49mm | Series 8 Ultra Smart Watch 49mm with 7 pair Stras | Bluetooth Calling | Sports Mood,1599.0,5.0,10,56,watches,31.26954346466541,Premium,0,4,2,0.8124878465935393,1.5165485808904782
7 in 1 Smart Watch - 7 Straps Smart watch Ultra watch 8 for Gift - 7in1 Smart watch for Boys - 7 in 1 Ultra Smart watch for Girls - Ultra 7 in 1 strap - ULTRA 7iN1 Straps 2.1 Inch HD Screen With 7 Different Straps Bluetooth Calling Smart Watch,1707.0,4.0,10,90,watches,23.43292325717633,Premium,1,4,2,-0.6285782426020134,1.3780258087532722
Black Arabic Aura Watch For Men Stylish Aura Watch 100% Original Watch Amazing Smart Watch,685.0,4.0,13,69,watches,58.394160583941606,Mid-Range,0,4,1,-0.574365942524066,1.360277306824088
White Marble Arabic Aura Unisex Watch | Luxury Marble Effect Dial Wrist Watch with Arabic Numerals | Stylish Fiber Strap Fashion Watch for Men & Women | Elegant Modern Unisex Timepiece in Pakistan.,663.0,5.0,8,64,watches,75.41478129713424,Mid-Range,0,4,1,0.7816195445984876,1.5258876776820007
Aura Watch Marble New Aura Watch for Men Aura Watch Black Aura Watch Arabic Aura Watch White Pakistan Aura Watch for Men Luxury Stylish Aura Watch for Boys Unisex Fiber Wrist Watch Elegant Ghari Fashion Casual Daily Wear Durable Analog Timepiece Birthday,599.0,5.0,9,56,watches,83.47245409015025,Budget,0,4,0,0.8051464415471288,1.5187842699971346
Smart Watch – HI Watch Pro Smart Watch –Smartwatch – Smart Watch for Boys – Ultra Smartwatch – HD Display – Fitness & Health Tracker – Bluetooth Calling – Waterproof Sports Smart Watch for Men & Women – iOS & Android Compatible,1642.0,5.0,27,76,watches,30.45066991473812,Premium,0,4,2,0.7324405545365323,1.5184259876338908
i10 Pro Max Smart Watch 2.19 Inch HD Display Bluetooth Calling Fitness Tracker for Men Women,1499.0,4.0,70,347,watches,26.6844563042028,Premium,1,4,2,-1.4990181950964907,1.5336123520916114
Pack of 02 - Black arabic aura watch for men black dial with Arabic numerals fiber Steel chain unisex Butterfly Clasp Aura Smart Watch with Amazing Band,663.0,4.0,15,70,watches,60.3318250377074,Mid-Range,0,4,1,-0.5797648880496163,1.359458969469872
"Smart Watch – Ultra Smartwatch – smartwatch – Smart Watch for Boys – 7-in-1 Smart Watch with Strap Set – Ultra Watch Replacement Band for Men & Women | Silicone, Metal, Magnetic, Nylon & Leather Styles | Compatible with Ultra Series 49mm Smart Watches |",1568.0,5.0,16,29,watches,31.887755102040817,Premium,0,4,2,0.8907154866691095,1.490153119032767
Stainless Steel Stylish Watch For Men - New Arrival,563.0,4.0,43,694,watches,71.04795737122558,Budget,0,4,0,-2.5676078185374656,1.8334920906754806
Most Trending Girls Pink Arabic Aura Watch For Womens Fiber Material New Trending Colour Premium Quality For Aura Watch For Ladies Arabic Aura Watch For Womens Stylish Aura Watch Original Watch With New Design Smartwatch,168.0,4.0,52,215,watches,238.09523809523807,Budget,0,4,0,-1.0773026243039951,1.4451844459395597
Online Sale Black Stainless Steel Crystal Wrist Watch Simple Quartz Watch Men Women,568.0,4.0,613,27,watches,70.4225352112676,Budget,0,4,0,-1.0666275804649468,0.8332595201771902
🔥Black Arabic Aura Watch For Men Stylish Aura Watch 100% Original Watch Amazing Smart Watch -Watch for Girls - Watch for Boys,568.0,4.0,79,336,watches,70.4225352112676,Budget,0,4,0,-1.4816510381730235,1.5187615961956191
Advanced New Version Bluetooth Digital Wrist Smart Watch Waterproof Bracelet Support Mobile Notification With Mobile App Connectivity Fitness Tracker & BP Monitor Step Counter 1.54 Inch TFT Screen With Digital & Smart Display,1299.0,4.0,88,447,watches,30.79291762894534,Mid-Range,0,4,1,-1.8331567166648135,1.5987195140002735
Pack of 4 Mens Silver Watch Set || casual watch set || smart watch || Watch Ring Braclete Chain,358.0,4.0,77,331,watches,111.731843575419,Budget,0,4,0,-1.465645392757064,1.5167222353692935
"i10 Pro Max/i8 pro max/i9 pro max Smart Watch Series 8 || 1.75"" Full Screen || Sports Fitness Watch || Bluetooth Call All i8 Pro Max Smart Watch Sports Mode || Waterproof || For IOS And Andriod || Watch For Men And Women",1099.0,4.0,2568,117,watches,36.39672429481347,Mid-Range,0,4,1,-3.374724400067786,-0.7045730965381217
New design led watch for boys and girls,215.0,4.0,30,187,watches,186.04651162790697,Budget,0,4,0,-0.966207290435434,1.4409234176915477
"Smartwatch with GPS, Heart Rate Monitor, Sleep Tracker, Fitness Tracker, 1.54 Inch TFT Display, and Water-Resistant - New",1000.0,4.0,325,18,watches,40.0,Mid-Range,0,4,1,-0.7356970038289343,1.0624750185339973
New White Marble Arabic Aura Unisex Watch | Luxury Marble Effect Dial Wrist Watch with Arabic Numerals | Stylish Fiber Strap Fashion Watch for Men & Women Arabic Aura Watch For Men and Women New Design 2025 2026 Elegant Modern Unisex Timepiece in Pakistan,569.0,4.0,410,18,watches,70.298769771529,Budget,0,4,0,-0.8275762381766824,0.9931380455826373
4G ultra smart watch social media app working PTA approved 💯Granteee  display big full Android,1694.0,4.0,65,304,watches,23.61275088547816,Premium,1,4,2,-1.3572705570425518,1.5032075513965482
High Quality Men's Watches Stainless Steel Waterproof Watch for Man women,558.0,4.0,1205,61,watches,71.68458781362007,Budget,0,4,0,-1.788150704623391,0.37319757828241934
Elegant Black/Gold Stainless Steel Quartz Watch with Calligraphy Design for Men and Women,543.0,4.0,1632,83,watches,73.66482504604052,Budget,0,4,0,-2.300720421250018,0.039363611907525735
7 in 1 Smart Watch - 7 Straps Smart watch Ultra watch 8 for Gift - 7in1 Smart watch for Boys - 7 in 1 Ultra Smart watch for Girls - Ultra 7 in 1 strap - Smart watch with 7 straps - Smart watch 7 in 1 - Ultra Smart watch 7 straps - Smartwatch Ultra 8 watch,1346.0,4.0,748,37,watches,29.71768202080237,Premium,0,4,2,-1.2316747120077407,0.7290335037081047
"Original i20 Ultra Max Suit Smart Watch 2.3\"" Display – 7 Straps + Earbuds | Heart Rate, Call, Sleep Monitor | Men Women Boys Girls",1239.0,4.0,41,269,watches,32.284100080710246,Mid-Range,0,4,1,-1.2263410807905457,1.4957269653815826
"U8 Ultra 5G Smart Watch – Bluetooth Call, GPS, Social Apps, Health & Fitness Tracking – Android Compatible",1399.0,4.0,14,75,watches,28.591851322373124,Premium,0,4,2,-0.5882474099716426,1.3632238778454804
Arabic Aura watch 2025 New Arabic Men’s Aura Watch Black Modern Creative Design Waterproof Stainless Steel Chain Quartz Movement for smart men Watch For Men - Watches,489.0,4.0,141,980,watches,81.79959100204499,Budget,0,4,0,-3.5673791214444206,1.980714028031601
4G ultra smart watch social media app working PTA approved 💯Granteee  display big full Android.,1694.0,4.0,69,333,watches,23.61275088547816,Premium,1,4,2,-1.4524177986725955,1.5230106153826606
D13 smart watch/D13 smart watch for boys/D20 T500 /D13 smart watch strap/D13 smart watch band/D13 smart watch 2021/D13 smart watch charger/D13 watch/D13 bluetooth mobile,1499.0,4.0,10,65,watches,26.6844563042028,Premium,1,4,2,-0.5518785989782821,1.3584105021143391
7 in 1 Smart Watch - 7 Straps Smart watch Ultra watch 8 for Gift - 7in1 Smart watch for Boys - 7 in 1 Ultra Smart watch for Girls - Ultra 7 in 1 strap - Smart watch with 7 straps - Smart watch 7 in 1 - Ultra Smart watch 7 straps - Smartwatch Ultra 8,1399.0,4.0,18,131,watches,28.591851322373124,Premium,0,4,2,-0.7681127154250593,1.4045288435635483
Smart Watch T900 Ultra Smart Watch / T900 Ultra 2 SmartWatch - 2.09 Infinite Display - 49MM Dial Size - Built-in Games - Bluetooth Calling - Crown Working,1399.0,4.0,75,551,watches,28.591851322373124,Premium,0,4,2,-2.1451404246090253,1.6920979807986394
"DT900 Ultra, i20 Ultra, H20 Ultra, Y60 Ultra, Ultra 10in1, 7in1 Ultra, Y20 Ultra, T900 Ultra, and Y80 8in1 Ultra Smart Watch – Perfect Smart Watches for Boys, Men, and Girls! Ideal for Sports, Gym, Office, and Home Use – Available at Unbeatable Low Rates",941.0,4.0,11,53,watches,42.507970244420825,Mid-Range,0,4,1,-0.5199405219128819,1.3488195488807861
2025 new arrival [4G LTE SIM] S8 Ultra Android 4gB+64GB Play Store GPS WiFi Bluetooth Health Monitoring Phone Call Smart Android Watch4G ultra smart watch social media app working PTA approved,1662.0,4.0,16,77,watches,24.06738868832732,Premium,1,4,2,-0.5943958053223963,1.3627992602752126
Smart Watch T900 Ultra Smart Watch / T900 Ultra 2 SmartWatch - 2.09 Infinite Display - 49MM Dial Size - Built-in Games - Bluetooth Calling - Crown Working,1149.0,4.0,13,86,watches,34.81288076588338,Mid-Range,0,4,1,-0.6238186969126749,1.3731600037624898
Classic Luxury Watch for Men / Boys - Stylish Stainless Steel Analog Quartz Mens Watches Arabic Aura Watch,399.0,4.0,237,15,watches,100.25062656641605,Budget,0,4,0,-0.6399373285760548,1.1333495754850622
4G ultra smart watch social media app working PTA approved 2025 new arrival [4G LTE SIM] 5g+ Ultra Android 4gB+64GB Play Store GPS WiFi Bluetooth Health Monitoring Phone Call Smart Android Watch,1450.0,5.0,6,28,watches,34.48275862068965,Premium,0,4,2,0.9032487850328683,1.4977523902845924
Original Ultra smart Watch T800/T900 Latest  D20 Smart Watch T900 ultra BiG 2.09 Full Touch 49 mm Smart watch for Calling mens & Womans,656.0,4.0,20,102,watches,60.97560975609756,Mid-Range,0,4,1,-0.6854223482254088,1.38083813042069
7 in 1 Smart Watch with Metal Chain | 7 Straps Smartwatch Ultra watch 8 for Gift - 7in1 Smart watch for Boys Girls |,1225.0,5.0,15,50,watches,40.81632653061225,Mid-Range,0,4,1,0.822987813331573,1.5081843023142536
"T900 Ultra Smart Watch – Big HD Display, Bluetooth Calling, Fitness Tracker, Affordable Smart Watch for Men & Women",1799.0,4.0,17,143,watches,22.23457476375764,Premium,1,4,2,-0.801374808231821,1.414343018613258
Advanced New Version calling Bluetooth watch Digital Wrist Smart Watch Waterproof Bracelet Support Mobile Notification With Mobile App Connectivity Fitness Tracker & BP Monitor Step Counter 1.54 Inch TFT Screen Digital & Smart Display,1871.0,4.0,49,208,watches,21.378941742383752,Premium,1,4,2,-1.0379524790488406,1.439672565122414
"i8 Pro Max Smart Watch Series 8 || 1.75"" Full Screen || Sports Fitness Watch || Bluetooth Call || IPS Full HD Touch Screen || All Sports Mode || Waterproof ||",1249.0,4.0,18,72,watches,32.02562049639712,Mid-Range,0,4,1,-0.5842450344102986,1.3577551258912899
"T900 Ultra 2 smart watch BIG ~ 2.19 "" Display for man and women boy and girl Built-in Games - Bluetooth Calling calculator gadget",1199.0,4.0,22,105,watches,33.36113427856547,Mid-Range,0,4,1,-0.6923620926336872,1.3808142966158945
"Black Arabic Aura Watch For Men – Elegant Design, Arabic Numerals, Premium Quartz Movement ✅",581.0,4.0,32,195,watches,68.84681583476764,Budget,0,4,0,-0.9903187980055573,1.4451314824867656
"T800 Ultra / T900 Ultra Smart Watch Series 8 1.99"" Bluetooth Call Smartwatch Heart Rate Sleep Monitoring IP67 Waterproof",1249.0,4.0,10,23,watches,32.02562049639712,Mid-Range,0,4,1,-0.4221899057580021,1.3253162984963835
T800 Ultra 2 Smart Watch Series 9 Bluetooth Call Smartwatch Temperature Measuring Health Monitoring Men Women Fitness Bracelet,1139.0,4.1,0,14,watches,35.9964881474978,Mid-Range,0,4,1,-0.2509590094505107,1.3430779994296587
Y20 Ultra Smart Watch With 7 Straps 49mm Large Screen Wireless Charging Waterproof with Bluetooth Calling,1659.0,4.0,70,231,watches,24.110910186859552,Premium,1,4,2,-1.1337035158284503,1.441007763908518
Gold Watch Pearls Bracelet and Ladies Watches For Girls,647.0,4.0,32,109,watches,61.82380216383307,Mid-Range,0,4,1,-0.7199230063311322,1.3765506990807173
luxury Watches For Boys And Girls Unique Collection,550.0,4.0,44,154,watches,72.72727272727273,Budget,0,4,0,-0.8743939214919437,1.402649529586466
New arrival WS6 Smart Watch Sports Waterproof Transparent Sensor Smart Watch,5449.0,5.0,18,19,watches,9.175995595522114,Premium,0,4,2,0.9525378486366256,1.4750606036620144
Y1 waterproof Led Smart watch square Led Watch for unisex boys and girls smart band led band band New stylish watch led square smart watch smart band digital watch digital smart watch led watch 2021 for unisex,294.0,4.0,143,829,watches,136.05442176870747,Budget,0,4,0,-3.0972964581433824,1.859092361354512
"T30 Ultra Watch Series 10 Ultra Smart Watch 2.01"" Full Touch IPS
HD Screen Bluetooth Call Smartwatch Heart Rate Sleep
Monitoring Men Women Watches Smart Watch Game watch 
Best Watch",361.0,5.0,22,6,watches,138.50415512465375,Budget,0,4,0,0.9465376030325192,1.4686045725527406
Ultra Smart Watch with Time Display and Interchangeable Strap for Kids,385.0,4.0,137,12,watches,103.8961038961039,Budget,0,4,0,-0.5267973864338058,1.2132695346276239
"100% Imported High Quality watch for men , boys new design 2025",698.0,4.0,14,96,watches,57.306590257879655,Mid-Range,0,4,1,-0.6600135097613046,1.380937949402214
"7 in 1 Ultra smart watch 2.1 ultra Display wireless charging Bluetooth Calling for men and women smartwacthes, all colours available in cheap prices",1349.0,4.0,39,179,watches,29.651593773165303,Premium,0,4,2,-0.9409488687657589,1.4255443376186054
Watch 10 Max Smart Watch 10 Max Series 10 Smart Watch - Watch 9max Smart Watch Series 9 - Smart Watch for Boys -Smart Watch For Girls - Smart Watch for Men - Smartwatches - Mobile Watch Smart - Bluetooth Smart Watch For Women - Touch Watch for Boys,1497.0,4.0,31,170,watches,26.72010688042752,Premium,1,4,2,-0.9031617655380374,1.424751085603117
Y80 Ultra Smart Watch 8 in 1-Y80 Smart Watch 8 Straps For Gift - Ultra 2 Smart Watch Y80 - Ultra Watch 8 - Smart Watch for Boys -Smartwatches - Mobile Watch - Touch Watch for Boys - Smart Watch For Girls - Ultra 9 Smart Watch,1399.0,4.0,45,226,watches,28.591851322373124,Premium,0,4,2,-1.0942327101239717,1.4579655773403808
"PTA Approved S8 Max Ultra SIM Smart Watch - 1.99"" Display, 24 Sports Modes, Bluetooth, Waterproof, Metal Body + Silicone Strap",1776.0,4.5,4,83,watches,25.33783783783784,Premium,0,4,2,0.06783911094295936,1.4600144449957217
Brown leather Luxury Watch For Unisex Rs. 19,296.0,4.0,3446,166,watches,135.13513513513513,Budget,0,4,0,-4.4469525790052495,-1.3869165313350564
New Design Stainless Steel Quartz Wristwatch For Men,672.0,4.0,17,89,watches,59.52380952380952,Mid-Range,0,4,1,-0.6413827675503548,1.3729314365848442
Original Ultra smart Watch T800/T900 Latest  D20 Smart Watch T900 ultra BiG 2.09 Full Touch 49 mm Smart watch for Calling mens & Womans,737.0,4.0,519,38,watches,54.27408412483039,Mid-Range,0,4,1,-1.0021126598725905,0.9191327150161558
Brown leather Luxury Watch For Unisex Rs. 19,299.0,4.0,70,370,watches,133.77926421404683,Budget,0,4,0,-1.5812412504069089,1.553624142466061
Latest Stylish & Fashionable Magnet Chain Watch For Girls,348.0,4.0,42,205,watches,114.94252873563218,Budget,0,4,0,-1.0340327770860804,1.4451954033152397
"DT900 Ultra, Y80 Ultra, Y60 Ultra, T500 Ultra, T800 Ultra , T900 Ultra , Ultra 10in1 , 7in 1 Ultra , T10 Ultra ,Y20 Ultra, H20 Ultra 7 Strap With Airpods,i20 Ultra max suit With Airpod , Available All smart watch in low Rate , High Quality All smart watch",1179.0,4.0,1931,131,watches,33.92705682782019,Mid-Range,0,4,1,-2.756494714092823,-0.16935427122162347
Original Aura Watch for Men - Arabic Dial Luxury Fashion Watch - Aura Black and White Dial Analog Watch - Premium Quartz Movement Watch for Boys - Water Proof Aura Watch - Stylish Gents Wrist Watch - Aura Arabic Watch for Kids & Men - Branded Watch,544.0,5.0,3,45,watches,91.91176470588236,Budget,0,4,0,0.8454309652418565,1.5150392965661572
i20 Ultra Max Suit with Earphones 7 in1 set with earbuds - Ultra  Smart Watch 7 In 1- i20  Ultra Smart Watches - Ultra 10 in 1- T900 ultra Smart Watches- Ultra 7 in 1- With Wireless Charging Capacity - Ultra 7 in 1 - i20 ultra watch with Golden strap .,1199.0,4.0,19,88,watches,33.36113427856547,Mid-Range,0,4,1,-0.6359057652319331,1.3697447405976726
7 in 1 Smart Watch - 7 Straps Smart watch Ultra watch 8 for Gift - 7in1 Smart watch for Boys - 7 in 1 Ultra Smart watch for Girls - Ultra 7 in 1 strap - Smart watch with 7 straps - Smart watch 7 in 1 - Ultra Smart watch 7 straps - Smartwatch Ultra 8 watch,1130.0,4.0,89,395,watches,35.39823008849557,Mid-Range,0,4,1,-1.6724506366235026,1.556724313771631
D20 Bluetooth Smart Watch Men Waterproof Sport Fitness Tracker Smart Bracelet Blood Pressure Heart Rate Monitor Y68 Smartwatch,499.0,4.0,31,394,watches,80.16032064128255,Budget,0,4,0,-1.614371011436663,1.6045472040174455
D13 smart watch for boys and girls,1200.0,4.0,224,12,watches,33.333333333333336,Mid-Range,0,4,1,-0.6103122149228241,1.140526431876762
Pack Of 5 Mega Deal Men's Gift Wedding Watch Deal -Top Class High Quality Wrist Watch+Gold Stainless steel Luxury Italian Cuban Link Bracelet For Men/Boys Luxury Classic Business Sport Watch for Men / Boys AlRashid Shopping Store,350.0,4.0,26,179,watches,114.28571428571428,Budget,0,4,0,-0.9358205969508869,1.4376533275513652
D20 ultra SMART WATCH fitness band Vip quality stock All working functions smooth sensor touch 2 days batery timing,650.0,4.5,709,26,watches,69.23076923076923,Mid-Range,0,4,1,-0.4948485499470874,0.8360729246620877
LED Smart Digital Touch Screen display Plastic Belt Wrist Watch for unisex,179.0,4.0,18,120,watches,223.463687150838,Budget,0,4,0,-0.7438213613686646,1.397492421016446
Stainless Steel Quartz Wirstwatch For Men,663.0,4.0,23,121,watches,60.3318250377074,Mid-Range,0,4,1,-0.7480954288369773,1.3934905303264047
smart watch Y80 ULTRA Smart Watch 2.02 inch high-definition large screen high configuration version+8 strap combination+case,1099.0,4.0,373,26,watches,36.39672429481347,Mid-Range,0,4,1,-0.8098142356284991,1.0292072310566962
7 in 1 Smart Watch with Metal Chain | 7 Straps Smartwatch Ultra watch 8 for Gift - 7in1 Smart watch for Boys Girls |,1370.0,4.0,209,14,watches,29.197080291970803,Premium,0,4,2,-0.5995864318904326,1.1542223819945845
🔥Pink Arabic Aura Watch For Girls Stylish Aura Watch 100% Original Watch Amazing Smart Watch -Watch for Girls - Watch for women,600.0,4.0,8,29,watches,66.66666666666667,Mid-Range,0,4,1,-0.4443777796827317,1.3326571892868053
"DT900 Ultra, Y60 Ultra, T800 Ultra T900 Ultra , Ultra 10in1 , 7in 1 Ultra , T10 Ultra , Y20 Ultra , H20 Ultra 7 straps With Earbuds, Ws10 Ultra 2 , Y80 8 in1 Ultra S100 ultra 9 Available All smart watch in low Rate , High Quality All smart watch",90.0,4.0,52,209,watches,444.44444444444446,Budget,0,4,0,-1.0591300159230175,1.4405164436664544
Luxury Dial Stylish Watch with Fragranced Rubber Straps - For Men And Boys,474.0,4.0,10,51,watches,84.38818565400844,Budget,0,4,0,-0.5165400566587494,1.3487094840953635
"Brown Leather Analog Watch for Unisex, Quartz Movement, Fashion Casual Style",332.0,4.0,227,13,watches,120.48192771084338,Budget,0,4,0,-0.6238389519750838,1.1400804273945302
Brown Leather Analog watch FOr Unisex,332.0,4.0,28,90,watches,120.48192771084338,Budget,0,4,0,-0.6587924770126701,1.3651563332387449
P9 ULTRA 2 SMART WATCH COMBO WITH HEADPHONES,2749.0,5.0,11,44,watches,18.188432157148053,Premium,0,4,2,0.8587387014199849,1.5045445715683454
"Smart Watch – DT900 Ultra Smart Watch – 7-in-1 Straps – Smartwatch – Smart Watch for Boys – Ultra Smartwatch – 2.2"" HD Display – Bluetooth Calling, Fitness & Sports Smartwatch – Waterproof, Health Monitoring, Long Battery – iOS & Android Compatible",2122.0,5.0,22,44,watches,23.5626767200754,Premium,0,4,2,0.8420616820899445,1.4963785740309075
"Watch 9 Max Smart Watch | Stainless Steel | Chain Edition | Dual Strap For Men Women | Big 2.19"" Full HD Touch Display Screen | BT Calling & All Types Fitness Tracking Features",2399.0,4.0,29,132,watches,16.673614005835766,Premium,1,4,2,-0.7742934306251962,1.3948605931690317
Black Strap Leather Watch For Mens,379.0,4.0,60,344,watches,105.54089709762532,Budget,0,4,0,-1.4886060907549081,1.541034511779209
Stylish Magnet Chain Watch For Girls With Box,349.0,4.0,10,54,watches,114.61318051575932,Budget,0,4,0,-0.5270006556693855,1.3512751838259016
"Hot Sale A58 Plus Smartwatch Suit  | Smart Gold Watch + Necklace + Bracelet + Ring  | Women’s Luxury Digital Gift Set  | Fitness & Activity Tracker, Call/Message Reminder",2990.0,4.0,13,49,watches,13.377926421404682,Premium,1,4,2,-0.49229627507317963,1.341093476725286
T10 Ultra 2 Smartwatch 2.09inch HD Big Screen Magnetic Wireless Charging Wacth 8 49mm Smart Watch Bluetooth Call Sleep Monitor Men Women Watch,1199.0,4.0,101,382,watches,33.36113427856547,Mid-Range,0,4,1,-1.6435435453543632,1.5363993497036212
"White Aura Stylish Smart Wrist Watch for Men & Women – Elegant Analog & Digital Design, Perfect for Casual & Formal Wear",580.0,5.0,34,158,watches,86.20689655172414,Budget,0,4,0,0.45898017012847103,1.5794681996231847
LED Sports Watch - Black,199.0,5.0,8,25,watches,251.2562814070352,Budget,0,4,0,0.9001018324728076,1.4954849126657093
Smart Watch T900 Ultra Smart Watch / T900 Ultra 2 SmartWatch - 2.09 Infinite Display - 49MM Dial Size - Built-in Games - Bluetooth Calling - Crown Working,1299.0,4.1,0,7,watches,31.56274056966897,Mid-Range,0,4,1,-0.22765429154349445,1.3372773849052004
i8/i9 pro max Ultra SmartWatch Series 9 || 1.75” Full Screen || Sports Fitness Watch || Bluetooth Call Waterproof For Both Men And Women,999.0,4.0,15,73,watches,40.04004004004004,Mid-Range,0,4,1,-0.5863623778402044,1.3613733701039024
Dz09 smart watch for man & women sim supported android watch calling and travelling,2075.0,4.0,6,41,watches,19.277108433734934,Premium,1,4,2,-0.4675930961224561,1.3417755011107342
i20 Ultra with Airpods T800 Ultra T900 Ultra T10 ultra Y60 Ultra Y99 Ultra 100% Orignal Smart watch,1198.0,4.0,114,528,watches,33.3889816360601,Mid-Range,0,4,1,-2.115156749493268,1.6419726987743728
"Y80 Ultra 7-in-1 Smart Watch with AirPods Large HD Display, Bluetooth Calling",1424.0,4.0,718,39,watches,28.08988764044944,Premium,0,4,2,-1.2061432535815433,0.7552028231139778
New Trending Girls Pink Arabic Aura Watch for Women Premium Fiber Material Stylish Aura Watch with New Design Elegant Ladies Arabic Aura Watch Original Aura Watch for Girls and Women Daily Wear Fashion Casual Luxury Wristwatch Smart Look High Quality Paki,759.0,5.0,16,106,watches,65.87615283267456,Mid-Range,0,4,1,0.6423328236794914,1.552616309515955
7 in 1 Smart Watch - 7 Straps Smart watch Ultra watch 8 for Gift - 7in1 Smart watch for Boys - 7 in 1 Ultra Smart watch for Girls - Ultra 7 in 1 strap - Smart watch with 7 straps - Smart watch 7 in 1 - Ultra Smart watch 7 straps - Smartwatch Ultra 8 watch,1448.0,4.0,22,154,watches,27.624309392265197,Premium,1,4,2,-0.8440231081731577,1.419484480145847
"Black Arabic Aura Watch For Men – Elegant Design, Arabic Numerals, Premium Quartz Movement ✅",549.0,5.0,6,67,watches,91.07468123861568,Budget,0,4,0,0.7733280067347621,1.5300836222569207
"DT900 Ultra, ULTRA 7 , T800 Ultra,  T900 Ultra , Ultra 10in1 , 7in 1 Ultra , T10 Ultra , Y20 Ultra , H20 Ultra 7 straps With Earbuds, Y80 8 in1 BLUETOOTH & WATER RESISTANT , BLUETOOTH CALL AND FITNESS WATCH , HEALTH MONITOR , SMART WATCH FOR ANDROID  IOS",1250.0,4.0,438,21,watches,32.0,Mid-Range,0,4,1,-0.8603590406383254,0.9715240330392299
"T800 Ultra 2, T900, W9 Ultra Smart Watch – Big Display, Bluetooth Calling, Fitness Tracker, Cheap Smart Watches",1107.0,4.0,129,651,watches,36.13369467028004,Mid-Range,0,4,1,-2.5174337830965205,1.727710979100118
Watch 9 Max Smart Watch Men Women Series 8 Bluetooth Call NFC Wireless Charging Smartwatch,1647.0,4.0,1755,79,watches,24.286581663630844,Premium,1,4,2,-2.4066465408851756,-0.0665973967658971
Y80 Ultra Smart Watch 8 in 1 - Y80 Smart Watch 8 Straps For Gift - Ultra 2 Smart Watch Y80 - Ultra Watch 8 - Smart Watch for Boys - Smartwatches - Mobile Watch - Touch Watch for Boys - Smart Watch For Girls - Ultra 9 Smart Watch,1495.0,4.0,1068,56,watches,26.755852842809364,Premium,1,4,2,-1.62234378389616,0.48062826834659195
4G ultra smart watch social media app working PTA approved 2025 new arrival [4G LTE SIM] 5g+ Ultra Android 32GB+256GB Play Store GPS WiFi Bluetooth Health Monitoring Phone Call Smart Android Watch,1399.0,4.0,10,33,watches,28.591851322373124,Premium,0,4,2,-0.4523099894636785,1.3330680463587967
"New Design Leather Belt Analog Watch for Men, Stainless Steel Band, Mineral Glass, Ion-Plated Case",399.0,4.0,137,802,watches,100.25062656641605,Budget,0,4,0,-3.0054678619338473,1.8423794728217577
"T900 Ultra 2 Smart Watch - Premium Design with Stylish Straps, High-Quality Chargers, Advanced Features, and Exceptional Performance for Everyday Use, Amoled display 3 in 1 Straps",1349.0,4.0,16,70,watches,29.651593773165303,Premium,0,4,2,-0.5750547547929997,1.3576668984029192
Digital LED Smart Watch|for girls and boys| best quality watch|Water proof | cheap price|,399.0,4.5,24,100,watches,112.78195488721803,Budget,0,4,0,-0.017809769144478675,1.4590402438938932
Black Ora Watch | Black Arabic Aura Watch For Men,593.0,5.0,6,55,watches,84.31703204047217,Budget,0,4,0,0.8113491927895797,1.520465058449752
Smart Watch T1000Ultra 4G with All Social Media Apps (Whole Sale Rate),1605.0,4.0,34,128,watches,24.922118380062308,Premium,1,4,2,-0.7735884115372385,1.3886824225024448
Smart Watch S10 Ultra 4G with All Social Media Apps (Whole Sale Rate),1472.0,4.5,25,146,watches,30.570652173913047,Premium,0,4,2,-0.15419111441266042,1.493334290274393
Black Arabic Aura Watch For Boys All Stylish Designs Aura Watches 100% Original Watch Amazing Smart Watch For Men,648.0,5.0,44,180,watches,77.1604938271605,Mid-Range,0,4,1,0.3801360520233177,1.5886632695336753
C95 ultra 4G smart watch 2026new arrival [4G LTE SIM]C95 Ultra Android 4GB+64GB Play Store GPS WiFi Bluetooth Health Monitoring Phone Call Smart Android Watch,2138.0,3.5,11,96,watches,16.37043966323667,Premium,1,4,2,-1.3124757597577896,1.2986488716369515
"“Premium Hybrid Men’s Wristwatch – Rotating Rim Dial, Multi-Function Modern Design, Waterproof Metal Strap”Look Like Smart Watch",555.0,4.0,27,113,watches,72.07207207207207,Budget,0,4,0,-0.7280525693864707,1.3839806072733472
Ultra S9 ultra smart watch social media app working PTA approved 💯Granteee  display big full Android.,1499.0,4.0,12,84,watches,26.6844563042028,Premium,1,4,2,-0.6135718970971995,1.3718956843960546
T800 Ultra Smart Watch Series 8 - T 800 Ultra Smart Watch T800 Ultra Watch - T800 Smart Watch For Boys - Smartwatches - Mobile Watch For Boys - Smart Watch For Kids,1199.0,4.0,111,563,watches,33.36113427856547,Mid-Range,0,4,1,-2.221852757756731,1.6723127999621308
T10 Ultra Smart Watch 49mm Real Screw Smartwatch9 Ultra Health Monitor Wireless Charger Smart Watches Men Women Fitness Band 8 / T800 Ultra Smart Watch / T900 Ultra Smart Watch,1291.0,4.0,1292,43,watches,30.98373353989156,Mid-Range,0,4,1,-1.815873971306901,0.2862357236739132
Black Arabic Aura Watch For Men Stylish Aura Watch 100% Original Watch PoliFiber Arabic Black Watch,440.0,4.0,367,20,watches,90.9090909090909,Budget,0,4,0,-0.7902796695358778,1.0302974202478772
"Elegant Black Arabic Aura Watch  Alphabet Watch for Men, Stylish Stainless Steel Strap, Original New",549.0,4.0,707,34,watches,72.85974499089254,Budget,0,4,0,-1.1863642333032383,0.7615090070471432
T900 ultra smart watch 2025,1299.0,5.0,13,97,watches,38.49114703618168,Mid-Range,0,4,1,0.6782126196317156,1.5471547773396526
LED Digital stylish watch shape like SMart watch,282.0,3.5,7,66,watches,124.11347517730498,Budget,0,4,0,-1.2297438070979771,1.2806715908617143
"Smartwatch  – All Models Ultra Smart Watch – DT900, Y80, Y60, T800, T900, T10, H20, Y20, T500 | Ultra 7in1, 10in1 Straps with AirPods Combo | i20 Ultra Max Suit | Bluetooth Calling, Fitness Tracker, HD Display – Best Price in Pakistan",1349.0,4.0,39,70,watches,29.651593773165303,Premium,0,4,2,-0.5989389074047348,1.3387403639599704
Classic Analogue Minimalist Round Black Dial Latest Generation Stainless Steel Linked Chain Black Strap Stylish Wrist Watch for Men and Boys - IIKBKMEN,599.0,4.0,1088,68,watches,66.7779632721202,Budget,0,4,0,-1.6882734274966023,0.4749926785680942
D20 Pro Smart Watch Y68 Bluetooth Fitness Tracker Sports Watch Heart Rate Monitor Blood Pressure Smart Bracelet for Android IOS,906.0,5.0,5,51,watches,55.18763796909493,Mid-Range,0,4,1,0.8275613504209404,1.5176602790849678
Smart Watch 9 Max with Rolexx Chain | Full Edge Display Screen | Bluetooth Calling Smart Watch | All Sports Mode | Stainless Steel Body,1845.0,4.0,58,232,watches,21.680216802168022,Premium,1,4,2,-1.1228212734388023,1.4514160641490483
Black Advanced Ultra Version Bluetooth Digital Wrist Sports Smart Watch IP67 Waterproof Bracelet Support Mobile Notification With Mobile App Connectivity Fitness Tracker & BP Monitor Step Counter 1.3 Inch TFT Screen With Digital & Smart Display,599.0,4.0,141,198,watches,66.7779632721202,Budget,0,4,0,-1.1127711935230626,1.3577998369421784
"Branded T-900 Ultra Smart Watch with 2.09 Large Display, Bluetooth Calling, MP3 Player, Heart Rate Monitor, Fitness Tracker, Compatible with iOS and Android Phones",1399.0,4.0,58,371,watches,28.591851322373124,Premium,0,4,2,-1.5626998283488795,1.5627411468840144
New Arrival Magnet Chain Watch For Ladies,427.0,4.0,14,62,watches,93.6768149882904,Budget,0,4,0,-0.5556024418570339,1.354244348353164
"T900 Ultra 2 Series 9 2024 T900 Pro Ultra 2 Smart Watch For Men Women 2.19"" Full Touch Bluetooth Call Smartwatch Men Women Ultra Watch / T900 Ultra 2 Smart Watch",1044.0,5.0,3,26,watches,47.89272030651341,Mid-Range,0,4,1,0.9092373037571269,1.4992019305283124
Advanced Version Bluetooth Digital Pro Max Wrist Sports Smart Watch IP67 Waterproof Bracelet Support Mobile Notification With Mobile App Connectivity Fitness Tracker & BP Monitor Step Counter 1.8 Inch TFT Screen With Digital & Smart Display,1999.0,4.0,413,573,watches,20.01000500250125,Premium,1,4,2,-2.5601352494668648,1.430632604062494
G9 Ultra Pro 2.03HD Screen Gold Smart Watch Ultra Series 8 NFC Bluetooth Call Men and Women Smartwatch Watch Ultra Wireless Charging,2899.0,4.0,22,55,watches,13.797861331493618,Premium,1,4,2,-0.5212310502677399,1.3385942063570948
"Black Arabic Aura Watch For Men – Elegant Design, Arabic Numerals, Premium Quartz Movement",599.0,5.0,0,35,watches,83.47245409015025,Budget,0,4,0,0.8803842417264215,1.509466603866864
Full Black Shade Core Design Stylish Unisex Quartz Watch,306.0,4.0,46,239,watches,130.718954248366,Budget,0,4,0,-1.1452205026052868,1.469039638400219
Pink Advanced New Version Bluetooth Digital Wrist Smart Watch IP67 Waterproof Bracelet Support Mobile Notification With Mobile App Connectivity Fitness Tracker & BP Monitor Step Counter 1.74 Inch TFT Screen With Digital & Smart Display,1299.0,4.0,30,174,watches,30.79291762894534,Mid-Range,0,4,1,-0.9163333579901991,1.4290391789965853
Vintage Luxury Classic Watch For Boys & Girls Men & Women Latest Design,368.0,4.0,97,564,watches,108.69565217391305,Budget,0,4,0,-2.217415936385485,1.6858036996483665
"Black Arabic Aura Watch For Men – Elegant Design, Arabic Numerals, Premium Quartz Movement ✅",532.0,4.0,597,27,watches,75.18796992481202,Budget,0,4,0,-1.0503141922512376,0.84647666567404
T500+pro smartwatch upgraded version series 8 Watch Full HD 1.92 inch Big Screen Bluetooth Calling Smartwatches Health Fitness Gaming Exercise Tracker,1337.0,4.0,219,12,watches,29.917726252804787,Premium,0,4,2,-0.6039719688677057,1.1444473427923427
"Original i20 Ultra Max Suit Smart Watch 2.3"" Display – 7 Straps + Earbuds | Heart Rate, Call, Sleep Monitor | Men Women Boys Girls",1404.0,4.0,189,957,watches,28.490028490028493,Premium,0,4,2,-3.5373895104356046,1.9216060301143838
Classic Rose Gold Slim Watch - Brown Top-Grain Italian Leather Strap – Brathwait,333.0,4.0,28,140,watches,120.12012012012012,Budget,0,4,0,-0.8156694005428223,1.4049732569830984
"SmartWatch – Watch 10 Max Smart Watch – 2.09"" HD Display | Wireless Charging | Bluetooth Calling | Fitness Tracker with Heart Rate, Blood Pressure, Sports Modes & Notifications | Waterproof Smartwatch for Android & iOS",2353.0,4.0,66,276,watches,16.999575010624735,Premium,1,4,2,-1.2649309097495665,1.4791553573670562
Black Aura Mens Watch Arabic Luxury Waterproof Carbon Fiber Timepiece Most Trending Black Aura with Arabic Numeral Dial Black Arabic Aura Watch For Men Stylish Premium Wrist Watch for Men Elegant Quartz Watch New Arrival Aura Arabic watch for boys,189.0,4.0,17,75,watches,211.6402116402116,Budget,0,4,0,-0.601502348447165,1.362464682968673
I20 Ultra Smart Watch - I20 Ultra Max Suit 10 in 1 Smart Watch With Airpods - Ultra 2 Smart Watch with Earbuds Watch Earbuds Ultra 9 Smart Watch Airpods Watch Airpods Smart Watch for Boys Touch Watch Ultra with Airpods Air tech,1698.0,4.0,75,413,watches,23.55712603062426,Premium,1,4,2,-1.7096314131967338,1.5817769458512905
"DT900 Ultra, Y80 Ultra, Y60 Ultra, T500 Ultra, T800 Ultra , T900 Ultra , Ultra 10in1 , 7in 1 Ultra , T10 Ultra ,Y20 Ultra, H20 Ultra 7 Strap With Airpods,i20 Ultra max suit With Airpod , Available All smart watch in low Rate , High Quality All smart watch",1198.0,4.0,11,50,watches,33.3889816360601,Mid-Range,0,4,1,-0.5083737831689566,1.3460673600380157
D20 Bluetooth Smart Watch Men Waterproof Sport Fitness Tracker Smart Bracelet Blood Pressure Heart Rate Monitor Y68 Smartwatch,549.0,4.0,5,52,watches,72.85974499089254,Budget,0,4,0,-0.5138570671519507,1.3535143551126543
DT900 Ultra Smart Watch - DT900 Ultra Watch with 7 Straps Gift - 7 in 1 Smart Watch - 7in1 Smart watch for Boys - Ultra 7 in 1 strap - Smart watch with 7 straps - Smart watch 7 in 1 - Smartwatch ultra 8 watch,1549.0,3.5,13,137,watches,22.595222724338285,Premium,1,4,2,-1.4481343209298982,1.3304862590200774
"“WHEEL WATCH Premium  Men’s Wristwatch – Rotating Rim Dial, Multi-Function Modern Design, Waterproof Metal Strap”Look Like Smart Watch",1833.0,4.0,44,245,watches,21.822149481723947,Premium,1,4,2,-1.149173830623673,1.4733062844314198
7 in 1 Smart Watch - 7 Straps Smart watch Ultra watch 8 for Gift - 7in1 Smart watch for Boys - 7 in 1 Ultra Smart watch for Girls - Ultra 7 in 1 strap - Smart watch with 7 straps - Smart watch 7 in 1 - Ultra Smart watch 7 straps - Smartwatch Ultra 8 watch,1494.0,4.0,2038,117,watches,26.77376171352075,Premium,1,4,2,-2.8210404092265753,-0.2689979660888218
"P9 Ultra 2, DT900 Ultra, S100 Ultra , i20 Ultra , H20 Ultra , Y60 Ultra, Ultra 10in1 , 7in 1 Ultra , Y20 Ultra , Y80 8 in1 Ultra Smart Watch Heart Rate Blood Oxygen Blood Pressure Sleep Monitor Sports Watch Waterproof Fitness Tracker",1549.0,4.0,763,32,watches,25.82311168495804,Premium,1,4,2,-1.2298616941063465,0.7124214803761566
"DT900 Ultra, Y60 Ultra, T800 Ultra T900 Ultra , Ultra 10in1 , 7in 1 Ultra , T10 Ultra , Y20 Ultra , H20 Ultra 7 straps With Earbuds, Ws10 Ultra 2 , Y80 8 in1 Ultra S100 ultra 9 Available All smart watch in low Rate , High Quality All smart watch",1149.0,4.0,48,233,watches,34.81288076588338,Mid-Range,0,4,1,-1.1214069384664807,1.4614246651266682
"T900 Ultra 2 Smart Watch 2.19"" / T800 Ultra 2 Smart Watch 1.99""Series 9 2024 Bluetooth Call Wireless Charging Smartwatch For Android & 10S Premium Quality Hiwatchpro Application",1048.0,4.0,76,178,watches,38.167938931297705,Mid-Range,0,4,1,-0.9787558289463409,1.3947261889064422
Classic Black Chain Strap Stainless Steel Wrist Watch For Men / Decent SB FIT Chain Formal Watches For Boys and girls,527.0,4.0,61,283,watches,75.90132827324479,Budget,0,4,0,-1.2970042447766192,1.4914241545446298
"Branded Matt Chain Watch for Men – Black Matte Chain, Round Dial, Formal Wear",569.0,4.0,50,302,watches,70.298769771529,Budget,0,4,0,-1.3448458509113157,1.5155476058058195
Waterproof Kids LED Band Silicon Fitness Sport Watch M4 - Touch Led Bracelet Digital Watch For Boys & Girls  Wacthes - All Colours,199.0,4.0,116,740,watches,201.00502512562812,Budget,0,4,0,-2.7907987852637737,1.8105680436115135
"All in one Smartwacth, Sim supported, Memory card (sd card) supported, wifi supported and coonectivity, camera supported, sim wali, calling watch, bluetooth supported, youtube, whatsapp, facebook, and all social media supported, fitness tracking,",1299.0,4.0,40,161,watches,30.79291762894534,Mid-Range,0,4,1,-0.885927593291294,1.4104574834773407
"Black Arabic Aura Watch For Men – Elegant Design, Arabic Numerals, Premium Quartz Movement ✅",550.0,4.0,329,16,watches,72.72727272727273,Budget,0,4,0,-0.7373462882744163,1.0582264722020567
Smart watch Y80 ULTRA Smart Watch 2.02 inch high-definition large screen high configuration version+8 strap combination+case,1050.0,4.0,665,32,watches,38.095238095238095,Mid-Range,0,4,1,-1.132275978537689,0.7937699603152459
"Amazon Fire 7' Inch Tablet | 100% INSPECTED | 1GB RAM | 5th Generation | 2980mAh Battery | Top Rated | Budget Friendly | BEST FOR KIDS | Just Like New Condition | With Box, Charger, Cable & FREE SURPRISE GIFT | Affordable",6049.0,4.0,5,17,tablets,6.612663250123987,Budget,0,3,0,-0.30651045806162036,0.6580616058632777
"Amazon Fire 7' Inch Tablet | 100% INSPECTED | 1GB RAM | 7th Generation | 2980mAh Battery | Top Rated | Budget Friendly | BEST FOR KIDS | Just Like New Condition | With Box, Charger, Cable & FREE SURPRISE GIFT | Affordable",5849.0,4.0,3,16,tablets,6.838775859121217,Budget,0,3,0,-0.3029718384511474,0.659193583997157
Amazon Fire HD 8 | 10th Generation | 32GB Storage | 2GB RAM | Mediatek MT8168 (12 nm) | 8.0″ Display | Wi-Fi | Best Tablet For Youtube And Online Classes | Tablet PC,10999.0,4.0,9,30,tablets,3.636694244931357,Mid-Range,0,3,1,-0.30997416261280114,0.6581294604476737
OPPO Pad 3 | PUBG 90 Fps | Tablet,52500.0,4.5,0,0,tablets,0.8571428571428571,Premium,0,3,2,0.8089195534485033,0.6657353637870036
Schok Volt SV55 Non PTA Mobile - Amrican Orginial Mobile Phone -2GB Ram 16GB Rom - Andriod 11 Snapdrogon 425 Loud Speaker - Dual Camera & Type-c Charging Support - Sim not Working - Best for Kids - Budget friendly Mobile - Mobile Phone on easy installment,6780.0,4.5,0,0,tablets,6.6371681415929205,Budget,0,3,0,0.4257929731001488,0.730328410841958
"Lenovo M8 HD 8' Inch Tablet | 100% INSPECTED | 2GB RAM | 16GB ROM(STORAGE) | 5000mAh Battery | Top Rated | Gaming Tablet | BEST FOR ADULT AND KIDS BOTH | Just Like New Condition | With Box, Charger, Cable & FREE SURPRISE GIFT | High Performance | Reliable",12499.0,5.0,0,8,tablets,4.000320025602048,Premium,0,3,2,1.1162602196480913,0.811342892113343
"amsung Galaxy Tab E 8' Inch Tablet | 100% INSPECTED | 2GB RAM | 5000mAh Battery | With Box, Charger, Cable & Free Surprise Gift | Just Like New Condition | High Performance | Reliable | Affordable | Long Battery Life | Budget Friendly | Top Selling",10999.0,4.5,0,0,tablets,4.091281025547777,Mid-Range,0,3,1,0.4611475453330821,0.7243678232320531
"Amazon Fire 7' Inch Tablet | 100% INSPECTED | 1GB RAM | 5th Generation | 2980mAh Battery | Top Rated | Budget Friendly | Just Like New Condition | BEST FOR KIDS | With Box, Charger, Cable & FREE SURPRISE GIFT | Affordable",6537.0,5.0,1,0,tablets,7.648768548263729,Budget,0,3,0,1.090362782150219,0.8125721570341224
Samsung Galaxy Tab A (2019) 8’ Inch Tablet | 2GB RAM | 32GB ROM | 5100mAh Battery | best for kids & adults | with box & original charger + cable,13999.0,5.0,1,0,tablets,3.571683691692264,Premium,0,3,2,1.152893196466917,0.8020298710077868
nook glowlight book reader paperwhite tablet,14000.0,5.0,1,0,tablets,3.571428571428572,Premium,0,3,2,1.1529015763133812,0.8020284582114819
Gfive g96 slider mobile,4999.0,4.5,0,0,tablets,9.001800360072014,Budget,0,3,0,0.41086846654720877,0.7328446010607872
Nokia 106 Box Pack PTA life time warranty High Quality Dual Sim Imported Made in Vetinam high quality performance and durability - nokia 106 - nokia 3310 - nokia 150 - nokia feature phone,2850.0,4.0,10,22,tablets,14.035087719298245,Budget,0,3,0,-0.3541983243281244,0.6624485108870268
SCHOK Volt SV55 Boost Smart tab phone Simlocked 2+16GB.,3999.0,4.5,0,12,tablets,11.252813203300825,Budget,0,3,0,0.36483614727250857,0.7438137981353342
"Mi Pad 1 |

Best Tablet |

16GB & 64GB Storage

| Best Gift

For Your Kids |

Smooth Working| 8

Inches Large Display",6500.0,5.0,1,24,tablets,7.6923076923076925,Budget,0,3,0,1.0147477822102635,0.8317372320369156
2-in-1 LCD Writing Tablet with Calculator & Colorful Stylus Pen | Reusable Digital Drawing Board for Kids & Students,899.0,5.0,1,5,tablets,55.61735261401557,Budget,0,3,0,1.0274286774467651,0.8245193362545888
"Tab - Amazon Fire 7' Inch Tablet | 100% INSPECTED | 1GB RAM | 5th Generation | 2980mAh Battery | Top Rated | Budget Friendly | BEST FOR KIDS | Just Like New Condition | With Box, Charger, Cable & FREE SURPRISE GIFT | Affordable",5999.0,5.0,8,57,tablets,8.33472245374229,Budget,0,3,0,0.8997360889777655,0.852964895489378
🍎 Iphon€ 6 64Gb with 🫆 Fingerprint supported,9500.0,4.5,0,0,tablets,4.7368421052631575,Mid-Range,0,3,1,0.448586155483078,0.7264856048929318
"Lenovo M8 HD 8"" Inch And M10 Hd 10"" Inch Tablet 100% INSPECTED 2GB RAM 16GB ROM(STORAGE) 5000mAh Battery Top Rated  Gaming Tablet BEST FOR ADULT AND KIDS BOTH Just Like New Condition With Charging Cable",10499.0,5.0,2,12,tablets,4.762358319839985,Mid-Range,0,3,1,1.0848728196135344,0.815708166042439
"Kids' LCD Writing Tablet 6.5/10/12 Inch - Colorful Educational Drawing Board with Erase Button, Unisex Drawing Pad for Kids 1-4 Years",299.0,4.0,65,258,tablets,133.77926421404683,Budget,0,3,0,-1.1731882225807988,0.8087359986297469
Amazon Fire 7 HD Tablet 1gb 16gb 9th Generation WiFi Supported Memory Card Supported Play Store,6499.0,4.5,0,6,tablets,6.924142175719341,Budget,0,3,0,0.4046119998384831,0.7355036069884826
Lenovo Tab M10 |16GB Storage | 2GB RAM | 5MP Camera | 10 Inches Display | 4850 mAh Battery | Tablet PC,11990.0,5.0,2,7,tablets,4.170141784820684,Mid-Range,0,3,1,1.1130557010294857,0.8096198530979327
"Colorful 10-inch LCD Drawing Tablet for Kids - Educational Drawing Pad with Stylus, Protective Screen & Key Lock, Ideal Travel Companion for Children 3-8 Years",402.0,4.0,139,672,tablets,99.50248756218905,Budget,0,3,0,-2.548180075278073,1.0773922398288212
ZnG Traders Colorful LCD Writing Tablet for Kids | Unisex Educational Drawing Pad | Portable Travel-Sized Doodle Board for Ages 3-8,233.0,4.0,437,24,tablets,171.67381974248926,Budget,0,3,0,-0.8258182801042449,0.316363305880931
6.5 to 12-Inch LCD Writing Tablet for Kids | Erasable Digital Drawing Pad | Single & Multi-Color Doodle Board | Educational Learning Toy | Best Gift for 3-8 Year Old Boys & Girls,290.0,4.0,49,387,tablets,137.9310344827586,Budget,0,3,0,-1.561412661224224,0.9246463069012658
AMAZON 5TH GENERATION 7 INCH IPS DISPLAY TABLET 1GB 8GB AND 16GB PLAYSTORE AND YOUTUBE INSTALLED,6000.0,4.0,31,175,tablets,6.666666666666666,Budget,0,3,0,-0.8296781060739197,0.7625615635021415
Xiaomi Pad 1 | Android Tablet | 16GB & 64GB Storage | Smooth working | 7000 Mah battery | Best For Kids Gaming | Only Tablet Accessories Not Included,10500.0,3.5,3,17,tablets,3.333333333333333,Mid-Range,0,3,1,-0.9347794317719634,0.5706957056224282
"Samsung Galaxy Tab A 8' Inch Tablet | 100% INSPECTED | 2GB RAM | 32GB ROM(STORAGE) | BEST FOR ADULT AND KIDS BOTH |  Just Like New Condition | With Box, Charger, Cable & Free Surprise Gift | High Performance | Reliable | Affordable | Long Battery Life",12899.0,4.0,220,766,tablets,3.1010155826033023,Premium,0,3,2,-2.8225152592116256,1.0679406801530555
"Lenovo Tab M8 Tablet – 8 Inch, 2GB RAM, 16GB ROM, Android 10 | PUBG & FreeFire Supported | Free Charger Included",10999.0,4.5,0,0,tablets,4.091281025547777,Mid-Range,0,3,1,0.4611475453330821,0.7243678232320531
A9 pro touchscreen airpods case / cover protective Silicone case/cover-360 protection,99.0,5.0,2,12,tablets,505.050505050505,Budget,0,3,0,0.9977224163846873,0.8304012476122449
"Xiaomi Tablet Mi Pad 1 | Vibrant Colors Display | 64GB Storage | Best Tablets for Kids Low Price | Ready to Use (YouTube,Instagram,Facebook installed) | Free Charger + Handsfree | Tablets Low Price | Dual Speakers Big Sound | Globally Customized",10995.0,4.5,0,0,tablets,4.092769440654843,Mid-Range,0,3,1,0.46111402594722484,0.7243734744172722
"AMAZON FIRE TABLET POUCH ""8"" INCH (10TH) (12) GENERATION",3499.0,4.5,0,0,tablets,12.860817376393255,Budget,0,3,0,0.39829869685074043,0.7349637955179708
Amazon Tablet Fire HD10 | 3/32 GB Storage |11 Inches large Display | with Play Store | Freefire/Pubg Supported | Only tablet | Without Box & Charger,11280.0,4.5,0,10,tablets,3.9893617021276593,Mid-Range,0,3,1,0.43212522151423055,0.731934494778539
"Lenovo M8 HD 8"" Inch And M10 Hd 10"" Inch Tablet 100% INSPECTED 2GB RAM 16GB ROM(STORAGE) 5000mAh Battery Top Rated Gaming Tablet BEST FOR ADULT AND KIDS BOTH Just Like New Condition With Charging Cable",9486.0,5.0,1,0,tablets,5.270925574530887,Mid-Range,0,3,1,1.1150749493734757,0.8084058207312996
"Tab -  Amazon Fire 7' Inch Tablet | 100% INSPECTED | 1GB RAM | 7th Generation | 2980mAh Battery | Top Rated | Budget Friendly | BEST FOR KIDS | Just Like New Condition | With Box, Charger, Cable & FREE SURPRISE GIFT | Affordable",5999.0,4.5,0,8,tablets,7.501250208368061,Budget,0,3,0,0.39414666447126234,0.7378027386025034
ubqari pait weight 90 Tablets,609.0,5.0,2,22,tablets,82.10180623973727,Budget,0,3,0,0.9706190774061633,0.8376443888049341
"xiomi, Mi Pad 7.9 Android 7.4.4, Tablet for sale Brand new condition",9999.0,4.5,0,0,tablets,4.5004500450045,Mid-Range,0,3,1,0.4527676988687699,0.725780619536842
"Colorful LCD Writing Tablet for Kids - 6.5/8.5 Inch Portable Digital Drawing Pad with Stylus for Drawing, Coloring, Educational Learning - Unisex",299.0,5.0,94,101,tablets,167.22408026755852,Budget,0,3,0,0.6246059352202321,0.8252891896218634
Amazon Fire HD 8 | 10th Generation | 32GB Storage | 2GB RAM | Mediatek MT8168 (12 nm) | 8.0″ Display | Wi-Fi | Best Tablet For Youtube And Online Classes And Gaming | Tablet PC,10999.0,4.5,0,0,tablets,4.091281025547777,Mid-Range,0,3,1,0.4611475453330821,0.7243678232320531
ZnG Traders Colorful LCD Writing Tablet for Kids | Unisex Educational Drawing Pad | Portable Travel-Sized Doodle Board for Ages 3-8,299.0,4.5,0,0,tablets,150.5016722408027,Budget,0,3,0,0.3714831881649413,0.7394847436932956
"Daraz Like New Tablets – Amazon Fire HD 7 | 5th Generation | 8 GB Storage | 1 GB RAM | Quad-core 1.3 GHz Cortex-A53| 7"" HD| 2 MP front and 2 MP rear-facing cameras | best for kids |with box & charger",5999.0,5.0,1,0,tablets,8.33472245374229,Budget,0,3,0,1.0858544247524191,0.813332241446099
Daraz Like New Tablet Amazon Fire HD 8 8th Generation || 2GB || 32GB || Size 8inches || Android 9.0 || Battery 5100mAh || Pubg Free Fire Supported,10845.0,5.0,6,22,tablets,4.610419548178884,Mid-Range,0,3,1,1.0522414201432573,0.8198914346216443
moto G5G 2024 - NON PTA - 4GB RAM - 128GB ROM - SIM NOT WORKING - 10/10 condition - 100 percent orginal Motorla Phone 5000mah battery - best for gaming Phone - mobile Phone on installment,17870.0,4.0,4,10,tablets,2.238388360380526,Premium,1,3,2,-0.18444990911635775,0.6366092664305417
Nokia 105 - Classic Phone - Dual sim - without camera - budget Phone - Keypad - Nokia - Snake Game,1961.0,5.0,1,15,tablets,25.497195308516066,Budget,0,3,0,1.0049510137165414,0.8309826138870345
MOTO G5G 2024 - 6.6inch display pubg phone non pta (sim locked) - snapdragon 4 gen 1 - type-c charging 5000 Mah battery Motorola phone - android 14 update 4+2GB RAM 128GB ROM -Gaming phone For pubg & free fire lovers - pubg & freefire mobile on installmen,19150.0,4.0,2,8,tablets,2.0887728459530024,Premium,1,3,2,-0.16537141067117037,0.6348539393025201
Daraz Like New Tablets Amazon Fire HD 10 (7th Generation) Ram 2GB | Rom 32GB | Display Size 10inches | Resolution 1080 HD | Battery 7000mAh | Play Store Available | youtube kids Working,11208.0,5.0,2,7,tablets,4.461099214846538,Mid-Range,0,3,1,1.1065026610943935,0.8107246598082778
Samsung Galaxy Tab A9+ 5g | Snapdragon 695 | Tablet,51500.0,4.5,0,0,tablets,0.8737864077669902,Premium,0,3,2,0.8005397069841912,0.6671481600917927
Nokia 2660 2760 Flip Phone without internet PTA Life Time Warranty,9600.0,5.0,3,11,tablets,5.208333333333333,Mid-Range,0,3,1,1.0794386022917486,0.8153590103877638
"Tab Samsung Galaxy Tab A 8' Inch Tablet | 100% INSPECTED | 2GB RAM | 32GB ROM(STORAGE) | BEST FOR ADULT AND KIDS BOTH |  Just Like New Condition | With Box, Charger, Cable & Free Surprise Gift | High Performance | Reliable | Affordable | Long Battery Life",13499.0,4.5,3,0,tablets,3.3335802652048296,Premium,0,3,2,0.4789818372401581,0.7183671540644785
"OPPO A31 8GB 256GB PTA Approved – Triple Camera, 6.5” Display, 5000mAh Battery – Best Price in Pakistan",18999.0,3.0,1,5,tablets,1.5790304752881732,Premium,1,3,2,-1.4914743141843823,0.46805440517003477
HUAWEI DTAB COMPACT D-02K TABLET | 3GB | 32GB | ANDROID 9.0 | Display Type IPS LCD Size 8’’ | Resolution 1920 x 1200 Pixel |,14511.0,4.0,5,7,tablets,2.756529529322583,Premium,1,3,2,-0.20422313660528704,0.6381428562240212
"Amazon Fire HD 10' Inch Tablet | 100% INSPECTED | 11th Generation | 3GB RAM | 32GB ROM(STORAGE) | 6300mAh Battery | Playstore Installed | PUBG SUPPORTED | BEST FOR ADULT AND KIDS BOTH | Just Like New Condition | With Box, Charger, Cable & FREE SURPRISE GI",18999.0,5.0,4,14,tablets,2.631717458813622,Premium,0,3,2,1.1477492195893209,0.8036463453096239
NOKIA - NOKIA 106 - DUAL SIM - WITHOUT XAMERA PHONE - PTA APPROVE - BOX PACK - KEYPAD PHONE,2103.0,4.5,1,21,tablets,21.398002853067048,Budget,0,3,0,0.31967016235048007,0.7528368677046654
Vivo Y51 | dual sim PTA APPROVE | 4GB RAM 64 GB ROM | 3000 MaH long battery,8050.0,4.0,9,41,tablets,4.9689440993788825,Mid-Range,0,3,1,-0.3692010965789136,0.6710558307894414
"Multicolor LCD Writing & Drawing Tablet with Stylus, Reusable Color Display for Kids, Unisex, Eye Protection, Quick Erase, 6.5""/8.5""/10""/12""",419.0,5.0,41,84,tablets,119.33174224343676,Budget,0,3,0,0.73398991509278,0.855194738140434
AMAZON 1GB 16GB WIFI 7.0 INCH DISPLAY,6499.0,4.0,7,33,tablets,6.154793045083859,Budget,0,3,0,-0.35501970706900016,0.6685219296153986
Daraz Like New Amazon Fire HD 7 12Ath Generation 2GB 16GB Android 11.0,8712.0,4.5,0,9,tablets,5.1652892561983474,Mid-Range,0,3,1,0.413743481861409,0.734766188958424
"Writing LCD Drawing Multicolor Screen Tablet Available in 4.5 inch, 6.5 inch, 8.5 inch, 10 inch, 12 inch, 16 inch sizes Also",299.0,4.0,181,782,tablets,133.77926421404683,Budget,0,3,0,-2.9378054064443173,1.1305766005592341
Hab e Munir Tablets,287.0,4.0,4,16,tablets,139.37282229965157,Budget,0,3,0,-0.3506189859035534,0.6662286642425261
"Nokia 3310 Box Pack PTA Life Time Warranty A+ Condition High Quality, nokia 3310, availability nokia 105, nokia 106, nokia 150, nokia 5310, nokia 3210 - tablet",5000.0,4.5,0,6,tablets,9.0,Budget,0,3,0,0.3920506099884791,0.7376213886493613
"Samsung Galaxy Tab E 8' Inch Tablet | 100% INSPECTED | 2GB RAM | 5000mAh Battery | Just Like New Condition | With Box, Charger, Cable & Free Surprise Gift | High Performance | Reliable | Affordable | Long Battery Life | Budget Friendly | Top Selling",9299.0,4.0,38,114,tablets,4.301537799763415,Mid-Range,0,3,1,-0.6179020123939921,0.7035621282999681
"Amazon Fire HD 10 | 10’ Inch Tablet | 3GB RAM | 32GB ROM | With PlayStore | 11th Generation | Front and Back Camera | 6300mAh Battery | 10/9.5 Condition | With Box, Charger, Cable & Free Surprise Gift",17249.0,4.0,66,229,tablets,2.318975013044234,Premium,1,3,2,-0.9411947904701707,0.7608715732681238
etra Tab Casebook 3 Tablet 7 Inch | 2GB RAM 64GB ROM | Windows  Tablet | Intel Atom Dual Core | Stylus Pen | Kids & Students Best Tab | Pakistan,11500.0,4.5,0,0,tablets,3.9130434782608696,Mid-Range,0,3,1,0.46534584841170246,0.7236600122833537
"AMAZON POUCH ""10"" INCH (11) (13) GENERATION",3499.0,4.5,0,0,tablets,12.860817376393255,Budget,0,3,0,0.39829869685074043,0.7349637955179708
"LCD Writing Tablet For Kids | 10""",1000.0,4.5,0,0,tablets,45.0,Budget,0,3,0,0.37735746053642416,0.7384943734836386
Writing Tablet Drawing Board Magic Tablet For Children Gift Drawing Pad Led Kids Baby Toys Educational Toys. 6.5/ 8.5/9 /12inch multi color.,299.0,4.0,7,17,tablets,133.77926421404683,Budget,0,3,0,-0.35677145806721866,0.6645393990120798
Tetra Tab Casebook 3 Tablet 7 Inch | 2GB RAM 64GB ROM | SIM Supported Android Tablet | Intel Atom Dual Core | Stylus Pen | Kids & Students Best Tab,11500.0,4.5,0,0,tablets,3.9130434782608696,Mid-Range,0,3,1,0.46534584841170246,0.7236600122833537
Amazon Fire HD 8 | 10th Generation | 32GB Storage | 2GB RAM | Mediatek MT8168 (12 nm) | 8.0″ Display | Wi-Fi | Best Tablet For Youtube And Online Classes | Tablet PC,11500.0,4.5,0,0,tablets,3.9130434782608696,Mid-Range,0,3,1,0.46534584841170246,0.7236600122833537
Universal Adjustable Mobile Phone / Tablet Folding Holder Stand Anti Skid Multi Angle Desk Small Foldable Portable Stand Universal Adjustable Mobile Phone Holder Stand Anti Skid Multi Angle Desk Stand  Mobile Phone Stand Anti Slip Multi Angle Fold,449.0,4.5,0,0,tablets,100.2227171492205,Budget,0,3,0,0.37274016513458813,0.7392728242475772
Xiaomi Pad-1 tablet | 16GB & 64GB Memory | 8 inches Display | 7000 mah Battery | Quality+COD | Best Gift for your kids,10500.0,4.5,0,0,tablets,4.285714285714286,Mid-Range,0,3,1,0.45696600194739034,0.7250728085881427
"Xiaomi Mi Pad 1 (2GB RAM / 16GB-64GB Storage) 8"" HD Display Tablet | 7000mAh Battery | Smooth Performance for YouTube, TikTok, Facebook & Online Classes",10000.0,4.5,0,0,tablets,4.5,Mid-Range,0,3,1,0.4527760787152342,0.7257792067405373
🍎 IPH0NE 6 plus With Fingerprint supported HD camera health 80+,9200.0,5.0,1,0,tablets,5.434782608695652,Mid-Range,0,3,1,1.1126783132846825,0.8088098804744693
Mobile Phone Stand Anti Slip Multi Angle Foldable Cell Phone Holder for All Smartphones & Tablets,279.0,4.5,0,0,tablets,161.29032258064515,Budget,0,3,0,0.37131559123565505,0.7395129996193914
Daraz Like New Tablet - Amazon Fire HD 7 | 9th Generation 2019 | 1GB 16GB | Android 9.0 | WIFI | With box & original charger,6817.0,4.5,0,0,tablets,6.60114419832771,Budget,0,3,0,0.4261030274193284,0.7302761373786807
"Itel Flip 1 | 2.4"" Display Big LCD | Dual SIM | 1200mAh Battery | King Voice | Slim Stylish Flip Feature Phone | 2000 Contacts & 100 Messages Memory | Bluetooth Calling Wireless FM Radio | Type-C Charging Support",4950.0,4.5,0,0,tablets,9.090909090909092,Budget,0,3,0,0.41045785407045743,0.7329138280797218
New Multi Color Kids Paperless Electric Cell Operate Writing Tablet with Box Multi color 8.5inch,590.0,4.5,0,5,tablets,76.27118644067797,Budget,0,3,0,0.3582331931483946,0.7430554536226678
LCD Writing Tablet Pad For Kids | Electric Drawing Board | Digital Graphic Drawing Pad With Pen 8.5 Inches,399.0,5.0,1,0,tablets,125.31328320802004,Budget,0,3,0,1.0389272845522706,0.8212439007529175
"Kids LCD Writing Tablet - Reusable Doodle Pad, Digital Drawing Board, 6.5/8.5/10/12 Inch, Touch Erase, Eco-Friendly Learning & Writing Board, Portable & Lightweight, Fun & Educational Toy, Perfect Gift for Toddlers",440.0,5.0,2,5,tablets,113.63636363636364,Budget,0,3,0,1.0225438865017442,0.8243449169566197
Lenovo M8 | 16 GB Storage | 2 GB RAM | 8″ HD Display | 5 MP Camera Rear And 2 MP Front | 5000 mAh Battery | best for kids & adult | high performance | with box & charger,10499.0,5.0,1,0,tablets,4.762358319839985,Mid-Range,0,3,1,1.123563733841824,0.8069746580745484
Samsung Galaxy Tab A (2019) 8’ Inch Tablet | Top Rated | 2GB RAM | 32GB ROM | 5100mAh Battery | best for kids & adults | with box & original charger + cable,14197.0,4.0,50,133,tablets,2.8174966542227238,Premium,1,3,2,-0.6489352367097235,0.7018985062621534
"Moto G04 8GB 128GB PTA Approved – 6.6” 90Hz Display, 5000mAh Battery, 16MP Camera – Best Price in Pakistan",27999.0,4.5,0,0,tablets,1.607200257152041,Premium,0,3,2,0.6036049352263897,0.7003502860506395
"Samsung Galaxy Tab A7 Lite 8.7' Inch Tablet | 100% INSPECTED | 3GB RAM | 32GB ROM(STORAGE) | 5100mAh Battery | Android Upgradable To 14 | BEST FOR ADULT AND KIDS BOTH | Just Like New Condition | With Box, Charger, Cable & FREE SURPRISE GIFT",21399.0,4.0,23,52,tablets,1.8692462264591805,Premium,1,3,2,-0.3063914727202867,0.6494359477296147
Daraz Like New - Samsung Galaxy Tab 3 - 1.5GB RAM I  8GB ROM - With FREE TABLET COVER,6399.0,3.0,3,10,tablets,4.688232536333802,Budget,0,3,0,-1.614825792808181,0.4881916866607076
Daraz Like New Tablets Lenovo Tab 4 2GB 16GB 8inches WIFI Resolution FULL HD Battery 4800mah Android 7.0,10373.0,4.5,0,0,tablets,4.338185674346862,Mid-Range,0,3,1,0.4559017614464226,0.725252233718851
Daraz Like New Tablets – Amazon Fire 7 | 9th Generation | 16 GB Storage | 1 GB RAM | 1.3 GHz quad-core processor | 7″ IPS Display | 2 MP front and rear-facing cameras with 720p HD video recording| 2980 mAh Battery,9999.0,4.5,0,0,tablets,4.5004500450045,Mid-Range,0,3,1,0.4527676988687699,0.725780619536842
"Lenovo Xiaoxin Pad Pro 2024 11' Inch Tablet | 100% INSPECTED | 4GB RAM | 64GB ROM(STORAGE) | 7040mAh Battery  | Top Rated | BEST FOR GAMING | PUBG SUPPORTED | Just Like New Condition | With Box, Charger, Cable & FREE SURPRISE GIFT | High Performance",38999.0,4.5,0,0,tablets,1.1538757404036,Premium,0,3,2,0.6957832463338242,0.6848095266979602
"Tab - Amazon Fire HD 10' Inch Tablet | 100% INSPECTED | 11th Generation | 3GB RAM | 32GB ROM(STORAGE) | 6300mAh Battery | Playstore Installed | BEST FOR ADULT AND KIDS BOTH | Just Like New Condition | With Box, Charger, Cable & FREE SURPRISE GI",18499.0,5.0,1,5,tablets,2.7028488026379804,Premium,0,3,2,1.1749139752186601,0.799654121290302
Samsung Galaxy Tab A7 Lite 8.7’ Inch Tablet | Top Rated | 3GB RAM | 32GB ROM | 5100mAh Battery| best for kids & adults |Reliable| PUBG Supported & HIGH PERFORMANCE | WITH  BOX ORIGINAL CHARGER & CABLE,19999.0,4.0,11,25,tablets,2.0001000050002498,Premium,1,3,2,-0.22094389693213265,0.639786674446772
"Daraz Like New Tablets - Samsung Galaxy Tab A 8.0"" 2GB 32GB, Black Wi-Fi Supported",12398.0,4.0,516,15,tablets,3.226326826907566,Premium,0,3,2,-0.7776749652723162,0.22700080690833405
Lenovo M8 | 16 GB Storage | 2 GB RAM  | 8″ HD Display | 5 MP Camera Rear And 2 MP Front | 5000 mAh Battery | best for kids & adult | high performance | with box & charger,10999.0,4.0,4,10,tablets,3.636694244931357,Mid-Range,0,3,1,-0.24202783417264698,0.6463165898407471
Graphic Tablet,10500.0,4.5,0,0,tablets,4.285714285714286,Mid-Range,0,3,1,0.45696600194739034,0.7250728085881427
Amazon Fire HD 8 | 16 GB Storage  8.0″ Display WiFi Tablet PC Mobile Tablet,8400.0,4.0,2,6,tablets,4.761904761904762,Mid-Range,0,3,1,-0.249179348027462,0.6484487661173758
Amazon tab,5800.0,4.5,0,0,tablets,7.758620689655172,Budget,0,3,0,0.4175807235651228,0.7317129512206512
"Amazon Fire 7 Tablet (9th Gen) – 8GB Storage | 7” IPS Display | Fast & Portable Tablet for Reading, Learning & Entertainment",8000.0,3.0,1,0,tablets,3.75,Mid-Range,0,3,1,-1.5679557151076906,0.47961191807234343
amazon tablet/ 7th generation /best for kids/ android / oneTube/ facebook/ TikTok,10000.0,4.0,32,154,tablets,4.0,Mid-Range,0,3,1,-0.7313053342163933,0.7393637841340417
Slim Smart Tablets – Natural Body Support Formula  Slim Smart Tablets,870.0,4.0,30,100,tablets,45.97701149425287,Budget,0,3,0,-0.6363003219530151,0.7109045965365892
"LCD Writing Tab Pad Up to 12 inch LCD Writing Tablet for Kids Toys Single and multi Color Erasable Digital Drawing Pad | Best Gift For Children Educational Learning ToyDoodle Drawing Tablet Pad, Toys for 3 4 5 6 7 8 Year Old Girls Boys Kids",270.0,5.0,12,111,tablets,185.1851851851852,Budget,0,3,0,0.6781380552653687,0.9007710377759559
"Amazon Fire HD 8 | 8’ Inch Tablet | 2GB RAM | 32GB ROM | With PlayStore | 10th Generation | Front and Back Camera | 4750mAh Battery | 10/9.5 Condition | With Box, Charger, Cable & Free Surprise Gift",12999.0,5.0,1,8,tablets,3.846449726902069,Premium,0,3,2,1.119411701462346,0.8098136011590811
S390 SAIL Air | 256 GB Storage | 8 GB RAM |  7″ IPS Display | with HD video recording| 5000 mAh Battery,19000.0,5.0,8,23,tablets,2.631578947368421,Premium,0,3,2,1.115364479156388,0.8075206618831683
"Microsoft Surface RT - 10.6"" Touchscreen Tablet | Windows RT | 2GB RAM | 32GB Storage | Sleek Design | Certified Like New | 6 Months Warranty | Daraz Like New Tablets",15999.0,4.5,0,0,tablets,2.8126757922370147,Premium,0,3,2,0.5030467776546431,0.7173038417081079
"Lenovo M8 HD 8"" Inch And M10 Hd 10"" Inch Tablet 100% INSPECTED 2GB RAM 16GB ROM(STORAGE) 5000mAh Battery Top Rated Gaming Tablet BEST FOR ADULT AND KIDS BOTH Just Like New Condition With Charging Cable",13999.0,4.5,0,0,tablets,3.2145153225230376,Premium,0,3,2,0.4862870847260188,0.720129434317686
🍎 Iphon€ 6 plus 64 Gb fingerprint supported 🫆 Free cabel inside,9500.0,4.5,0,0,tablets,4.7368421052631575,Mid-Range,0,3,1,0.448586155483078,0.7264856048929318
Daraz Like New Tabs&Tablet | Amazon Fire HD 7 | 9th Generation 2019 | 1GB 16GB | android 9.0 | WIFI | DARAZ LIKE NEW,7999.0,4.5,0,0,tablets,5.6257032129016125,Mid-Range,0,3,1,0.4360080059401454,0.7286062121464201
Amazon Fire 7 | 5th Generation | 8 GB Storage | 1 GB RAM | 7″ IPS Display | 2 MP main camera and rear-facing cameras with 720p HD video recording | 1.3 GHz quad-core processor,5999.0,4.5,0,0,tablets,7.501250208368061,Budget,0,3,0,0.419248313011521,0.7314318047559981
Amazon Fire HD-10 Tablet | Quality+COD | 10.1 inches Large Display | Play Store Working | Fast And Smooth Working,12050.0,4.5,0,0,tablets,3.734439834024896,Mid-Range,0,3,1,0.46995476396707425,0.7228829743157198
"Amazon Fire 7 | 7’ Inch Tablet | 1GB RAM | 8GB ROM | 7th Generation | Front and Back Camera | 2980mAh Battery | 10/9.5 Condition | With Box, Charger, Cable & Free Surprise Gift",6999.0,4.0,5,16,tablets,5.7151021574510645,Budget,0,3,0,-0.2954118978529914,0.6559230826429149
"Club mobile Kgf 2.0"" lcd 5000mAh Mega battery Dual sim",2634.0,4.5,0,0,tablets,17.084282460136674,Budget,0,3,0,0.39105012965911035,0.7361858643216133
Thiweik Tablet S01|| 4GB Ram 64GB Rom || 7 Inches IPS Display || 4500mah Battery Type C || Camera: Front 5 MP Rear 8 MP || Network: 5G Wifi,17999.0,4.5,0,0,tablets,2.500138896605367,Premium,0,3,2,0.5198064705832675,0.7144782490985299
"Lenovo Tab M8 64GB PTA Approved WiFi Tablet – 8"" Display",23999.0,4.5,0,0,tablets,1.875078128255344,Premium,0,3,2,0.5700855493691408,0.7060014712697957
CALLING SIM 4/64 8.0INCH DUAL CAMERA,12999.0,4.5,0,0,tablets,3.461804754211862,Premium,0,3,2,0.47790723826170656,0.721542230622475
Samsung Galaxy Tab E - 1.5GB RAM - 16GB ROM - Android 7 - FREE TABLET COVER,9999.0,4.0,171,596,tablets,4.000400040004001,Mid-Range,0,3,1,-2.26252315300046,0.9769771924902052
"Tab -  Lenovo M8 HD 8' Inch Tablet | 100% INSPECTED | 2GB RAM | 16GB ROM(STORAGE) | 5000mAh Battery | Top Rated | Gaming Tablet | BEST FOR ADULT AND KIDS BOTH | Just Like New Condition | With Box, Charger, Cable & FREE SURPRISE GIFT | High Performance",11999.0,5.0,1,5,tablets,4.167013917826486,Mid-Range,0,3,1,1.1204449732006307,0.8088372972714306
Vivo Y66 - Dual Sim Approve - 4gb Ram - 64Gb Storage - 3000 MAH Battery - Premium Quailty - Box Charger & Sim Injector Tool - Snapdragon 430 Procssor - Vivo Mobile On Installment - Budget Phone,10500.0,4.5,0,0,tablets,4.285714285714286,Mid-Range,0,3,1,0.45696600194739034,0.7250728085881427
ڈرائنگ ٹیبلٹ حفاظتی کوور کے ساتھ ، بچوں کے ڈرائنگ پیڈ ڈوڈل بورڈ ، الیکٹرانک سلیٹ ای رائیٹر ، مٹانے والا ای-رائیٹر ڈیجیٹل ڈرائنگ بورڈ چھوٹے بچوں کے لئے,475.0,5.0,1,20,tablets,105.26315789473684,Budget,0,3,0,0.9768100315329117,0.8370638628500169
Water Bottle Carrier Bag For Stanley 40oz Insulated Mug Cup Holder Portable Water Bottle Bag with Adjustable Shoulder Strap,1049.0,4.5,0,0,tablets,42.89799809342231,Budget,0,3,0,0.3777680730131755,0.7384251464647038
"Writing LCD Drawing Multicolor Screen Tablet Available for Kids | LCD Tablet  6.5"" |8.5"" | 10"" | 12"" | 16""LCD Drawing Writing Tablet Educational Tablet For Kids Educational Tablet For Kids  Multicolor Drawing Tablet Writing LCD For Kids Educational Doodle",376.0,5.0,76,381,tablets,132.97872340425533,Budget,0,3,0,-0.23461456998884095,1.0629751593676933
Nokia C3-00 Single Sim PTA Approved QWERTY Keyboard,6999.0,5.0,1,0,tablets,7.1438776968138304,Budget,0,3,0,1.0942342712167312,0.81191944514131
Daraz Like New Tablet Alcatel Joy Tab 2 Tablet 3GB 32GB 8inches iPS Display WIFI Battery 5000mah Resolution HD,12111.0,4.5,4,7,tablets,3.715630418627694,Premium,0,3,2,0.44434822645706484,0.7250797896493504
Vivo Y71 Box Charger Sim Eject Tool 128GB Storage 6GB Ram | Dual Sim | Snapdragon 425 | 3360 MAH Battery | 13 MP Camera | Vivo PTA Approve  Phone | Budget phone | Mobile Phone on Installment,10740.0,4.0,33,120,tablets,3.7243947858473,Mid-Range,0,3,1,-0.6194606829546045,0.7104189532189827
"Tab -  Amazon Fire 7' Inch Tablet | 100% INSPECTED | 1GB RAM | 16GB ROM | 9th Generation | 2980mAh Battery | Top Rated | Budget Friendly | BEST FOR KIDS | Just Like New Condition | With Box, Charger, Cable & FREE SURPRISE GIFT | Affordable",7999.0,4.5,0,0,tablets,5.6257032129016125,Mid-Range,0,3,1,0.4360080059401454,0.7286062121464201
"Lenovo Tab M10 TB-X605F 10, 1"" Full HD IPS Display, Octa-core, 3GB RAM, 32GB Flash, Android 9.0| BEST GAMMING TAB & ALSO USE FOR EDUCATIONAL PURPOSE |WITH BOX & ORIGINAL CHARGER",19252.0,5.0,2,0,tablets,2.5971327654269687,Premium,0,3,2,1.1958740885260475,0.7937855592168627
"Samsung Galaxy Tab A7 Lite 8.7' Inch Tablet | 100% INSPECTED | 3GB RAM | 32GB ROM(STORAGE) | 5100mAh Battery |Android Upgradable To 14 | BEST FOR ADULT AND KIDS BOTH | Just Like New Condition | With Box, Charger, Cable & FREE SURPRISE GIFT",19999.0,5.0,3,0,tablets,2.5001250062503124,Premium,0,3,2,1.2010953924169872,0.7919073075753179
"""Writing tablet, writing tablets, writing tablet for kids, writing tablets for kids, writing tablets for kids low price, writing tablet for adults, writing tablet for laptop, writing tablet pen, writing tablet 8.5 inch""",999.0,5.0,1,15,tablets,50.05005005005005,Budget,0,3,0,0.9968896014178729,0.8323417239322416
Samsung Galaxy Tab A8 (X200) (2021) 10.5’ Inch Tablet | Top Rated | 4GB RAM | 64GB ROM | 7040mAh Battery | 10/10 Condition | High Performance | Reliable | Affordable | with box & original charger,34299.0,4.5,0,0,tablets,1.311991603253739,Premium,0,3,2,0.6563979679515567,0.6914496693304687
"vivo Y66 dual sim ,64gb rom , loud speaker, mobile phone , vivo, 4gb ram phone",10280.0,4.0,10,40,tablets,3.891050583657588,Mid-Range,0,3,1,-0.3484147743138665,0.6662860354970813
"Huawei MediaPad M1 - 8.0"" Display, 1GB RAM, 8GB Storage, Sleek White Design, WiFi Connectivity - Like New Condition on Daraz - Affordable Entertainment & Productivity | Daraz Like New Tablets",9999.0,4.5,0,0,tablets,4.5004500450045,Mid-Range,0,3,1,0.4527676988687699,0.725780619536842
"Samsung Galaxy Tab A 2019 (T290) 8' Inch Tablet | 100% INSPECTED | 2GB RAM | 32GB ROM(STORAGE) | 5100mAh Battery | Top Rated | Android 11 | BEST FOR ADULT AND KIDS BOTH | Just Like New Condition | With Box, Charger, Cable & FREE SURPRISE GIFT",13499.0,4.0,4,16,tablets,2.9631824579598485,Premium,0,3,2,-0.23990445441706046,0.6475627994636536
Lenovo tablet,10500.0,4.5,0,0,tablets,4.285714285714286,Mid-Range,0,3,1,0.45696600194739034,0.7250728085881427
Nokia 108 Dual SIM 4G Mobile Classic Design Long Battery Life Made in Vietnam,3692.0,4.5,0,6,tablets,12.18851570964247,Budget,0,3,0,0.38108977081315876,0.7394693262160255
Lenovo Tablet M8 - (2GB/32Gb) - Metal Body - Brand New Condition - 5200 mAh Battery - 8.1' Screen Size - (Free tablet cover),11999.0,5.0,4,16,tablets,4.167013917826486,Mid-Range,0,3,1,1.0828148822040706,0.8151286529047734
Nokia 106 - Dual SIM) PTA approved cpy,2199.0,4.0,13,50,tablets,18.190086402910413,Budget,0,3,0,-0.4506246985210015,0.6831978313386111
"Samsung TAb A9 Plus |11.0"" Inch Display | 8GB RAM | 128GB ROM | 7100 mah battery | best for kids & adults | with box & original charger",50499.0,4.5,0,0,tablets,0.8911067545891997,Premium,0,3,2,0.7921514806734147,0.6685623691928865
Daraz Like New Tablets Samsung Tab A 2020 8.4 inches 3GB 32GB Android 11 WIFI Battery 5000mAh USB Type C 2.0 MEIN Camera 8mp Selfie Camera 5mp  with Dual speaker DARAZ LIKE NEW,17200.0,5.0,1,6,tablets,2.9069767441860463,Premium,0,3,2,1.1608908485939862,0.802285710421036
Lenovo Tab M8 - Andriod 10 - 8 Inch - Pubg Supported - (Free cover Included) Daraz Like New Tablets,12999.0,4.5,0,0,tablets,3.461804754211862,Premium,0,3,2,0.47790723826170656,0.721542230622475
"Colorful 8.5-inch LCD Drawing Tablet for Kids - Educational Drawing Pad with Stylus, Protective Screen & Key Lock, Ideal Travel Companion for Children 3-8 Years",449.0,4.5,0,0,tablets,100.2227171492205,Budget,0,3,0,0.37274016513458813,0.7392728242475772
Amazon kindle paperwhite tablet ereader 4th generation,8000.0,4.0,28,72,tablets,5.0,Mid-Range,0,3,1,-0.48661936393576044,0.6801788760244095
VILLAON V105,2199.0,4.5,0,0,tablets,20.463847203274213,Budget,0,3,0,0.38740489644713455,0.7368004307141964
IPHON€ 7 MOBILE IOS 15.5 FINGERPRINT SUPPORTED | HEALTH 75+ |,11500.0,5.0,1,0,tablets,4.3478260869565215,Mid-Range,0,3,1,1.1319519601526007,0.8055604489734546
Vivo Y81 - nouch Display - PTA Approve - 6GB RAM - 128GB ROM - DUAL SIM PHONE -,10731.0,5.0,3,12,tablets,4.659398005777653,Mid-Range,0,3,1,1.0857785025753535,0.8145575044978606
"Nexel Infinity 4+4gb ram or 128gb memory *Display*: 14-inch IPS touchscreen (fully laminated)
- *Resolution*: 1920×1200 WUXGA, 60Hz
- *Battery*: 38 Wh, 7.6 V, 5,000 mAh
- *Ports*:
    - 1x USB-C 3.1",23374.0,4.5,0,0,tablets,1.925216052023616,Premium,0,3,2,0.5648481453289457,0.7068844689602888
"Amazon Tablet 10.1 Inch Display | 3GB RAM 32GB Storage | 6000mAh Battery | Android Tablet with Play Store | YouTube, Facebook, TikTok Supported",13000.0,4.5,0,0,tablets,3.461538461538461,Premium,0,3,2,0.47791561810817085,0.7215408178261702
Biosel Tablet 30's,1400.0,4.5,0,0,tablets,32.14285714285714,Budget,0,3,0,0.3807093991221491,0.7379292549617229
vivo Y66 - dual Sim - PTA Approve - 4GB Ram - 64GB Rom - Budget Phone - Dual Sim - loud Speaker -Gaming - Y66a - Vivo,10300.0,3.0,3,14,tablets,2.912621359223301,Mid-Range,0,3,1,-1.5946868360210285,0.4858658351989783
OnePlus 15 Official Pta Dual sim 16/256 16/512 Snapdragon 8 elite gen 5 battery 7300 mah 165 Hz Display,260000.0,4.5,0,0,tablets,0.1730769230769231,Premium,0,3,2,2.5477376947932893,0.3725801305432807
9.7 Inch LCD Digital Writing Tablet,500.0,4.5,0,0,tablets,90.0,Budget,0,3,0,0.3731675373042681,0.739200771636033
Original Motorola Moto G04 PTA Approved 4GB RAM 128GB Storage Smooth Performance Budget Smartphone,25999.0,4.5,0,0,tablets,1.730835801376976,Premium,0,3,2,0.5868452422977652,0.7031758786602176
DOT TO DOT TRACING BOOK (BEST FOR KIDS),699.0,4.5,0,0,tablets,64.37768240343348,Budget,0,3,0,0.3748351267506662,0.73891962517138
ONEPLUS 8T GLOBAL DUAL SIM 12/256 IN MINT CONDITION,59499.0,4.5,0,0,tablets,0.7563152321887763,Premium,0,3,2,0.8675700988522246,0.6558472024497852
SAMSUNG S8 ORIGINAL PHONE OFFICIALLY PTA APPROVED WITH IMEI MATCHED BOX,32499.0,4.5,0,0,tablets,1.3846579894765991,Premium,0,3,2,0.6413142443157948,0.693992702679089
Montessori Children 20 pages Busy Book,1049.0,4.5,0,0,tablets,42.89799809342231,Budget,0,3,0,0.3777680730131755,0.7384251464647038
mobile & tablets,170.0,5.0,1,0,tablets,294.11764705882354,Budget,0,3,0,1.0370082997119432,0.8215674311067143
FUJITSU Japan Q507 Window Tab window 10,13247.0,5.0,4,11,tablets,3.774439495734884,Premium,0,3,2,1.1089614609291938,0.8093836494623309
"6.5"" |8.5"" | 10"" | 12"" | 16"" LCD Drawing Writing Tablet Educational Tablet For Kids Educational Tablet For Kids  Culculator  Tablet Writing LCD For Kids Educational Doodle Pad Digital Drawing Board Best for Learning & Fun - Gift for Boys & Girls",376.0,4.0,13,52,tablets,106.38297872340424,Budget,0,3,0,-0.4721765707605073,0.6873660924638678
Daraz Like New Tabs&Tablet | Amazon Fire HD 7 | 9th Generation 2019 | 16GB | android 9.0 | WIFI | DARAZ LIKE NEW,8399.0,5.0,1,0,tablets,5.953089653530182,Mid-Range,0,3,1,1.1059660562667684,0.8099415303146054
"Samsung Galaxy Tab A 2020(T307) 8' Inch Tablet | 100% INSPECTED | 3GB RAM | 32GB ROM(STORAGE) | 5000mAh Battery | HD Camera | Android 11 | BEST FOR ADULT AND KIDS BOTH | Just Like New Condition | With Box, Charger, Cable & FREE SURPRISE GIFT",18649.0,4.0,12,42,tablets,2.14488712531503,Premium,1,3,2,-0.2866361342249053,0.6544092910801936
VIV0  Y67 DUAL SIM IN GOOD CONDITION,8999.0,4.5,0,0,tablets,5.00055561729081,Mid-Range,0,3,1,0.44438785240445766,0.7271934158416311
Amazon Fire HD 8 | 16 or 32 GB Storage | 8.0″ Display | WiFi | Tablet PC | Mobile Tablet,8999.0,4.5,0,0,tablets,5.00055561729081,Mid-Range,0,3,1,0.44438785240445766,0.7271934158416311
"OnePlus Pad – Best Heavy Gaming Tablet | 11.61"" Display | 512GB Storage | 12GB RAM | MediaTek Dimensity 8350 | Android 15 | 8MP Rear & Front Cameras | 9250mAh Battery - Daraz Like New Tablets",83926.0,4.5,0,0,tablets,0.5361866406119676,Premium,0,3,2,1.0722646084359795,0.6213368271127037
"Kids Tablet"", ""Learning Tablet"", ""Gift for Kids"", STU BOOK TABLET for sale  ● Display: 10.1-inch IPS LCD, 1920 × 1200 resolution",12500.0,4.5,0,0,tablets,3.6,Premium,0,3,2,0.4737256948760147,0.7222472159785647
vivo Y85 - Y85 - 4GB RAM - 64GB ROM - DUAL SIM - MEMORY CARD - PTA APPROVE - VIVO,14399.0,5.0,3,9,tablets,3.472463365511494,Premium,0,3,2,1.1259288976090478,0.806986267459455
"Tab -  Alcatel 3T 8 Tab (9027/9029) 8' Inch Tablet | 100% INSPECTED | 2GB RAM | 4080mAh Battery | Top Rated | Affordable | BEST FOR ADULT AND KIDS BOTH | Just Like New Condition | With Box, Charger, Cable & FREE SURPRISE GIFT | High Performance | Reliable",10999.0,4.5,0,0,tablets,4.091281025547777,Mid-Range,0,3,1,0.4611475453330821,0.7243678232320531
"Amazon Fire HD 8' Inch Tablet | 100% INSPECTED | 12th Generation | 2GB RAM | 32GB ROM(STORAGE) | 4750mAh Battery | Playstore Installed | Dual Camera | BEST FOR ADULT AND KIDS BOTH | Just Like New Condition | With Box, Charger, Cable & FREE SURPRISE GIFT",15999.0,5.0,0,0,tablets,3.125195324707794,Premium,0,3,2,1.1706913308134428,0.800027171200076
Lenovo Tab E10 2GB Ram - 16GB Rom Android 8 - 10inches Screen,13999.0,4.0,11,16,tablets,2.857346953353811,Premium,0,3,2,-0.24298362111021501,0.6410961516981877
Lenovo M8 | 32GB Storage | 2 GB RAM | 8″ HD Display | 5 MP Camera Rear And 2 MP Front | 5000 mAh Battery | best for kids & adult | high performance | with box & charger,14221.0,5.0,1,5,tablets,3.515927149989452,Premium,0,3,2,1.1390649920443325,0.8056980638821895
"Samsung Galaxy Tab A7 10.4' Inch Tablet | 100% INSPECTED | 3GB RAM | 32GB ROM(STORAGE) | 7040mAh Battery | Top Rated | Snapdragon Processor | BEST FOR ADULT AND KIDS BOTH | Just Like New Condition | With Box, Charger, Cable & FREE SURPRISE GIFT",31999.0,5.0,16,28,tablets,1.5625488296509265,Premium,0,3,2,1.2002980416651088,0.7865544139563428
"Samsung Galaxy Tab S7 FE – 12.4"" Display, 64GB Storage, 4GB RAM, Snapdragon Processor, 10090mAh Battery (S Pen Not Included) with box & original charger",59999.0,5.0,1,0,tablets,0.8333472224537075,Premium,0,3,2,1.538366133825279,0.7370412409874916
"Samsung Galaxy Tab A 2019 (T290) 8' Inch Tablet | 100% INSPECTED | 2GB RAM | 32GB ROM(STORAGE) | 5100mAh Battery | Top Rated | Android 11 | BEST FOR ADULT AND KIDS BOTH | With Box, Chitarger, Cable",18500.0,5.0,1,0,tablets,2.702702702702702,Premium,0,3,2,1.1906108854027861,0.7956708748399314
nook tablet color bnrv 200 amazon,10000.0,4.0,2,0,tablets,4.0,Mid-Range,0,3,1,-0.2169453572793685,0.6414100916448344
Amazon kindle paperwhite ereader 4th generation,7999.0,4.0,5,24,tablets,5.000625078134767,Mid-Range,0,3,1,-0.3121336999289379,0.6608812201846311
"Amazon Fire HD 8' Inch Tablet | 100% INSPECTED | 10th Generation | 2GB RAM | 32GB ROM(STORAGE) | 4750mAh Battery | Playstore Installed | Dual Camera | BEST FOR ADULT AND KIDS BOTH | Just Like New Condition | With Box, Charger, Cable & FREE SURPRISE GIFT",13999.0,4.5,0,0,tablets,3.2145153225230376,Premium,0,3,2,0.4862870847260188,0.720129434317686
Amazon Kindle 8 - Basic 2 - 8th Generation - 4gb - Touch Book Reader Ereader Not Paperwhite,17000.0,5.0,9,47,tablets,2.941176470588235,Premium,0,3,2,1.022261399189086,0.8286361632303949
"6.5"" |8.5"" | 10"" | 12"" |LCD Drawing Writing Tablet Educational Tablet For Kids Educational Tablet For Kids  Multicolor Drawing Tablet Writing LCD For Kids Educational Doodle Pad Digital Drawing Board Best for Learning & Fun - Gift for Boys & Girls",287.0,4.0,97,526,tablets,139.37282229965157,Budget,0,3,0,-2.0474241322098843,0.9958466663835779
Vivo Y66 3gb Ram 32gb Rom Android 8.1 Dual Sim PTA Approved With Box Nd Charger,10200.0,3.5,8,19,tablets,3.431372549019608,Mid-Range,0,3,1,-0.9487610049358293,0.5685978139661545
Nokia C2-03 Dual Sim PTA Approved Touch & Type Slider Phone (USED),7415.0,4.5,0,6,tablets,6.068779501011464,Mid-Range,0,3,1,0.4122879391997931,0.7342094855732959
Amazon tate tablet 16gb n 32gb best YouTube n children games,10000.0,4.5,0,0,tablets,4.5,Mid-Range,0,3,1,0.4527760787152342,0.7257792067405373
Vivo Y85,12449.0,5.0,1,5,tablets,4.0163868583822,Premium,0,3,2,1.1242159041095712,0.8082015389342756
"Amazon Fire HD 8' Inch Tablet | 100% INSPECTED | 10th Generation | 2GB RAM | 32GB ROM(STORAGE) | 4750mAh Battery | Playstore Installed | Dual Camera | BEST FOR ADULT AND KIDS BOTH | Just Like New Condition | With Box, Charger, Cable & FREE SURPRISE GIFT",11999.0,4.0,12,43,tablets,3.3336111342611883,Mid-Range,0,3,1,-0.345499819280114,0.6646007532378538
"Lenovo Tab M10 Plus FHD Gen 3 10.6"" | 64 GB Storage | 4 GB RAM | Wi-Fi Tablet| GAMMING TAB  7700 mAH Battery | Best for kids & adults",28741.0,4.5,1,0,tablets,1.5657075258341742,Premium,0,3,2,0.6087843398850078,0.6984790983906187
Samsung Galaxy Tab A8 (X200) (2021) 10.5’ Inch Tablet | Top Rated | 3GB RAM | 32GB ROM | 7040mAh Battery | 10/10 Condition | High Performance | Reliable | Affordable | with box & original charger,31999.0,4.0,3,9,tablets,1.2500390637207413,Premium,1,3,2,-0.06187491093665658,0.6166743935112318
Lenovo Tab M10| 2GB Ram - 16GB Rom | Android 9 |10.1 INCH |GAMMING TAB | PUBG SUPPORTED|RELIABLE | Best for kids & adults | WITH BOX & ORIGINAL CHARGER + CABLE,11999.0,4.5,0,0,tablets,3.750312526043837,Mid-Range,0,3,1,0.46952739179739433,0.722955026927264
VIVO Y71 - 2 PHONE DEAL - DUAL SIM - PTA APPROVE 4GB RAM -32GB ROM - BOX - CHARGER - PHONE - VIVO,13500.0,4.5,0,0,tablets,3.333333333333333,Premium,0,3,2,0.4821055413403269,0.7208344196737757
Samsung Galaxy Tab A7 Lite 8.7’ Inch Tablet | Top Rated | 3GB RAM | 32GB ROM | 5100mAh Battery| best for kids & adults |Reliable| PUBG Supported & HIGH PERFORMANCE | WITH BOX ORIGINAL CHARGER & CABLE. FREE COVER,18459.0,3.5,3,0,tablets,1.896094046264695,Premium,1,3,2,-0.8147432306144529,0.5459130254087885
"Samsung Galaxy Tab A7 10.4’ Inch Tablet | Top Rated | 3GB RAM | 7040mAh Battery | 10/10 Condition | With Box, Charger, Cable & Free Surprise Gift | High Performance | Reliable | Affordable",29999.0,5.0,2,0,tablets,1.666722224074136,Premium,0,3,2,1.2859322984780108,0.778602237329295
Nokia C3-01 Single Sim PTA Approved Touch & Type (USED),9269.0,5.0,1,5,tablets,5.394325169921243,Mid-Range,0,3,1,1.0975679923530584,0.8126942311835047
Y17 / 8GB + 256GB / DUAL SIM / PTA APPROVE/ COMPLETE BOX DEAL /CHARGER / BOX,16020.0,4.0,8,37,tablets,2.4968789013732837,Premium,1,3,2,-0.2888244545703144,0.6574332701188875
Amazon Fire 7 | 5th Generation | 8 GB Storage | 1 GB RAM | 1.3 GHz quad-core processor | 7″ IPS Display | 2 MP main camera and rear-facing cameras with 720p HD video recording| 2980 mAh Battery,7999.0,4.0,327,11,tablets,5.000625078134767,Mid-Range,0,3,1,-0.6057216576153083,0.38555697048277593
600ml kids Water Bottle,949.0,4.5,0,0,tablets,47.41833508956797,Budget,0,3,0,0.3769300883667443,0.7385664260951827
Lenovo Docomo Dtab D-42A | 4GB RAM | 64GB Storage,20000.0,4.5,0,0,tablets,2.25,Premium,0,3,2,0.5365745433583563,0.711651243692647
Motorola One Ace 5G | 128GB Storage | 6GB RAM | Snapdragon 750G | Single Sim | 5000 mAh Battery | 48MP Camera | Non PTA Approved | Mobile Phone,20000.0,5.0,3,8,tablets,2.5,Premium,0,3,2,1.1760021237231928,0.7982768286255184
Lenovo M8 Tablet - 2GB RAM - 16GB ROM - 8.2'' - Best For Gaming,12700.0,4.5,0,0,tablets,3.5433070866141736,Premium,0,3,2,0.4754016641688772,0.7219646567176069
OnePlus 13R/ Ace 5 12/256 16/512 Dual sim Official Pta Snapdragon 8 Gen 3 Battery 6400mah box pack,160000.0,4.5,0,0,tablets,0.28125,Premium,0,3,2,1.7097530483620673,0.5138597610221833
nokia Phone - nokia 105 - 105 - dual sim phone - keypad phone - without camera phone - PTA APPROVE DUAL SIM PHONE,2580.0,4.0,11,46,tablets,15.503875968992247,Budget,0,3,0,-0.4328042699121662,0.6811198746269685
Samsung Galaxy Tab E - 1.5GB RAM - 16gb-  - Wi-Fi Only - Brand new condition,9899.0,4.0,94,313,tablets,4.040812203252854,Mid-Range,0,3,1,-1.2954303313568238,0.8151094330443435
Samsung Galaxy Tab A - 2GB RAM 16GB ROM - 8'' Screen size - Fast Processor - Good Condition - FRE,11000.0,4.5,0,0,tablets,4.090909090909091,Mid-Range,0,3,1,0.4611559251795464,0.7243664104357482
Huawei MediaPad 7 Youth – 1GB RAM 8GB ROM – 7” Display – SIM & SD Card Support – Android 4.1.2 – Compact & Reliable Tablet,8500.0,4.5,0,0,tablets,5.294117647058823,Mid-Range,0,3,1,0.44020630901876584,0.7278984011977208
Comparison of Infinix GT 20 Pro,100000.0,4.5,0,0,tablets,0.45,Premium,0,3,2,1.2069622605033339,0.598627539309525
COLOURFUL PORTABLE MINI FAN WITH STRONG AIRFLOW,749.0,4.5,0,0,tablets,60.08010680907877,Budget,0,3,0,0.37525411907388184,0.7388489853561405
Samsung Galaxy  S24 Ultra Dual Sim Pta 12/256 16/512,255000.0,5.0,4,11,tablets,0.196078431372549,Premium,0,3,2,3.134814483216066,0.46783590439066947
