name,price,rating,reviews,sold,category
Vivo Y66 | 100% Inspected Fresh Stock | 4GB RAM 64GB ROM(3/32 for user) | 13MP Camera | Dual Sim Approved | With Box & Charger | Premium Quality |  Vivo Mobile Phone | Globally Customized,9999.0,4.0,191,761,mobiles
"Vivo Y66 | Dual Sim | PTA Approve | 4GB Ram 64GB Storage | Long Lasting 3000 MAH Battery | Memory Card Suppirt | Vivo Box , Charger Sim Injector Tool & Phone | Vivo Mobile | Mobile Phone On Easy Installment | Whatsapp , Youtube Facebook & Tiktok Working",8812.0,5.0,1,19,mobiles
Infinix Smart 10 4GB+64GB - PTA APPROVED,28499.0,5.0,21,925,mobiles
American Schok Volt SV55 Mobile Phone | No Sims(WiFi Only) | Android 11 | Free Compatible Charger | Snapdragon 425 | Best Economical Smart Mobile Phone | Mobile Phones Low Price | Globally Customized,6375.0,0.0,0,0,mobiles
Global Variant Vivo Y17 with Charger Handsfree Jelly Cover Sim Eject Tool - 8/256 (For user 4/128) ) - 5000 mah battery - Dual sim Approved - Vivo Mobile Phone Low Price - Installment Mobile - Budget Phone - Globally Customized,17997.0,4.0,271,10,mobiles
Infinix Smart 10 Plus 4GB+128GB - PTA APPROVED,31499.0,4.0,14,615,mobiles
BALMUDA A101BM  5G Cellphone | 128GB Storage | 6GB RAM | Qualcomm Snapdragon 765 | Single SIM | Official PTA Approved,32367.0,5.0,2,5,mobiles
Realme Note 60X 4GB/64GB,26999.0,0.0,0,44,mobiles
Vivo Mobile Phone Y85 Global Variant 4GB 64GB – Dual Sim Approved - Imported Model | Superior to Local | +Free Shockproof Jelly Cover | 13MP Dual Camera | with Charger & Handsfree | Best Discounted Price in Pakistan | Vivo Y85 Globally Customized,14999.0,4.0,410,14,mobiles
Motorola One Ace 5G 4/64GB | Single Sim | Mobile Phone,33999.0,0.0,0,0,mobiles
American Schok Volt SV55 Mobile Phone | No Sims(WiFi Only) | Android 11 | Free Compatible Charger | Snapdragon 425 | Best Economical Smart Mobile Phone | Mobile Phones Low Price | Globally Customized,6990.0,5.0,1,0,mobiles
Redmi A5 4GB+128GB - PTA APPROVED,29799.0,5.0,16,11,mobiles
Vivo Y19s - 6.74 Inches IPS LCD Display - 8+1GB RAM - 256GB Storage (128GB Usable + 128GB System Reserved) - Official PTA Approved - Fingerprint Sensor - (Phone and Universal Box. No Charger and No Accessories Included - Mix Color),25999.0,0.0,0,0,mobiles
Tecno Camon 40 Pro 8GB+256GB PTA APPROVED,64999.0,5.0,146,47,mobiles
Tecno Spark 50 6GB / 128GB,41250.0,5.0,2,37,mobiles
American Schok Volt SV55 Mobile Phone - No Sims(WiFi Only) - 2Gb Ram - 16Gb Rom - Android 11 - Snapdragon 425 - Best Economical Smart Mobile - Phone Multi Colour (Phone Only - Box Charger Accessoires Not Included),6499.0,0.0,0,0,mobiles
Infinix Hot 60i 6GB+128GB PTA APPROVED,41499.0,4.0,13,454,mobiles
Infinix Note Edge 8GB / 256GB,73999.0,5.0,5,64,mobiles
"Vivo Y20s | 8GB Ram 128GB Storage | 5000 MAH Battery + 18w Fast Charging | PTA Approve | Side FingerPrint | 6.51"" HD+ Halo Big Display | 13MP AI Triple Camera | Phone, Box, Charger | Mobile Phone On Installment",20360.0,3.0,2,7,mobiles
Y66 128GB /6GB RAM / 2sim/ 4G LTE/ BEST for low budget/ COMPLETE BOX N ACCESSORIES,9025.0,0.0,0,0,mobiles
Vivo Y19s - 6.74 Inches IPS LCD Display - 8+1GB RAM - 256GB Storage - Official PTA Approved - Fingerprint Sensor - (Phone and Universal Box. No Charger and No Accessories Included - Mix Color),29999.0,0.0,0,0,mobiles
Infinix Note 60 Pro 8GB / 256GB with Free Powerbank,103999.0,4.0,18,94,mobiles
Vivo Y19 | 4GB RAM | 128GB Storage | Dual Sim | PTA Approve | 5000 MAH Big Battery | Dual Speaker | FingerPrint + Face Unlock | Vivo Mobile On Installment,15905.0,0.0,0,0,mobiles
VGOTEL FLEX 3 = 3GB RAM = 32GB ROM = 5000mAh BATTERY,19999.0,0.0,0,0,mobiles
Redmi 15C 4GB +128GB - PTA APPROVED,33499.0,5.0,11,385,mobiles
Redmi A5 4 GB RAM ROM 64 Non Scanned - Non Active - PTA APPROVED,26399.0,4.0,64,39,mobiles
Vivo Y17 Phone | 4GB RAM 128GB Storage | 5000 MAH Battery | Dual Sim | 6 Inch Big Notch Display | FingerPrint Sensor | Fast Charging Option | PTA Approve × Memory Card Support | Box Charger & Phone | Mobile Phone On Installment,15778.0,0.0,0,0,mobiles
Samsung Galaxy A07 4GB+64GB - PTA APPROVED,27199.0,4.0,286,64,mobiles
Infinix Note 60 8GB+256GB,81799.0,5.0,1,26,mobiles
Oppo A31 (CPH2015) - 6.5 Inches Display - 8GB RAM - 256GB ROM (128GB Usable + 128GB System Reserved) - Dual SIM (Official PTA Approved) - 12MP+2MP+8MP Camera - Mix Color (Phone with Box Charger - No Accessories Included),19999.0,5.0,1,0,mobiles
Samsung Galaxy A07 - 6.7'' Display 4GB RAM 64GB ROM 50MP Rear Camera 5000mAh Battery PTA Approved 1 Year Official Brand Warranty,30880.0,5.0,1,0,mobiles
Sony Xperia XZ3 (H9436) - 4gb/64gb - Global Version - Official PTA Approved,29799.0,4.0,5,19,mobiles
itel A100c - 2GB RAM 64GB ROM 6.56'' HD+ Display 500mAh Battery PTA Approved 1 Year Brand Warranty,21980.0,0.0,0,0,mobiles
Redmi 15 8GB+128GB - PTA APPROVED,45649.0,5.0,33,465,mobiles
Imported ViVo S1 with Box Dual Engine Fast Charger Back Jelly Cover Handsfree Sim Eject Tool - 8/256 RAM ROM (for user 6/128) - Super AMOLED Display - Dual Sim Approved - Vivo Mobile Phone - Vivo Phone - Budget Phone - 4G Mobile - Globally Customized,21993.0,4.0,64,278,mobiles
Vivo S1 6.38 Inches Super AMOLED Display - 8GB RAM 256GB ROM - 16MP + 8MP + 2MP + 32MP Camera - Official PTA Approve - Dual SIM (WIth Box Charger Only Accessoires Not Included - Multi Color),24999.0,5.0,2,19,mobiles
Tecno Spark GO 3 4/64,27999.0,5.0,22,810,mobiles
Xiaomi POCO C85,42749.0,5.0,4,26,mobiles
"Oneplus Nord N10 5G (BE2029/BE2028) - Single Sim - 6.49 Inches Full HD+ 90Hrz Display - 6GB RAM + 128GB ROM - Fingerprint Sensonr - Official PTA Approved - 100% Original (Imported Stock, Phone Only, No Box, No Charger, No Accessories Included)",34999.0,5.0,1,0,mobiles
Tecno Spark GO 3 4/128,31399.0,5.0,15,569,mobiles
Vivo Y66 | 100% Inspected Fresh Stock | 4GB RAM 64GB ROM(3/32 for user) | 13MP Camera | Dual Sim Approved | With Box & Charger | Premium Quality |  Vivo Mobile Phone | Globally Customized,9999.0,4.0,191,761,mobiles
Infinix Note Edge 8GB / 256GB,73999.0,5.0,5,64,mobiles
Infinix Note 60 Pro 8GB / 256GB with Free Powerbank,103999.0,4.0,18,94,mobiles
Infinix Note 60 8GB+256GB,81799.0,5.0,1,26,mobiles
Global Variant Vivo Y17 with Charger Handsfree Jelly Cover Sim Eject Tool - 8/256 (For user 4/128) ) - 5000 mah battery - Dual sim Approved - Vivo Mobile Phone Low Price - Installment Mobile - Budget Phone - Globally Customized,17997.0,4.0,271,10,mobiles
Infinix Hot 60i 6GB+128GB PTA APPROVED,41499.0,4.0,13,454,mobiles
Tecno Camon 40 Pro 8GB+256GB PTA APPROVED,64999.0,5.0,146,47,mobiles
Infinix Smart 10 Plus 4GB+128GB - PTA APPROVED,31499.0,4.0,14,615,mobiles
Samsung Galaxy A07 4GB+64GB - PTA APPROVED,27199.0,4.0,286,64,mobiles
Vivo Mobile Phone Y85 Global Variant 4GB 64GB – Dual Sim Approved - Imported Model | Superior to Local | +Free Shockproof Jelly Cover | 13MP Dual Camera | with Charger & Handsfree | Best Discounted Price in Pakistan | Vivo Y85 Globally Customized,14999.0,4.0,410,14,mobiles
Infinix Smart 10 4GB+64GB - PTA APPROVED,28499.0,5.0,21,925,mobiles
Infinix Hot 60 Pro Plus 8GB+256GB PTA APPROVED,61899.0,4.0,21,276,mobiles
Infinix GT 50 Pro 12GB / 256GB,159999.0,0.0,0,0,mobiles
Tecno Spark 50 6GB / 128GB,41250.0,5.0,2,37,mobiles
Realme Note 70 Smartphone 6GB RAM 128GB ROM,37999.0,5.0,1,19,mobiles
Imported ViVo S1 with Box Dual Engine Fast Charger Back Jelly Cover Handsfree Sim Eject Tool - 8/256 RAM ROM (for user 6/128) - Super AMOLED Display - Dual Sim Approved - Vivo Mobile Phone - Vivo Phone - Budget Phone - 4G Mobile - Globally Customized,21993.0,4.0,64,278,mobiles
Samsung Galaxy A07 4GB+128GB - PTA APPROVED,32499.0,4.0,145,43,mobiles
realme C85 8GB RAM + 256GB ROM,61999.0,4.0,1,0,mobiles
Google Pixel 7 Pro Official PTA Approved 12GB RAM 128GB/256/512GB ROM Dual Sim,108000.0,0.0,0,0,mobiles
Tecno Spark GO 3 4/64,27999.0,5.0,22,810,mobiles
Infinix Hot 60 Pro 8GB+128GB - PTA APPROVED,52499.0,5.0,8,84,mobiles
realme C75 8GB RAM + 128GB ROM,44999.0,4.0,10,53,mobiles
Tecno Spark GO 3 4/128,31399.0,5.0,15,569,mobiles
Samsung Galaxy A17 6GB + 128GB PTA APPROVED,51999.0,4.0,33,772,mobiles
Samsung Galaxy A07 6GB+128GB PTA APPROVED,38499.0,4.0,124,38,mobiles
OPPO A6 8GB + 256GB,60499.0,5.0,1,27,mobiles
"Samsung Galaxy S24 Ultra (12GB RAM, 256GB Storage)",350000.0,5.0,1,0,mobiles
vivo Y31d - 7200 mAh BlueVolt Battery - Snapdragon 6s Gen 2 4G - IP68 & 69 Dust and Waterproof - OriginOS 6.0 New System,65999.0,4.0,2,0,mobiles
"Samsung Galaxy S22 Ultra Official PTA Approved Dual SIM - 128GB, 256GB, and 512GB",180000.0,0.0,0,0,mobiles
OPPO A5 Pro | 8GB RAM + 128GB ROM - Active (Open Box),40999.0,5.0,7,70,mobiles
Infinix Note 60 Edge 5G - 6.78'' AMOLED Display 8GB RAM 256GB ROM  6500mAh Battery PTA Approved 1 Year Official Brand Warranty,83980.0,0.0,0,0,mobiles
vivo V70 FE  5G - 8GB RAM - 256GBGB ROM - 200MP OIS Ultra clear Camera - 7000 mAh Battery - MTK Dimensity 7360 Turbo,124999.0,0.0,0,0,mobiles
Samsung Galaxy A17 8GB + 256 GB,59199.0,4.0,92,23,mobiles
Redmi A5 4GB+128GB - PTA APPROVED,29799.0,5.0,16,11,mobiles
Tecno Camon 50 PRO 8GB/256GB,82249.0,4.0,4,35,mobiles
vivo Y05 - (4+4)GB Extended RAM - 64GB / 128GB ROM - 13MP Rear Camera - 6500mAh Battery -  Side FingerPrint,36999.0,5.0,2,11,mobiles
Google Pixel 8 Pro | 12GB RAM | 256GB & 128GB storage | dual sim approved | 5050 mAh battery | OLED display | 2023 model new phone without box | Al-Aswad Tech,119999.0,5.0,6,24,mobiles
vivo Y31d - 7200 mAh BlueVolt Battery - Snapdragon 6s Gen 2 4G - IP68 & 69 Dust and Waterproof - OriginOS 6.0 New System,57999.0,0.0,0,0,mobiles
OPPO Reno13 5G | 12GB RAM + 256GB ROM - Refurbished (Open Box),97999.0,0.0,0,0,mobiles
Google Pixel 6 Official PTA Approved 8GB Ram 128GB Rom Dual Sim,68000.0,0.0,0,0,mobiles
"Vivo Y66 | Dual Sim | PTA Approve | 4GB Ram 64GB Storage | Long Lasting 3000 MAH Battery | Memory Card Suppirt | Vivo Box , Charger Sim Injector Tool & Phone | Vivo Mobile | Mobile Phone On Easy Installment | Whatsapp , Youtube Facebook & Tiktok Working",8812.0,5.0,1,19,mobiles
Google Pixel 7 Pro – 6.7″ QHD+ 120Hz | dual sim approved | Tensor G2 | 50MP Triple Camera |  12GB RAM | 128 and 256GB Storage  5000mAh with Fast Wired & Wireless Charging | just like new condition without box,89999.0,0.0,0,0,mobiles
Vivo Y20s Mobile Phone | 8GB RAM 256GB ROM(For User 4/128) | Android 10 | 5000mAh Battery | Vivo Mobile Phone | Triple Camera | Dual Sim Approved | With Charger Jelly Cover & Handsfree | Globally Customized,19999.0,0.0,0,0,mobiles
Google Pixel 9 PRO XL | 16GB RAM | 256GB STORAGE | Dual sim approved | flagship model |,198499.0,5.0,0,0,mobiles
"Vivo Y19 (6GB RAM/128GB ROM) - 5000mAh Battery - Dual Sim Approved - Full Box with Fast Charger, Handsfree & Jelly Cover - Installments Mobile Phone - Daraz Like New - Vivo Mobile Phone - Globally Customized",20994.0,3.5,15,60,mobiles
"Samsung Galaxy s22 ultra | 12GB Ram | 128GB, 256GB, 512GB | official PTA approved | without box",154499.0,5.0,2,5,mobiles
Google Pixel 6a | 6GB ram | 128GB storage | dual sim approved | 4410mAh battery | original phone without box,48999.0,4.0,12,48,mobiles
"Vivo Y20s | 8GB Ram 128GB Storage | 5000 MAH Battery + 18w Fast Charging | PTA Approve | Side FingerPrint | 6.51"" HD+ Halo Big Display | 13MP AI Triple Camera | Phone, Box, Charger | Mobile Phone On Installment",20360.0,3.0,2,7,mobiles
Google Pixel 6 | 8GB Ram | 128GB storage | dual sim | just like new condition | without box |,54999.0,0.0,0,0,mobiles
"Google Pixel 9 Pro XL | 128GB, 256GB and 512GB | official PTA approved | 16GB Ram | without box",214999.0,0.0,0,0,mobiles
Google Pixel 9 Pro XL Official PTA Approved 16 GB - 128/256 GB Dual Sim,208000.0,0.0,0,0,mobiles
Google Pixel 7 | 8GB Ram | 128GB storage | dual sim approved | Tensor G2 chipset | 10/10 condition | just like new condition without box,61999.0,5.0,1,6,mobiles
"Infinix Note 60 Pro 5G 8GB + 8GB Ram 256GB Rom || 6.78 Inches AMOLED 144Hz 1.5K Display || IP64 , Snapdragon 7s Gen 4 || 6500 mAh Fast Charging 90W || Wireless 30W,",119999.0,0.0,0,0,mobiles
Samsung Galaxy S23 Ultra Official PTA Approved Dual SIM - 256GB and 512GB,260000.0,5.0,0,0,mobiles
Google Pixel 8a | 8GB Ram | 128GB storage | dual sim | just like new condition | without box,84999.0,0.0,0,0,mobiles
Vivo Y31d - 8GB RAM 128GB ROM 7200mAh Battery 44w Fast Charge PTA Approved 1 Year Official Brand Warranty,59980.0,0.0,0,0,mobiles
Vivo Y19s - 6.74 Inches IPS LCD Display - 8+1GB RAM - 256GB Storage (128GB Usable + 128GB System Reserved) - Official PTA Approved - Fingerprint Sensor - (Phone and Universal Box. No Charger and No Accessories Included - Mix Color),25999.0,0.0,0,0,mobiles
Google Pixel 7 Pro | official PTA approved | 12GB Ram | 128GB & 256GB storage | just like new condition without box,109999.0,0.0,0,0,mobiles
vivo V70 FE  5G - 12GB RAM - 256GBGB ROM - 200MP OIS Ultra clear Camera - 7000 mAh Battery - MTK Dimensity 7360 Turbo,139999.0,0.0,0,0,mobiles
Vivo Y19s - 6.74 Inches IPS LCD Display - 8+1GB RAM - 256GB Storage - Official PTA Approved - Fingerprint Sensor - (Phone and Universal Box. No Charger and No Accessories Included - Mix Color),29999.0,0.0,0,0,mobiles
Y66 128GB /6GB RAM / 2sim/ 4G LTE/ BEST for low budget/ COMPLETE BOX N ACCESSORIES,9025.0,0.0,0,0,mobiles
American Schok Volt SV55 Mobile Phone | No Sims(WiFi Only) | Android 11 | Free Compatible Charger | Snapdragon 425 | Best Economical Smart Mobile Phone | Mobile Phones Low Price | Globally Customized,6375.0,0.0,0,0,mobiles
Tecno Camon 40 PRO || 16GB (8GB + 8GB EXTENDED) RAM + 256GB ROM || 5200mAh Battery,72500.0,5.0,2,0,mobiles
Imported Oppo A57 Gifts(Charger Jelly Cover Sim Eject Tool)- Dual Sim IMEI Approved - 4/64 Memory ( For User 3/32) - 3GB RAM Mobile - Snapdragon Processor Mobile - Oppo Mobile - Oppo Phone - Mobile Phone on Installment - Budget Phone - 4G Mobile,9999.0,4.0,92,282,mobiles
Daraz Like New Phone - Google Pixel 10 Pro XL - 256GB - Dual Esim (PTA APPROVED) - WITH CHARGER AND COVER,245999.0,0.0,0,0,mobiles
vivo X200 FE - 12GB RAM - 512GB - 100X ZEISS Telephoto Zoom - 6500mAh Battery - 90W FlashCharge,219999.0,0.0,0,0,mobiles
vivo V70 - 12GB RAM - 256GB/512GB ROM - 50MP ZEISS Camera - 6500 mAh Battery - SDM 7 Gen 4 Processor,179999.0,5.0,1,7,mobiles
Vivo V70 - 12GB RAM 256/512GB ROM 6.59'' AMOLED Display 6500 mAh Battery 90w Charge PTA Approved 1 Year Official Brand Warranty,175980.0,0.0,0,0,mobiles
Infinix Hot 60 Pro Plus - 6.78'' 3D-Curved AMOLED Display 8GB RAM 256GB ROM 5160mAh Battery 45w FastCharge PTA Approved 1 Year Official Brand Warranty,69980.0,0.0,0,0,mobiles
"Samsung Galaxy S23 Ultra | 12GB & 8GB RAM 512GB & 256GB storage, S Pen Precision, and Immersive Dynamic AMOLED 2X Display.",240000.0,5.0,2,0,mobiles
Vivo Y400 - 8GB RAM 256GB ROM 6.67'' AMOLED Display 44w Fast Charge 6000mAh Battery PTA Approved 1 Year Official Brand Warranty,79980.0,5.0,3,14,mobiles
Vivo Y19 | 4GB RAM | 128GB Storage | Dual Sim | PTA Approve | 5000 MAH Big Battery | Dual Speaker | FingerPrint + Face Unlock | Vivo Mobile On Installment,15905.0,0.0,0,0,mobiles
Redmi Note 15 Pro Plus || 12GB Ram 512GB Rom || 6500mAh Battery,154999.0,0.0,0,0,mobiles
OnePlus 10 Pro Dual Sim Official PTA Approved (DUTY PAID) 12GB Ram 256/512 GB Rom,192000.0,5.0,3,0,mobiles
Infinix Note 60 Pro 8GB RAM 256GB ROM Front Camera 13MP Back Camera 50MP 6500mAh  Battery One Year Brand Warrenty,105990.0,0.0,0,5,mobiles
Google Pixel 9 | 12GB RAM | 128GB storage | dual sim approved | WITHOUT BOX | latest model,139999.0,0.0,0,0,mobiles
Oppo Reno 15 5G 12GB / 512GB,160000.0,0.0,0,0,mobiles
INFINIX Note 60 Pro || 8GB+8GB Ram 256GB Rom || 6500mAh Battery,119999.0,0.0,0,0,mobiles
Samsung Galaxy A17 - 8GB RAM 256GB ROM 6.7'' AMOLED Display 500mAh Battery PTA Approved 1 Year Official Brand Warranty,65980.0,5.0,3,9,mobiles
Google Pixel 6 Pro Official PTA Approved 12GB Ram 128/256/512GB Rom Dual Sim,92000.0,0.0,0,0,mobiles
Infinix Note 60 Pro - AMOLED LCD - 6.78 Inches Display - 8GB RAM 256GB ROM - 13MP Front Camera - 50MP + 8MP Rear Camera - Dual SIM - 6500mAh Battery,113999.0,0.0,0,0,mobiles
Google Pixel 7A | official PTA approved | 8GB Ram | 128GB Storage | just like new condition without box,66999.0,5.0,4,14,mobiles
Oppo F15 Global Variant 8GB RAM 256GB ROM(128Gb for User) | 48MP AI Camera | VOOC Flash Charge 4.0 | Complete Box with Fast Charger & Handsfree | Premium Import Quality | Best Performance Mobile - Globally Customized,29994.0,4.0,29,98,mobiles
Tecno Camon 40 PRO || 16GB (8GB + 8GB EXTENDED) RAM + 256GB ROM || 5200mAh Battery,73500.0,5.0,1,0,mobiles
"Vivo V15 Mobile Phone Global Variant - 8/256 Ram ROM(For User 6/128) - Pop-Up Selfie Camera 32MP - Dual SIM Approved -  Free Accessories Included  - Vivo Mobile Phones Low Price - Best Price in Pakistan on Daraz"" - Globally Customized",26007.0,5.0,3,6,mobiles
Motorola Mobile Phone Moto G Play 2024 - Tot 8GB RAM(4+4) - No Sims(WiFi Device) - Free Accessories - Android 14 - Snapdragon 680 - PubG Around 60 Fps - 50MP Camera - 5000mAh Battery - 90Hz Display - Motorola Mobile Phones Low Price  - Globally Customized,20994.0,4.0,7,13,mobiles
Samsung Galaxy S22 Ultra 12GB RAM 512GB ROM | Official PTA Approved | 5G Smartphone | 108MP Camera | S-Pen Built-in,175000.0,0.0,0,0,mobiles
Tecno Camon 50 Ultra 5G 12GB RAM 256GB ROM Front Camera 50 MP Back Camera 50 MP 6500 mAh Battery One Year Brand Warenty,131499.0,0.0,0,0,mobiles
Motorola Edge Plus | 256GB Storage | 12GB RAM | Snapdragon 865 | 5000 mAh Battery | 108MP Camera | Official PTA Approved | Mobile Phone,81999.0,4.0,11,13,mobiles
"Vivo Y71 6/128 Ram Rom(3/32 for user) - Complete Box Set with Free Charger, Handsfree, Jelly Cover & Sim Tool - Dual Sim Approved Best Budget Smartphone Deal | Limited Time Discount",11994.0,4.0,16,60,mobiles
Original OnePlus N200 5G Global Variant | 7GB RAM (4+3) | Fast Charger + Handsfree | Single Sim Approved - Best Price - Globally Customized,27996.0,5.0,1,5,mobiles
"Schok Volt SV55 | 2GB Ram 16GB Storage | Andriod Version 11 | Type-C Cable | Non PTA Approve | 3000 MAH Long Lasting Battery | Youtube, Tiktok, FaceBook Working | Amrican Phone | Orginial Stock",5842.0,0.0,0,9,mobiles
Infinix NOTE 50 || 8GB + 8GB RAM + 256GB ROM || 5200mAh Battery One Year Brand Warranty,82000.0,5.0,3,10,mobiles
"Infinix Note 60 5G 8GB + 8GB Ram 256GB Rom || 6.78 Inches AMOLED 144Hz 1.5K Display || IP64 , Mediatek Dimensity 7400 Ultimate || 6500 mAh Fast Charging 45W || Wireless 30W",94999.0,0.0,0,0,mobiles
Motorola Mobile Moto G Power 2024 | Dimensity 7020 Processor | 120Hz Display | Android 14/15 | TOT 16GB RAM (8+8) | American Stock Global Variant | WiFi Device(No Sims) | Free Accessories | Best Mobile Phones Low Price,26007.0,0.0,0,0,mobiles
Infinix Note 50 Pro - 12GB RAM 256GB ROM 6.78'' FHD+ AMOLED Display 50MP Rear Camera 5200mAh Battery PTA Approved 1Year Offical Brand Warranty,99980.0,5.0,1,0,mobiles
Daraz Like New Phones - Oppo F15 || 8GB RAM || 256GB Storage Dual SIM Approved - FREE CHARGER AND COVER,21999.0,3.0,2,17,mobiles
Google Pixel 6 | official PTA approved | 8GB Ram | 128GB Storage | just like new condition without box,61999.0,0.0,0,0,mobiles
Samsung Galaxy Z Fold 6 12GB RAM 512GB ROM 4400 mAh Battery 12 MP + 50 MP + 10 MP Back Camera 4 MP + 10 MP  Front Camera  1 Year Samsung PK Warranty,534499.0,0.0,0,0,mobiles
Motorola Mobile Moto G Power 2024 5G | Dimensity 7020 | 120Hz Display | Android 14/15 | TOT 16GB RAM (8+8) | eSim + Physical Sim | Dual Sim Approved | Free Accessories | Best Mobile Phones Low Price | Globally Customized,39999.0,5.0,1,6,mobiles
realme 14 5G 12GB RAM + 512GB ROM,99999.0,4.0,3,12,mobiles
"Redmi Note 12 _ 6.67"" Inch Display _ 8GB RAM _ 128GB _ Pta Approved",46100.0,0.0,0,0,mobiles
Realme C71 Smartphone 6.5 Inch LCD 90Hz Ultra Smooth Display 48MP AI Quad Camera 8 GB RAM 128 GB ROM 5000mAh Battery,44999.0,4.0,4,17,mobiles
Vivo Y17 Phone | 4GB RAM 128GB Storage | 5000 MAH Battery | Dual Sim | 6 Inch Big Notch Display | FingerPrint Sensor | Fast Charging Option | PTA Approve × Memory Card Support | Box Charger & Phone | Mobile Phone On Installment,15778.0,0.0,0,0,mobiles
Vivo V50 Lite 5G 12GB + 12GB Expandable RAM 256GB ROM 6.77″ AMOLED Display 120 Hz  IP65  6500 mAh Battery 90W Fast Charge,104999.0,0.0,0,0,mobiles
Motorola Mobile Moto G Play 2024 - Tot 8GB RAM (4+4) - 64 Gb - Single Sim Approved - Snapdragon 680 - PubG Around 60 Fps - 50MP Camera - 5000mAh Battery - 90Hz Display - Motorola Mobile - Globally Customized,27996.0,0.0,0,5,mobiles
realme C85 Pro 8GB RAM + 256GB ROM,64999.0,5.0,1,16,mobiles
Daraz Like New Phone - Google Pixel 9 pro XL - 16gb / 128gb - Tensor G4 - 6.8' OLED Display - PTA APPROVED - With free cover and charger,184999.0,0.0,0,0,mobiles
Sumsung Galaxy S23 Ultra 12GB / 512GB OFFICAIL PTA APPROVED,285000.0,0.0,0,0,mobiles
Infinix Note Edge 5G || 8GB+8GB Ram 256GB || 6500mAh Battery,85999.0,0.0,0,0,mobiles
Google Pixel 7 Official PTA Approved 8 GB - 128/256 GB Dual Sim,76000.0,0.0,0,0,mobiles
Itel City 200 4GB RAM 128GB ROM Front Camera 8MP Back Camera 50MP 520018 mAh Battery One Year Brand Warenty,31500.0,0.0,0,0,mobiles
Tecno Camon 50 Pro || 8GB+8GB Ram 256GB Rom || 6500mAh Battery,95999.0,0.0,0,0,mobiles
Realme 5i - 6.52 Inches IPS LCD Display - 6GB RAM - 128GB Storage - Official PTA Approved - Fingerprint Sensor - Snapdragon 665 - (Phone And Charger Only.No Box and No Accessories Included - Mix Color),19999.0,0.0,0,0,mobiles
OPPO A6s Pro 8GB+256GB,92499.0,0.0,0,0,mobiles
Honor X9d - 6.79 Inches Display - 12GB RAM 256GB ROM - 16MP Front Camera - 108MP+5MP Rear Camera - Dual SIM - 8300mAh Battery,116999.0,0.0,0,0,mobiles
Google Pixel 7A | 128GB Storage | 8GB RAM | Google Tensor G2 | 64 MP Dual Camera | 4385 mAh Battery | Dual SIM | Official PTA Approved,64500.0,0.0,0,0,mobiles
Daraz Like New Phone - Google Pixel 9 pro XL - 16GB / 256GB - OFFICIAL PTA APPROVED - SIX MONTHS WARRANTY,249999.0,5.0,1,0,mobiles
realme C75x 6GB RAM + 128GB ROM,43999.0,5.0,6,21,mobiles
American Schok Volt SV55 Mobile Phone | No Sims(WiFi Only) | Android 11 | Free Compatible Charger | Snapdragon 425 | Best Economical Smart Mobile Phone | Mobile Phones Low Price | Globally Customized,6990.0,5.0,1,0,mobiles
"Vivo V15 - 6.53 Inches Full HD+ Display - Dual Sim Official PTA Approved - 8GB RAM - 256GB ROM - Motorize Popup Front 32MP Camera - Dual Engine Fast Charging (Phone with Imported Box, Charger) - Mix Color",23999.0,4.0,7,16,mobiles
Google Pixel 6 pro | official PTA approved | 12GB Ram | 128GB  & 256GB storage | just like new condition without box,86999.0,0.0,0,0,mobiles
Sony Xperia 1 Mark 3 - RAM 12GB - ROM 256GB - 4500mAh Battery - 6.5 Inch Display - Dust & Water Resistant - Official PTA Approved,76304.0,5.0,1,0,mobiles
Vivo S1 6.38 Inches Super AMOLED Display - 8GB RAM 256GB ROM - 16MP + 8MP + 2MP + 32MP Camera - Official PTA Approve - Dual SIM (WIth Box Charger Only Accessoires Not Included - Multi Color),24999.0,5.0,2,19,mobiles
Samsung Galaxy Z Flip 6 12GB RAM 512GB ROM 50 MP + 12 MP Back Camera 4000 mAh Battery 1 Year Samsung PK Warranty,345000.0,0.0,0,0,mobiles
Samsung Galaxy S25 Ultra || 12GB RAM 512GB ROM ||  Qualcomm Snapdragon 8 Elite (3nm) Processor ||  UHD 8K Back Video Recording || 200.0 MP Camera || 6.9 Inches Display,393000.0,0.0,0,0,mobiles
"Oppo Reno2 Z - 6.53 Inches Full HD+ AMOLED Display - 8GB RAM - 256GB ROM (128GB Usable) - 16MP Motorize Popup Camera - Dual Sim PTA Approved - Phone with Box Only, Accessories Not Included) - Multi Color",31999.0,5.0,3,18,mobiles
Realme GT7 12GB RAM 512GB ROM - PTA APPROVED,199998.0,4.0,23,81,mobiles
Infinix Note 60 Pro - 6.78 Inches Display - 8GB RAM 256GB ROM - 13MP Front Camera - 50MP + 8MP Rear Camera - Dual SIM - 6500mAh Battery,111499.0,0.0,0,0,mobiles
Samsung Galaxy A55 5G RAM 8 GB ROM 256 GB Front Camera 32 MP Back Camera	50 MP + 12 MP + 5 MP  Battery Type	5000 mAh,112999.0,5.0,2,11,mobiles
"Infinix Note 50 8GB+8GB Extended RAM 256GB Rom , 6.78” AMOLED  Display 144Hz , IP64 , 5200 mAh - 45W Super Charge",77999.0,0.0,0,0,mobiles
Moto Stylus 2024 5G - 6.7 Inches Full FHD+ Display - 8GB RAM 128GB ROM - Sim Lock - Snapdragon 6 Gen 1 - In-Screen Fingerprint Sensor - Mix Color (Phone Only - Box Charger Accessoires Not Included),39999.0,0.0,0,0,mobiles
Samsung Galaxy A56 5G    12GB RAM 256GB  Rom     50MP + 12MP + 5MP Back Camera  5000 mAh Battery    1 Year Brand Warranty,142999.0,5.0,1,0,mobiles
"Redmi Note 14 8GB + 256GB  ,6.67"" AMOLED display 120Hz, IP54,108MP main 20MP front , 5500 mAh battery 33W Turbo",63999.0,4.0,2,0,mobiles
Google Pixel 9A | 8GB Ram | 128GB storage | new condition | dual sim approved | without box,124999.0,0.0,0,0,mobiles
Samsung Galaxy A57 5G 8GB RAM 256GB ROM 50.0 MP + 12.0 MP + 5.0 MP Back Camera 5000 mAh Battery 1 Year Brand Warranty,175899.0,0.0,0,0,mobiles
Vivo Y31d - IPS LCD - 6.75 Inches Display - 8GB RAM 128GB/256GB ROM - 8MP Front Camera - 50MP+2MP Rear Camera - Snapdragon® 6s Gen 2 4G Mobile Platform Chipset - Dual SIM - 7200mAh Battery,65999.0,0.0,0,0,mobiles
Vivo Y31d - 8GB RAM 256GB ROM 6.75'' Display 7200mAh Battery 44w Fast Charge PTA Approved 1 Year Official Brand Warranty,78980.0,0.0,0,0,mobiles
Daraz Like New Phones - Vivo V30e - 6.78 Inches Display - 8GB RAM 256GB ROM - 32MP Front Camera - 50MP + 8MP Rear Camera - Dual SIM - 5500mAh Battery With FREE COVER AND FREE CHARGER,92999.0,0.0,0,0,mobiles
Infinix NOTE 50 || 8GB + 8GB RAM + 256GB ROM || 5200mAh Battery,82000.0,0.0,0,0,mobiles
vivo X300 Pro - 200MP ZEISS APO Telephoto Camera - Dimensity 9500 & Pro Imaging Chip VS1 - 6510mAh Battery & 90W FlashCharge,349999.0,0.0,0,0,mobiles
Vivo Y91 - 6.22 Inches IPS LCD Display - 6GB RAM - 128GB Storage - Official PTA Approved - Helio P22 Processor - (Phone and Box Charger. No Accessories Included - Mix Color),13999.0,0.0,0,0,mobiles
Vivo Y11d - IPS LCD - 6.74 Inches Display - 6GB RAM 128GB ROM - 5MP Front Camera - 50MP + 0.08MP Rear Camera - Unisoc T7225 Chipset - Dual SIM - 6500mAh Battery,53499.0,0.0,0,0,mobiles
"Amazon Tablets Fire 7 (5th Generation) - Ready to Use | Youtube, TikTok & Instagram Installed | AmazonTablets for Kids Low Price | Includes Free Charger + Surprise Gift! - Globally Customized",6190.0,5.0,6,24,mobiles
Google Pixel 8 Pro | 12GB Ram | 128GB/256GB storage | Official PTA approved | Without box,144999.0,0.0,0,0,mobiles
OPPO A31 orignal 4GB ram 128GB memory double sim fingerprint (without box),15599.0,3.0,1,6,mobiles
Daraz Like New Mobile - Oppo Reno z2 8GB Ram 128 - 256GB Rom AMOLED display Andriod 10 Fingerprint indisplay front pop-up Camera with ( FREE CHARGER AND FREE COVER  ),26999.0,4.0,2,7,mobiles
"[NON PTA] Vivo S1 Pro - 6.38 Inches FHD+ AMOLED Display - 8GB RAM - 128GB ROM - Fingerprint In-Screen - Qualcomm Snapdragon 665 Processor (Phone Only, No Box, No Charger Included) - Color Mix",15999.0,0.0,0,0,mobiles
Tecno Camon 40 PRO || 16GB (8GB + 8GB EXTENDED) RAM + 256GB ROM || 5200mAh Battery,76000.0,5.0,2,0,mobiles
Itel City 200 - IPS LCD - 6.78 Inches Display - 4GB RAM 128GB ROM - 8MP Front Camera - 50MP Rear Camera - Unisoc T7250 Chipset - Dual SIM - 5200mAh Battery,30999.0,0.0,0,0,mobiles
INFINIX Note 60 Pro || 8GB+8GB Ram 256GB Rom || 6500mAh Battery,119999.0,0.0,0,0,mobiles
Realme C85 Pro - AMOLED LCD - 6.8 Inches Display -  8GB RAM 128GB/256GB ROM - 8MP Front Camera - 50MP Rear Camera - Qualcomm® Snapdragon™ 685 Mobile Platform Chipset - Dual SIM - 7000mAh Battery,62499.0,0.0,0,0,mobiles
Vivo V50 5G - 12GB RAM 256/512GB ROM 6.77'' 4D AMOLED Display 6000mAh Battery 90w Fast Charge PTA Approved 1 Year Official Brand Warranty,159999.0,5.0,6,13,mobiles
realme Note 60x Up to 3GB+5GB Dynamic RAM + 64GB ROM,25999.0,4.0,24,131,mobiles
OnePlus 7 Pro Dual Sim 8GB Ram 256GB Rom,78000.0,5.0,1,0,mobiles
"Imported Original Vivo Y71 Mobile | 100% INSPECTED | 6GB RAM | 128GB ROM(STORAGE) | 3360mAh Battery | Fresh Kit | Dual Sim PTA Approved | BEST FOR ADULT AND KIDS BOTH | Android 8 | Just Like New Condition | With Box, Charger, Cable & FREE Handsfree",10999.0,5.0,3,10,mobiles
"(Official PTA Approve) VivoY81 - 6.22"" HD Display - Dual Sim - 6GB RAM - 128GB ROM - Android Oreo - PTA Approved - Phone And Box Charger Only (, No Accessories Included)",12999.0,3.5,21,65,mobiles
Infinix Note 60 8GB RAM 256GB ROM Front Camera 13MP Back Camera 50MP 6500mAh Battery One Year Brand Warrenty,95999.0,0.0,0,0,mobiles
Redmi Note 14 Pro || 8GB RAM 256GB ROM || 6.67 Inches 120Hz AMOLED Capacitive Touchscreen || 200MP Back Camera || 5500 mAh Battery,77000.0,5.0,0,0,mobiles
"[Official PTA Approved] Vivo Y17 - 6.35 Inches HD+ Display - Dual Sim - 8GB RAM - 256GB ROM (128GB Usable + 128GB System Reserved) - 18w Dual Engine Fast Charging - Fingerprint Seneor (Phone with Box, Imported, Mix Color)",18999.0,4.0,46,178,mobiles
"Dell Chromebook 3180/3100 11.6 Inch HD , 4GB RAM, Windows 10, WiFi, New - 6 Months Warranty",8498.0,4.0,1333,47,laptops
HP Chromebook 11 G4 | 16GB Storage | 2GB RAM | 11.6″ Display | Factory Playstore | Black & Silver - Daraz Like New Laptops,7198.0,4.0,143,544,laptops
Daraz Like New Laptops  - Lenovo Chromebook 300E/500E X360 TOUCH SCREEN - 2027/2029 UPDATE -  Intel Celeron 4GB RAM 32GB Chrome OS,13298.0,4.0,237,983,laptops
HP EliteBook 840 G7 Intel® Core™ i5 10310U 10th Generation 16GB RAM 512GB SSD 14” FHD Win 11 Dos Silver - Daraz Like New Laptops,89999.0,5.0,3,8,laptops
"HP Intel Core i7-8th Generation | 16GB Ram , 512GB M2 SSD Hard | 2K Display | 3Hours+ Battery Backup | Back-Lit Keyboard | Fingerprint Scanner | FREE LAPTOP BAG | Charger Included | One Month Warranty",98500.0,4.0,12,25,laptops
HP Chromebook 11 G8 | 32GB Storage | 4GB RAM | 11.6″ Display | Playstore Supported Chromebook | Grey - Daraz Like New Laptops,9498.0,4.0,417,15,laptops
"HP Victus 16-D0023DX Gaming Laptop 11th Gen Core i5-11400H, 32GB DDR4, 512GB SSD, NVIDIA RTX3050 4GB, 16.1"" FHD IPS, Windows 11 Home",245000.0,0.0,0,0,laptops
HP ELITEBOOK 840-G7 10TH GENERATION | INTEL CORE-I5 | 10300u PROCESSOR | 16GB RAM | 512GB SSD | FHD | 14.1’INCH DISPLAY | SILVER | WIN11 PRO | REGISTERED (FREE LAPTOP BAG) - Daraz like new laptops,199999.0,4.5,1,5,laptops
"HP EliteBook 850 G3 Laptop | Intel Core i7 6th Gen | 8GB RAM 256GB SSD | 15.6"" Display | AMD 1GB + Intel HD Graphics | Backlit Keyboard",49999.0,0.0,0,0,laptops
Dell 7280 - Core i5 7th Generation - 8GB RAM - 256GB SSD - 12.5inch Screen - FREE LAPTOP BAG (Windows 11 Licensed) - Daraz like new laptops,45999.0,4.0,31,124,laptops
DELL INSPIRON 15 7567 GAMING SERIES LAPTOP INTEL CORE I5 7 GENERATION NAVEDIA GTX 1050 GAMING GPU 1 TB HD AND 256 GB SSD 16 GB RAM,112000.0,0.0,0,0,laptops
HP - 1040x360 - core i7 - 10th Generation - 16gb RAM - 512SSD - Free Laptop Bag - Daraz Like New Laptops,100000.0,0.0,0,0,laptops
HP ELITEBOOK 840-G5 8TH GENERATION  INTEL CORE-I5  8250u PROCESSOR  8GB RAM  256GB SSD  FHD  14.1’INCH (WINDOWS 11 ACTIVATED) FREE LAPTOP BAG - Daraz like new laptops,64999.0,4.0,16,40,laptops
"Gaming Laptop HP Victus 15-FB2082WM - 14th Gen - NVIDIA RTX 4050 6GB Graphics - Ryzen 5 8000 series - 8GB DDR4 - 512GB SSD - Backlit Keyboard - 15.6"" FHD IPS 144Hz - Daraz Like New Laptop",302500.0,5.0,2,0,laptops
HP Chromebook 11 G4 | 16GB Storage | 2GB RAM | 11.6″ Display | Playstore Supported Chromebook | Black - Daraz Like New Laptops,7299.0,5.0,7,26,laptops
"Lenovo Thinkpad T480 Ultra Book, Core i5 8th generation, 8GB DDR4 Ram, 256GB SSD, 14"" Led Display, Intel HD Graphics Windows 11 Licensed (FREE LAPTOP BAG) - Daraz like new laptops",54999.0,0.0,0,0,laptops
Samsung | Chromebook 500C | 16GB Storage | 4GB RAM | ‎1.6 GHz Intel Celeron | Dual Core | 11.6 Inch Display | Playstore Supported | Chromebook - Daraz Like New Laptops,9998.0,4.0,64,180,laptops
"HP ProBook 650-G3 Business Notebook Intel: i5-7Th Gen, 8GB, 256GB/SSD, DVDRW, WiFi+Bluetooth, Backlit-Keyboard, Webcam, 15.6"" FullHD, Windows 10 Pro-64 bit - Daraz Like New Laptops",58999.0,5.0,1,0,laptops
"Lenovo Thinkpad x270 Ultra Book, Core i5 7th generation, 8GB DDR4 Ram, 256GB SSD, 12.5"" Led Display, Intel HD Graphics Windows 11 Licensed (FREE LAPTOP BAG) - Daraz like new laptops - USED LAPTOPS",37999.0,4.0,3,8,laptops
Daraz Like New Laptop - Lenovo ThinkPad T450 - 14 Inch - Intel i5-5300U 2.30GHz - 8 GB RAM - 500GB HDD - Windows 10 Pro - FREE LAPTOP BAG,34999.0,0.0,0,0,laptops
Daraz Like New Laptops - HP Elitebook 840 G7  Intel Core I5-10TH GEN 8GB Ram  256GB SSD,90999.0,0.0,0,0,laptops
HP EliteBook 840 G5 – Business Class Performance,65000.0,0.0,0,0,laptops
Daraz Like New Laptops - Lenovo Thinkpad T480 - Core i5 8th Generation - 8GB DDR4 - 256GB SSD - 14inch Screen - FREE LAPTOP BAG,56999.0,5.0,1,8,laptops
"HP EliteBook 840 G6 - 14"" FHD Display - Intel Core i5 8th Gen - 8GB RAM - 256GB SSD - Backlit Keyboard - Fingerprint - Windows 10 Pro - Renewed Like New",82999.0,5.0,1,0,laptops
"Daraz Like New - HP EliteBook 850 G6 Core i5 8th Gen, 16GB RAM, 512GB SSD, 15.6″ FHD IPS LED - FREE LAPTOP BAG",79999.0,0.0,0,0,laptops
"HP ProBook x360 11 G5 EE 2-in-1 Touchscreen Laptop - 11.6"" HD Display - Intel Celeron N4120 - 8GB RAM - 128GB SSD - Windows 10 Pro - Renewed Like New",40999.0,0.0,0,0,laptops
HP ELITEBOOK 840-G5 ( TOUCH SCREEN ) 8TH GENERATION | INTEL CORE-I5 | 8250u PROCESSOR | 16GB RAM | 512GB SSD | FHD | 14.1’INCH DISPLAY | SILVER | WIN11 PRO | REGISTERED (FREE LAPTOP BAG),89999.0,4.0,19,57,laptops
"Lenovo ThinkPad T480 Core i5 8th Gen, 8GB RAM, 256GB SSD, 14″ FHD Like A New Laptop Screen LED",54999.0,5.0,2,7,laptops
Acer R11 Chromebook C738T Windows 10 converted Touch 360 rotateable,13000.0,0.0,0,0,laptops
Lenovo IdeaPad Core i5 11th gen,75000.0,0.0,0,0,laptops
HP Chromebook 11 G8 | 32GB Storage | 4GB RAM | 11.6″ Display | Playstore Chromebook | 2029 Updated- Daraz Like New Laptops,9999.0,4.0,34,167,laptops
"Daraz Like New Laptops - Lenovo ThinkPad T480 14""HD Display - Intel Core i5 (8th Gen) - 8 GB RAM - 256 GB SSD (Windows 11 Licensed) FREE LAPTOP BAG",51999.0,5.0,1,0,laptops
Lenovo Thinkpad i5 8th generation laptop,57999.0,0.0,0,0,laptops
DELL ORIGINAL CHROMEBOOK | 128GB STORAGE | WINDOWS 11 INSTALLED | 4 TO 6 HOURS BATTERY | 11.6 INCHES FULL HD DISPLAY | WITH FREE LAPTOP BAG & CHARGER INCLUDED,14424.0,5.0,7,19,laptops
Acer C720 ChromeBook Laptop - 4GB RAM / 128GB SSD Storage - Windows 10 Installed - Long Battery Life,18500.0,4.0,3,18,laptops
"USED - Lenovo ThinkPad L390 Core i5 8th Gen, 8GB, 512GB SSD, 14″ Screen IPS LED (Windows 11 Licensed) FREE LAPTOP BAG - Daraz like new laptops",53999.0,0.0,0,0,laptops
"Dell Latitude 5490 Ultra Book, Core i5 8th generation, 8GB DDR Ram, 256GB Solid State Drive SSD, 14.1"" FHD Led Display, Intel HD Graphics (Windows 11 Licensed) - Daraz like new laptops",57999.0,3.5,23,60,laptops
"Dell Chromebook Laptop Touch & Non-Touch Display 4/32 | Intel Inside Fast Performance Laptop | Slim Portable Student & Office Notebook | Online Classes, Freelancing, Study, Browsing, Zoom Meeting & Daily Use Laptop",13999.0,0.0,0,0,laptops
"Acer Chromebook | Windows 10 Professional | 4GB RAM | 128GB Storage | Latest Technology Laptop | Full HD 11.6"" Display | 6+ Hours Battery | INTEL Fast Processor | Slim Machine | Grey Color | FREE MOUSE & ORIGINAL CHARGER",14879.0,4.0,10,46,laptops
HP PROBOOK 640-G4 8TH GENERATION | INTEL CORE-I5 | 8250u PROCESSOR | 8GB RAM | 256GB SSD | FHD | 14.1’INCH DISPLAY | SILVER | WIN11 PRO | REGISTERED (FREE LAPTOP BAG) - Daraz like new laptops,60999.0,0.0,0,0,laptops
Heavy Gaming Laptop eid ul fitr offer HP EliteBook 830 G7 Intel Core i5 10th Generation | 4 Cores 8 Threads | 8 GB RAM DDR4 | 256 GB NVMe | 4 GB Graphics | Keyboard Light | 13.3 Inches 1080p FHD Display | Fingerprint Sensor | Excellent Battery | 1 month w,85000.0,0.0,0,0,laptops
"MSI Cyborg 15 A13UDX – Gaming Laptop (Core i7 13th Gen, RTX 3050 6GB) 15.6"" FHD IPS 144Hz Backlit KB",289499.0,0.0,0,0,laptops
🪁💛 BASANT ARRIVAL OFFER – Dell Latitude 3380 | 4GB RAM • 128GB SSD • 2GB Graphics | GTA 5 Smoothly Playable! 💛🪁,48000.0,0.0,0,0,laptops
💻✨ RAMADAN SPECIAL – Lenovo ThinkPad T470 | 8GB RAM | 128GB SSD | Double Battery | 1080p | Fingerprint Sensor 🔥,49800.0,0.0,0,0,laptops
Samsung NP900X3N i7 7th Gen | 8GB RAM | 256GB SSD | 13.3″  Display -7 days checking warranty -Samsunng laptop,53999.0,0.0,0,0,laptops
"Acer Predator Helios 16 AI PH16-73-95Q8 Gaming Laptop Intel Core Ultra 9 275HX, 64GB DDR5, 2TB SSD, NVIDIA RTX 5090 24GB Graphics, 16"" WQXGA OLED 240Hz, Windows 11 Home, Black, 2 Year Acer Official Local Warranty",1299999.0,0.0,0,0,laptops
Dell Latitude 5490 - Core i5 8th Generation - 16GB RAM - 512GB SSD - 14inch Screen - Windows 11 Licensed (FREE LAPTOP BAG) - Daraz like new laptops,84999.0,3.5,1,0,laptops
"HP Elitebook Folio 1040 - Core i7 , 6th Generation , 16GB RAM 512GB SSD Drive, 14"" Led Display ,  Intel HD Graphics - Daraz Like New",72199.0,0.0,0,0,laptops
Acer  ChromeBook Spin R752 | Touch Screen Laptop | 32GB Storage | 4GB RAM | 360 Rotatable | 11.6″ HD Display | Playstore Supported | Long Battery Life,14500.0,0.0,0,0,laptops
Daraz Like New Samsung Original Most Demanded Chromebook 128GB Storage 4GB Fast Ram 4 to 6 Hours Battery Timing Windows 10 Installed With Free Bag & Charger 11.6 Inches Full Hd Display HDMI Supported Webcam & Mic Installed USA IMPORTED STOCK,16803.0,0.0,0,0,laptops
"HP EliteBook 840 G3 Ultra Book, Core i5 6th generation, 8GB DDR Ram, 256GB Solid State Drive SSD, 14.1"" Led Display, Intel HD Graphics",54999.0,0.0,0,0,laptops
"LENOVO CHROMEBOOK 100E - 4GB RAM DDR4 - 32GB SSD EMMC - 11.6"" SCREEN - PLAYSTORE SUPPORTED - AUE UPDATE 2027",9500.0,4.0,273,10,laptops
"Samsung NP940X5N Laptop – Intel Core i7 8th Gen, 16GB RAM, 256GB M.2 SSD, 15.6″ FHD Touchscreen Ultrabook",76999.0,0.0,0,0,laptops
"Dell Latitude 5400/5300
Intel Core i5 8th Generation | 8 GB RAM DDR4 | 256 GB SSD | 14.0 Inches Screen | Excellent Battery | Original Charger | One Month Warranty

Best for office work, home use, business, High Gaming",60000.0,0.0,0,0,laptops
"Lenovo Chromebook 500e Chromebook Laptop Touchscreen – Affordable, Reliable & Portable Device,Best for Students, Office & Online Business,High Speed & Long Battery and Life Lightweight, Powerful & Perfect for Online Work",15000.0,5.0,4,14,laptops
Lenovo 300e Chromebook Daraz Like New Laptops - Lenovo Chromebook 300E X360 TOUCH SCREEN - 2027/2029 UPDATE - Intel Celeron 4GB RAM 32GB Chrome OS,14500.0,0.0,0,0,laptops
ALIEN WARE17-R5 laptop (not available cash on delivery),225000.0,0.0,0,0,laptops
"ASUS BR1100FK Flip 2-in-1 Touch Screen Laptop | 11.6"" 360° Convertible Display | 8GB RAM 128GB SSD | Stylus Support | Rugged Design for Students | Like New Imported Stock - K-Mall",37999.0,0.0,0,0,laptops
Dell XPS 13 9365 — Technical Details & Listing Content,75000.0,0.0,0,0,laptops
"Lenovo ThinkPad X1 Carbon Silver Edition Intel Core i7 8th Generation, 16GB DDR4 Ram, 256GB SSD Drive, 14.1"" FHD Led Display Intel HD Graphics - Daraz Like New Laptops",74999.0,0.0,0,0,laptops
"Dell Core i7-8th Generation | 8GB DDR4 RAM , 256GB Nvme SSD | 6 Months Warranty | FHD Display | 4Hours+ Battery Backup | Windows 11 | FREE LAPTOP CLEANER | Like New Laptops",64000.0,4.0,11,23,laptops
Microsoft surface pro 6 i7 8th generation 16gb 1TB SSD 8GB Intel iris plus Graphics  2 in 1 tablet laptop with keyboard and charger,75999.0,4.0,10,38,laptops
Dell Latitude 7490 - Intel Core i7-8th Generation - 8gb DDR4 Ram 256gb SSD - 14.1 Inch Screen - FHD Display - Backlit Keyboard - Windows 11 Pro - FREE LAPTOP BAG - DARAZ LIKE NEW LAPTOPS - USED,60999.0,0.0,0,0,laptops
USED - Lenovo Thinkpad T460 -14-Inch Laptop - Intel Core i5-6300U Dual-Core 2.4GHz - 8GB RAM - 256GB SSD - Windows 11 Licensed - (FREE LAPTOP BAG) - Daraz like new laptops,53999.0,0.0,0,0,laptops
Acer Chromebook CP315 | Touch Screen | 32GB Storage | 4GB RAM | 360 Rotatable | 15.6″ FULL HD Display | Playstore Supported | - Daraz Like New Laptops,31999.0,5.0,1,0,laptops
Portable Foldable Laptop Stand – Adjustable Aluminum Metal Stand with Anti-Slip Rubber Grips Ergonomic Folding Laptop Holder for MacBook Dell HP Lenovo Asus | Lightweight Durable Laptop Stand for All Sizes Adjustable Height for Comfortable View,859.0,4.0,1692,50,laptops
"Lenovo ThinkPad T480 | 14"" FHD IPS Display | Core i5 8th Gen 1.6GHz | 8GB DDR4 RAM | 256GB SSD | Windows 11 | Intel UHD 620 | Fingerprint Reader | 6 Month Warranty | Like New | KT Laptop House",55459.0,0.0,0,0,laptops
"Daraz Like New Laptops - HP  Probook  440 G6, 14' Display, Intel Core i5 8th Gen 8GB RAM 256GB Storage",95000.0,0.0,0,0,laptops
"Daraz Like New Laptops - Lenovo ThinkPad T450 Ultra Book, Core i7 5th generation, 8GB DDR3 Ram, 500GB Hard Drive, 14.1"" Led Display, Intel HD Graphics",39999.0,0.0,0,0,laptops
"HP ProBook 640 G3 | 14"" FHD IPS Display | Core i5 7th Gen 2.5GHz | 8GB DDR4 RAM | 256GB SSD | Windows 11 | Intel HD 620 | Backlit Keyboard | 6 Month Warranty | Like New | KT Laptop House",45999.0,0.0,0,0,laptops
"HP Elite c1030 Chromebook | Intel Core i7 (10th Gen) | 16GB RAM | 128GB SSD | 13.5"" WUXGA+ Touchscreen Display | ChromeOS Enterprise",70000.0,0.0,0,0,laptops
DELL LATITUDE 3420/CORE i5 /11TH GENERATION /16GB RAM /256GB NVME SSD/500GB HHD HARD/14iNCHES DISPLAY SIZE/5HOURS BATTERY BACKUP /BAZZEL LESS DISPLAY,65000.0,0.0,0,0,laptops
"Dell Latitude 7480 | 14"" FHD IPS Display | Core i5 7th Gen 2.5GHz | 8GB DDR4 RAM | 256GB SSD | Windows 11 | Intel HD 620 | Backlit Keyboard | 6 Month Warranty | Like New | KT Laptop House",57999.0,0.0,0,0,laptops
Lenovo 300e Chromebook Laptop | Touch Screen | 360 Rotatable | 4GB Ram | 32GB Storage | Playstore Supported  - Long Battery Life - Auto update till June 2027,15500.0,5.0,1,0,laptops
"USED - Lenovo ThinkPad L390 Core i5 8th Generation, 8GB, 256GB SSD, 14″ Screen IPS LED (Windows 11 Licensed) FREE LAPTOP BAG - Daraz like new laptops",49999.0,0.0,0,0,laptops
Used - HP - EliteBook 840G5 - CORE I5 -8TH GENERATION- 8GB RAM - 256GB SSD - Windows® 10 Activated - FREE LAPTOP BAG - Daraz like new laptops - Used laptops,99999.0,0.0,0,0,laptops
HP 15S-FD0110TU Core i7-1355U 16GB DDR4 512GB PCIe Value Intel Iris Xe 15.6 FHD Antiglare slim IPS 250 nits Narrow Border  Windows 11 Home Natural Silver   (1 Year Warranty),236499.0,0.0,0,0,laptops
"HP EliteBook 820 G3 | 12.5"" HD Display | Core i5 6th Gen 2.4GHz | 8GB DDR4 RAM | 256GB SSD | Windows 10 | Intel HD 520 | Backlit Keyboard | 6 Month Warranty | Like New | KT Laptop House",46999.0,0.0,0,0,laptops
Microsoft Surface Pro 7 Plus 2-in-1 Detachable Laptop Intel Core i5 11th Gen 8GB RAM 256GB SSD 12.3 Inch Touchscreen With Local Warranty,85000.0,0.0,0,0,laptops
"Mini Portable Washing Machine | Premium Look Spin Dryer Machine | Compact & Powerful Washer for Small Clothes, Travel, Hostel & Home Use",1189.0,0.0,0,0,laptops
Microsoft Surface pro 5 Core  i5 7th Generation 8GB 256GB ssd 4gb Intel iris Graphics 2 in 1 tablet laptop,41999.0,4.0,17,58,laptops
"Dell | ChromeBook 3100 - 2029 update | Quad-Core Processor, 4GB RAM | 16GB/32GB Storage | 11.6″ Display | Playstore/Windows Supported | Chrome OS - AUE 2029 daraz like new laptops",8499.0,4.0,40,121,laptops
"Dell 3180 Chromebook 11.6 inches HD screen, 4GB Ram 16GB SSD, HDMI, WiFi, Webcam, Chrome OS",8198.0,4.0,29,136,laptops
"Daraz Like New Laptops - Lenovo ThinkPad T460 , Core i5 6th Generation , 8GB Ram , 256GB SSD Drive, ""14"" FHD Led Display, Intel UHD Graphics",48099.0,0.0,0,0,laptops
Lenovo | ChromeBook 100E | 4GB RAM | 32GB Storage | 11.6″ Display | Webcam | Playstore Supported | 2027 Updateable | ChromeBook,10499.0,4.0,26,83,laptops
Lenovo ThinkPad X230 - Core i5 - 3rd Gen - 4 GB RAM - 250 GB - 12..5″ Windows 10 - (Free Laptop Bag) - Daraz like new laptops - USED LAPTOP,21999.0,5.0,4,17,laptops
"Dell Latitude 3190 Educational Laptop - Intel Pentium Quad Core - 8GB RAM - 128GB SSD - 11.6"" HD Display - Windows 10 - K.Mall Premium Quality",24999.0,4.0,58,133,laptops
"Daraz Like New - Dell Original Chromebook 4GB Ram 128GB Storage 11.6 Inches Full HD Display 4 to 6 Hours of Battery Timing Fast Charger Included Windows 10 Installed Most Demanded Laptop High Performance Reliable Affordable With Free Bag, Mouse & Charger",14570.0,4.0,6,18,laptops
Acer ChromeBook R11 | Touch Screen | 32GB Storage | 4GB RAM | 360 Rotatable | 11.6″ HD Display | Playstore Supported | - Daraz Like New Laptops,14698.0,4.0,179,658,laptops
HP G650 Laptop 8th Generation Core i7 8GB Ram 256 GB NVME,55000.0,0.0,0,0,laptops
"Daraz Like New Laptops - Hp Chromebook 11 G8 - 4GB Ram DDR4 - 32GB SSD - 11.6"" Screen Size - Chrome OS - FREE LAPTOP BAG AND CHARGER",12999.0,0.0,0,6,laptops
Dell Latitude 7280 - Core i5 7th Generation - 8GB RAM - 256GB SSD - 12.5inch Screen - FREE LAPTOP BAG (Windows 11 Licensed) - daraz like new laptops,42499.0,4.0,14,40,laptops
Daraz Like New Samsung Original Most Demanded Chromebook 128GB Storage 4GB Fast Ram 4 to 6 Hours Battery Timing Windows 10 Installed With Free Bag & Charger 11.6 Inches Full Hd Display HDMI Supported Webcam & Mic Installed USA IMPORTED STOCK,15970.0,0.0,0,0,laptops
HP ORIGINAL Chromebook 128GB Storage 4GB Ram Most Demanded 5th Generation Laptop Chromebook With Charger & free Laptop Bag Gift Windows 10 Pre Installed Best for Online Work 6+ Hours Battery Timing Slim Easy to Carry Wifi & Bluetooth Supported,14432.0,4.0,7,14,laptops
"Lenovo ThinkPad X1 Carbon | Intel Core i7 10th Generation | 16GB DDR4 Ram |  256GB SSD Drive | 14.1"" FHD Led Display Intel HD Graphics - Daraz Like New Laptops",108399.0,0.0,0,0,laptops
SAMSUNG USA IMPORTED METAL CHROMEBOOK/9HOURS BATTERY BACKUP /4GB RM/4K ULTRA HD RESULT/13INCH DISPLAY SIZE/NEW PIECES,12556.0,0.0,0,0,laptops
Acer ChromeBook R11 | Touch Screen | 32GB Storage | 4GB RAM | 360 Rotatable | 11.6″ HD Display | Playstore Supported | - Daraz Like New Laptops,15999.0,4.0,13,71,laptops
Daraz Like New HP Original Chromebook 128GB Storage 4GB Ram Most Demanded Laptop 4 to 6 Hours Battery Timing Windows 10 Installed With Free Bag & Charger 11.6 Inches Full Hd Display HDMI Supported Webcam & Mic Installed USA IMPORTED STOCK,15970.0,5.0,3,5,laptops
Microsoft surface pro 7 I5 10th Generation 8gb 128gb 4 GB Intel iris plus Graphics 620  2 in 1 tablet laptop with Original de attachable lighting keyboard,49999.0,5.0,2,19,laptops
"Laptop Acer C740 4GB Ram | 128GB SSD | 12"" HD Display",17800.0,0.0,0,0,laptops
Dell Latitude 7280 - Core i5 7th Generation - 8GB RAM - 256GB SSD - 12.5inch Screen - FREE LAPTOP BAG (Windows 11 Licensed) - Daraz like new laptops,79999.0,3.5,9,14,laptops
"HP Chromebook G8/G7/G6 touch and simple , playstore updated, condition brand new",8499.0,0.0,0,0,laptops
Hp Chromebook touchscreen,9000.0,0.0,0,0,laptops
"Mini Portable Washing Machine | Premium Look Spin Dryer Machine | Compact & Powerful Washer for Small Clothes, Travel, Hostel & Home Use",899.0,0.0,0,0,laptops
"Acer Predator Helios 18 AI PH18-73-96CY Gaming Laptop Intel Core Ultra 9-275HX, 64GB DDR5, 1TB SSD, NVIDIA RTX 5080 16GB Graphics,18"" WQXGA IPS Mini LED 250Hz, Windows 11 Home",1049999.0,0.0,0,0,laptops
Hp Gaming Laptop - Zbook G5 - Core I7 8th Generation - 8GB RAM - 256GB SSD - 4GB Graphic Card - 15.6 Inch - Windows® 10 Activated - Free Laptop Bag,150000.0,0.0,0,0,laptops
Lenovo 500e Chromebook Laptop | Intel Celeron processor | 4GB RAM | 32GB SSD,16500.0,4.0,2,0,laptops
HP EliteBook 840 G3 ( TOUCHSCREEN) - Core i5 6th Generation - 8GB RAM - 128GB SSD with 500GB HDD - 14inch Screen - FREE LAPTOP BAG  (Registered Windows 11),50999.0,0.0,0,0,laptops
Acer  ChromeBook Spin R752 | Touch Screen Laptop | 32GB Storage | 4GB RAM | 360 Rotatable | 11.6″ HD Display | Windows 10 Installed,15400.0,5.0,2,0,laptops
Metal Laptop Stand Portable Laptop Stand 7 Gear Slot Anti Slip Silicone Foldable Adjustable Laptop Stand Compatible with all sizes of Laptop Easy to Carry Smart Stand Strong Material High Quality Stand,799.0,5.0,1,15,laptops
HP ORIGINAL CHROMEBOOK | 128GB STORAGE | WINDOWS 11 INSTALLED | 4 TO 6 HOURS BATTERY | 11.6 INCHES FULL HD DISPLAY | WITH FREE LAPTOP BAG & CHARGER INCLUDED | TOP SELLING | MOST DEMANDED | TRENDY | HIGH PERFORMANCE | RELIABLE | AFFORDABLE,14424.0,5.0,5,10,laptops
HP ORIGINAL CHROMEBOOK | 128GB STORAGE | WINDOWS 11 INSTALLED | 4 TO 6 HOURS BATTERY | 11.6 INCHES FULL HD DISPLAY | WITH FREE LAPTOP BAG & CHARGER INCLUDED | TOP SELLING | MOST DEMANDED | TRENDY | HIGH PERFORMANCE | RELIABLE | AFFORDABLE,14474.0,5.0,3,10,laptops
"Lenovo 300e Chromebook 11.6"" Touchscreen 2-in-1 Laptop | 4GB RAM | Student & Online Work",14000.0,0.0,0,0,laptops
"Dell Latitude 3380 | 13.3"" HD Display | Core i3 6th Gen 2.0GHz | 8GB DDR4 RAM | 128GB SSD | Windows 10 | Intel HD 520 | Lightweight Business Laptop | 6 Month Warranty | Like New | KT Laptop House",31019.0,0.0,0,0,laptops
"Dell 3189 Convertible Chromebook 11.6 inches HD IPS Touchscreen, Intel Celeron N3060 Up to 2.48GHz, 4GB Ram 16GB / 32GB SSD, HDMI, WiFi, Webcam, Chrome OS - FREE LAPTOP BAG - USED",13199.0,0.0,0,0,laptops
"Acer Nitro V 16S AI ANV16S-41-R89V Gaming Laptop AMD Ryzen 7 260, 16GB DDR5, 512GB SSD, NVIDIA RTX 5060 8GB Graphics, 4-Zone RGB Keyboard, 16"" WUXGA IPS 180Hz, Windows 11 Home, Black, 1 Year Official Local Warranty",349999.0,0.0,0,0,laptops
Wooden Gaming Laptop Table For Bed Foldable Stand Ergonomic Portable Drawing Notebook Reading Food Breakfast Serving With Inbuild Tablet And Cup Holder Slots Couch Black,1599.0,4.5,1,7,laptops
"Dell Latitude 3310 - 13.3"" HD Display - Intel Core i3 8th Gen - 8GB RAM - 128GB SSD - Windows 10 Pro - HDMI - Slim & Portable - Renewed Like New",39999.0,4.5,3,5,laptops
Lenovo Thinkpad T470 - Core i5 7th Generation - 8GB DDR4 - 256GB SSD - 14inch Screen - FREE LAPTOP BAG - Daraz like new laptops,48499.0,4.0,79,186,laptops
"HP CHROMEBOOK 14 G5 | 4GB RAM DDR4 | 16GB SSD EMMC | 14"" SCREEN | PLAYSTORE | Update 2029",11999.0,5.0,1,8,laptops
Acer 5th Generation Laptop 4GB Ram 128GB SSD Windows 10,17777.0,4.0,97,323,laptops
DELL ORIGINAL CHROMEBOOK | 128GB STORAGE | WINDOWS 11 INSTALLED | 4 TO 6 HOURS BATTERY | 11.6 INCHES FULL HD DISPLAY | WITH FREE LAPTOP BAG & CHARGER INCLUDED,14861.0,5.0,4,8,laptops
HP EliteBook Folio 9480M 14in Intel Core i5-4310U 2.0GHz 4GB 500 GB HDD Windows 10 Pro (Registered Windows) - Daraz like new laptops,33499.0,5.0,3,7,laptops
"HP Victus 16-D0023DX Gaming Laptop 11th Gen Core i5-11400H,",225000.0,0.0,0,0,laptops
USA STOCK TOUCH SCREEN 360° Folding Lenovo 300e Chromebook 4GB Ram 32 GB Storage Update 2029/2027 FREE TOUCH STYLUS PEN,15499.0,4.0,273,829,laptops
Lenovo Original Chromebook 128GB Storage 4GB Ram Most Demanded 5th Generation Laptop Chromebook With Charger & free Laptop Bag Gift Windows 10 Pre Installed Best for Online Work 6+ Hours Battery Timing Slim Easy to Carry Wifi & Bluetooth Supported,14878.0,5.0,5,23,laptops
Daraz Like New Laptops - Dell Latitude 7490 - Intel Core i7-8th Generation - 8gb DDR4 Ram 256gb SSD - 14.1 Inch Screen - FHD Display - Backlit Keyboard - Windows 11 Pro - FREE LAPTOP BAG,71999.0,4.0,4,13,laptops
HP ProBook 640 G2 | Core i5 6th Gen | 8GB RAM | 500 GB HDD | Business Laptop | Fast Performance,47000.0,0.0,0,0,laptops
LENOVO T470 - CORE I5 -7TH GENERATION- 8GB RAM - 256GB SSD - Windows 11 LICENSED - FREE LAPTOP BAG - DARAZ LIKE NEW LAPTOPS,48999.0,0.0,0,0,laptops
Daraz Like New - HP ProBook 640 G1 - Core i5 4th Generation - 8GB RAM - 256GB SSD - 14inch Screen - FREE LAPTOP BAG,36999.0,0.0,0,0,laptops
HP 15-FD0532NIA Laptop 13th Gen Core i3-1315U,99500.0,0.0,0,0,laptops
HP ORIGINAL CHROMEBOOK | 64GB STORAGE | WINDOWS 11 INSTALLED | 4 TO 6 HOURS BATTERY | 11.6 INCHES FULL HD DISPLAY | WITH FREE LAPTOP BAG & CHARGER INCLUDED | TOP SELLING | MOST DEMANDED | TRENDY | HIGH PERFORMANCE | RELIABLE | AFFORDABLE,13507.0,5.0,3,5,laptops
"ASUS BR1100FK Flip 2-in-1 Touch Screen Laptop | 11.6"" 360° Display | 8GB RAM 128GB SSD | Intel N4500 | World Facing Camera | 6 Months Warranty - K-Mall Laptop Store",44999.0,0.0,0,0,laptops
PRIME MINISTER YOUTH LAPTOP WITH TYPE C CHARGER BAG AND BOX 8GB/256GB,84999.0,0.0,0,0,laptops
"Lenovo ThinkPad X1 Carbon Silver Edition Intel Core i7 7th Generation, 16GB DDR4 Ram, 256GB SSD Drive, 14.1"" FHD Led Display Intel HD Graphics - Daraz Like New Laptops",74999.0,4.0,4,8,laptops
Daraz Like New Laptops - Lenovo 300e Windows 81M900CAUS 11.6″ Touchscreen Netbook – HD – 1366 x 768 – Intel Celeron N4120 Quad-core (4 Core) 1.10 GHz – 4 GB RAM – 128GB Flash Memory – Gray,35499.0,4.5,1,0,laptops
"Dell Latitude E7470 | 14"" FHD IPS Display | Core i5 6th Gen 2.3GHz | 8GB DDR4 RAM | 256GB SSD | Windows 10 | Intel HD 520 | Carbon Fibre Body | 6 Month Warranty | Like New | KT Laptop House",48999.0,0.0,0,0,laptops
"Dell Latitude 3310 | 13.3"" HD Display | Core i3 8th Gen 2.1GHz | 8GB DDR4 RAM | 128GB SSD | Windows 11 | Intel UHD 620 | Lightweight Business Laptop | 6 Month Warranty | Like New | KT Laptop House",39999.0,0.0,0,0,laptops
Acer C720 ChromeBook Laptop - 4GB RAM / 128GB SSD Storage - Windows 10 Installed - Long Battery Life,18650.0,3.5,3,12,laptops
"USED - Lenovo ThinkPad L390 Core i5 8th Generation, 16GB, 512GB SSD, 14″ Screen IPS LED (Windows 11 Licensed) FREE LAPTOP BAG - Daraz like new laptops",57999.0,0.0,0,0,laptops
Lenovo ThinkPad T470 | Core i5 7th Gen | 8GB RAM | 128GB SSD | 14” Business Laptop | Fast & Durable Performance,41999.0,0.0,0,0,laptops
"Lenovo ThinkPad X270 12.5"" Business Laptop Computer Intel Core i5-6300U Up to 3.0GHz 4GB RAM 128GB PCIE SSD Intel HD Graphics 520 Bluetooth 4.1 802.11ac WiFi USB-C HDMI Win 10 Pro - Daraz Like New Laptops",48999.0,0.0,0,0,laptops
"Dell Latitude 3120 2-in-1 Laptop - 8GB RAM - 128GB SSD - 11.6"" Touchscreen - [Like New] - Intel Quad Core - Black",29999.0,5.0,1,0,laptops
Dell Latitude 7480 14in FHD Laptop PC - Intel Core i5-7TH 2.5GHz 8GB 256GB SSD Windows 10 Pro - Daraz Like New Laptops,57999.0,5.0,1,0,laptops
"Toshiba Portege Z30-C | Intel Core i5 6th Gen | 8GB RAM | 128GB SSD | 13.3"" FHD Ultra Slim Laptop",40000.0,0.0,0,0,laptops
"Daraz Like New Laptops - HP ProBook 640 G2, 14' Display, Intel Core i5 6th Gen 8GB RAM 128GB SSDM2 & 500GB HDD | Windows 10",53000.0,0.0,0,0,laptops
AppIe Mac Book Pro 2011 4GB RAM 128GB SSD Storage Core i5 Processor,34999.0,0.0,0,0,laptops
"Acer Nitro Lite NL16-71G-55JR Gaming Laptop 13th Gen Core i5-13420H, 16GB DDR5, 512GB SSD, NVIDIA RTX 3050 6GB Graphics, 16"" WUXGA IPS 165Hz, Windows 11 Home, White, 1 Year Official Local Warranty",219999.0,0.0,0,0,laptops
Lenovo Core i5-10th Generation | 8GB DDR4 RAM  - 256GB NVME SSD | 6 Months Warranty | FREE LAPTOP CLEANER | 15.6 inches | Charger included | Lenovo Ideapad | Windows 11,79500.0,5.0,8,11,laptops
HP ProBook 640 G2 Laptop (Core i5 6th Generation) 14-inch 8GB Ram 256GB SSD,47000.0,5.0,1,0,laptops
Used - Dell Latitude E5490 Core i5 8th Generation 8GB RAM 256GB SSD 14inch Screen  Free Laptop Bag (Windows 11 Licensed) - Daraz like new laptops,54999.0,0.0,0,0,laptops
"Daraz Like New Laptops - Lenovo ThinkPad T580 , Core i5 8th Generation , 8GB Ram , 256 GB SSD Drive , 15.6"" HD Led Display , Intel HD Graphics",72199.0,0.0,0,0,laptops
Dell Latitude E5440 - Core i5 4th Generation - 4GB RAM - 500GB HDD - 14inch Screen - FREE LAPTOP BAG Windows 10 (Registered Windows) - Daraz like new laptops,29999.0,5.0,3,7,laptops
Hp Elitebook 820 G3 - Core i5 6th Generation - 8GB DDR4 RAM - 256GB SSD - 12.5inch Screen - FREE LAPTOP BAG - Daraz Like New Laptops - USED,41999.0,0.0,0,0,laptops
Lenovo Thinkpad T470 - Core i5 7th Generation - 8GB DDR4 - 256GB SSD - 14inch Screen - FREE LAPTOP BAG - Daraz like new laptops,64999.0,0.0,0,0,laptops
Daraz Like New Laptops - HP EliteBook 840G3 -Core i7 - 6th generation - 16GB RAM - 128GB M2 plus 500GB HDD - Windows® 10 Activated - Fee Laptop Bag,51499.0,0.0,0,0,laptops
"Lenovo ThinkPad T440 - Core i5 4th Generation - 8 GB Ram - 128 GB SDD - 14"" Screen Size",39999.0,5.0,1,0,laptops
Lenovo Thinkpad T480 - Core i5 8th Generation -8GB DDR4 - 256GB SSD - 14inch Screen - FREE LAPTOP BAG (Windows 11 Licensed) - Daraz like new laptops,54999.0,3.5,11,28,laptops
"DELL Core i7 6th Generation - 16GB DDR4 RAM , 512GB M2 SSD Hard - 5Hours+ Battery Backup - ONE MONTH WARRANTY - Charger Included | FREE LAPTOP BAG",68000.0,4.0,7,10,laptops
USED - Dell Latitude 7290 - Core i5 8th Gen - 16GB RAM - 512GB SSD - 12.5inch Screen - FREE LAPTOP BAG - (Windows 11 Licensed) - Daraz like new laptops,79999.0,0.0,0,0,laptops
"Dell  ChromeBook 3100 TOUCH SCREEN - 2029 update | Quad-Core Processor, 4GB RAM | 32GB Storage | 11.6″ Display | Playstore/Windows Supported | Chrome OS - daraz like new laptops",10598.0,4.0,10,56,laptops
"LENOVO CHROMEBOOK 100E | 4GB RAM DDR4 | 32GB SSD EMMC | 11.6"" SCREEN | PLAYSTORE SUPPORTED | AUE UPDATE 2027",9000.0,4.0,135,486,laptops
"Daraz Like New - Dell Original Chromebook 4GB Ram 128GB Storage 11.6"" Inches Full HD Display 4 to 6+ Hours of Battery Timing Fast Charger Included Windows 10 Installed Most Demanded Laptop High Performance Reliable Affordable With Free Bag & Charger",14570.0,5.0,3,8,laptops
Dell Chromebook 3100 | Touch Screen | 32GB Storage | 4GB RAM | Touch Screen | 11.6″ HD Display | Playstore Supported | - Daraz Like New Laptops,12998.0,4.0,57,254,laptops
"Hp Chromebook 11 G6 EE | 4GB RAM DDR4 | 16GB SSD EMMC | Playstore supported | 11.6"" screen - Daraz Like New Laptops",10999.0,4.0,150,515,laptops
HP Elite Book 830 G8 - i7 - 11th Generation - Like New Laptops -,145000.0,5.0,1,0,laptops
LENOVO ORIGINAL CHROMEBOOK | 128GB STORAGE | WINDOWS 11 INSTALLED | 4 TO 6 HOURS BATTERY | 11.6 INCHES FULL HD DISPLAY | WITH FREE LAPTOP BAG & CHARGER INCLUDED | TOP SELLING | MOST DEMANDED | TRENDY | HIGH PERFORMANCE | RELIABLE | AFFORDABLE,14474.0,5.0,3,6,laptops
"Dell Latitude 5430, Core i5 3rd generation, 8GB Ram, 500GB Hard Drive, 14"" Led Display, (Windows 10 Registered) FREE LAPTOP BAG - Daraz Like New Laptops",25999.0,3.5,184,419,laptops
"Lenovo ThinkPad Yoga 11e - 2-in-1 Touchscreen Laptop - 11.6"" HD Display - Intel Celeron N3150 - 4GB RAM - 128GB SSD - 360° Convertible - Windows 10 Pro - Daraz Like New",37999.0,4.0,4,12,laptops
"Daraz Like New Laptops - Dell Latitude 5420, Core i5, 11th Generation, 16GB Ram , 256GB SSD Drive, 14.1"" FHD Led Display, Intel UHD Graphics",78299.0,0.0,0,0,laptops
"Daraz Like New Laptops - Hp Chromebook 11 G6 EE | 4GB RAM DDR4 | 16GB SSD EMMC | Playstore supported | 11.6"" screen - FREE LAPTOP BAG",8499.0,0.0,0,0,laptops
"Microsoft Surface Laptop 3 | 13.5"" Touchscreen | Intel Core i7-1065G7 | 16GB RAM | 256GB SSD | Windows 11 | Black",95000.0,5.0,1,0,laptops
"Dell i7-11th Generation | 8GB DDR4 Ram , 256GB Nvme SSD | 6 Months Warranty | 3Hours+ Battery Backup | Latitude 5420",88000.0,5.0,6,6,laptops
"Lenovo P50 Core i7 6th Gen Workstation Laptop 4GB GPU 16GB RAM 500GB SSD 15.6"" FHD",72000.0,0.0,0,0,laptops
"Microsoft Surface Laptop Go 12.4"" Touch - Core i5-1035G1 10th Gen - 8GB DDR4 - 256GB NVME SSD - Windows 11 Pro - Platinum",86550.0,5.0,1,0,laptops
"HP ProBook 650 G1 15.6"" Business Ultrabook: Intel Core i5-4Th Gen  500GB  4GB DDR3  (1920x1080) FHD  DVD - Window 10 Pro - Daraz Like New Laptops",38999.0,5.0,1,8,laptops
HP CHROMEBOOK LAPTOP TOUCH SCEEN G5 /4GB RAM/ 9 HOURS BATTERY BACKUP/ 4K DISPLY /ORIGINAL AMERICAN IMPORTED,13041.0,0.0,0,0,laptops
Daraz Like New Laptops - Lenovo Chromebook 300E X360 TOUCH SCREEN - 2027 UPDATE - Intel Celeron 4GB RAM 32GB Chrome OS (FREE LAPTOP BAG),13999.0,4.0,7,29,laptops
"Hp Chromebook G8 (  TOUCH SCREEN )  - 4GB Ram DDR4 - 32GB SSD  - 11.6"" Screen Size - Chrome OS -",9999.0,4.0,47,159,laptops
HP EliteBook 840 G3 - Core i5 6th Generation - 8 GB RAM - 256 GB SSD - 14inch Screen - FREE LAPTOP BAG,49999.0,3.0,1,0,laptops
"Daraz Like New Laptops - Dell Latitude E5540 15.6 inches Laptop, Core i5-4310U 2.0GHz, 8GB Ram, 500GB HDD, DVDRW, Windows 10 Pro 64bit - FREE LAPTOP BAG",32999.0,0.0,0,0,laptops
Daraz Like New Laptops - HP ProBook 640 G1 - Core i5 4th Generation - 4GB RAM - 500GB HDD - 14inch Screen - FREE LAPTOP BAG,35999.0,0.0,0,0,laptops
LAPTOP Dell Chromebook 3180 - 4GB RAM - 16GB SSD (FREE LAPTOP BAG) - Daraz like new laptops - USED LAPTOP,8499.0,0.0,0,0,laptops
"Lenovo 100e Chromebook 2029 update 4gb ram 32gb SSD , 9th gen processor , windows/playstore both varient",8210.0,5.0,1,12,laptops
Acer Chromebook C740 | 11.6 Inches | HD plus Display | 2GB Ram | 128GB SSD | FREE LAPTOP BAG | Windows 10 Installed | WiFi | Webcam | HDMI | USB Ports | Loudspeaker | Long Time Battery | DARAZ LIKE NEW,11399.0,3.5,5,22,laptops
"LENOVO X270  i5 7th generation, 8GB Ram, 256GB SSD, 12.5"" Led Display, (Windows 11 Licensed) FREE LAPTOP BAG - Daraz Like New Laptops",42499.0,4.0,4,10,laptops
Acer | C740 | 16GB Storage | 2GB RAM | Windows 10 / 11.6″ Display | Play Store Supported | Android Apps Supported,15398.0,4.0,245,844,laptops
"Lenovo ThinkPad T480 Business Laptop - 14"" Display - Intel Core i5 8th Gen (Quad-Core) - 8GB RAM - 256GB NVMe SSD - Thunderbolt 3 - Fingerprint - Windows 10 Pro - Daraz Like New",58999.0,5.0,2,5,laptops
"HP ProBook X360 11 G2 2-in-1 11.6 Inch Touchscreen, Intel Core M3 7th Gen 4GB RAM, 128GB SSD, Windows 10 Pro - Daraz Like New Laptops",36999.0,4.0,16,33,laptops
"Lenovo ThinkPad T460 Core i5 6th Gen, 8GB, 256GB SSD, 14″ LED (Windows 11 Licensed) FREE LAPTOP BAG)",43999.0,4.0,44,129,laptops
HP Chromebook 14 G5 | 32GB SSD Storage | 8GB RAM | 14 inch | HD Display | Dual Core | Factory Playstore | Update 2027 - Daraz Like New Laptops,29999.0,5.0,1,11,laptops
"Lenovo ThinkPad T470s | 14"" FHD IPS Display | Core i5 6th Gen 2.4GHz | 8GB DDR4 RAM | 256GB SSD | Windows 10 | Intel HD 520 | Fingerprint Reader | 6 Month Warranty | Like New | KT Laptop House",53999.0,0.0,0,0,laptops
"Dell Latitude 6430, Core i5 3rd generation, 8GB Ram, 500GB Hard Drive, 14"" Led Display, (Windows 10 Registered) FREE LAPTOP BAG",26998.0,4.0,124,368,laptops
Dell Latitude E7470 - Core i5 6th Generation - 8GB DDR4 RAM - 256GB SSD - 14inch Screen - FREE LAPTOP BAG (WINDOWS 11 LICENSED) - Daraz like new laptops,44999.0,0.0,0,0,laptops
Daraz Like New Laptops - Lenovo Thinkpad X240 - Core i5 4th Generation - 8GB RAM - 500GB HDD - 12.5inches Screen - FREE LAPTOP BAG,28499.0,0.0,0,0,laptops
HP ELITEBOOK 840-G5 8TH GENERATION | INTEL CORE I5 | 8350u PROCESSOR | 16GB RAM | 512GB SSD | FHD | 14.1’INCH DISPLAY | SILVER | WIN11 PRO LICENSED | REGISTERED (FREE LAPTOP BAG) - Daraz like new laptops,73999.0,0.0,0,0,laptops
Wooden Gaming Laptop Table For Bed Foldable Stand Ergonomic Portable Drawing Notebook Reading Food Breakfast Serving With Inbuild Engraved Tablet And Cup Holder Slots Couch For HP ackook M1 Dell Lenovo MSI Asus,1599.0,4.0,110,425,laptops
Daraz Like New DELL Original Chromebook 128GB Storage 4GB Ram Most Demanded Laptop 4 to 6 Hours Battery Timing Windows 10 Installed With Free Bag & Charger 11.6 Inches Full Hd Display HDMI Supported Webcam & Mic Installed USA IMPORTED STOCK,16803.0,5.0,3,0,laptops
"Lenovo Thinkpad T440 Ultrabook, 14 Inch Display, Intel Core i5 4th Gen 1.9GHz, 4GB RAM, 500GB, USB 3.0, WiFi, Windows 10 Pro - Daraz Like New Laptops",31999.0,5.0,3,9,laptops
Dell Core i7-12th Generation | 16GB DDR4 RAM | 512GB NVME SSD | 6 Months Warranty | Original charger | FREE LAPTOP CLEANER + FREE LAPTOP MOUSE + FREE LAPTOP BAG | Daraz Like New Laptop,125000.0,5.0,13,15,laptops
Original p47 headphone Wireless Earbuds Invisible Ultra Small Bluetooth Handfree for all cell phones,798.0,4.0,7990,397,headphones
"Wireless Bluetooth 5.0 Headphones with Mic  HiFi Stereo Deep Bass Headset for Android, Laptop, PC  Foldable Over-Ear Noise Cancelling Earphones for Gaming, Gym, Travel & Online Classes  Support AUX/TF Card.",1097.0,4.0,24,222,headphones
P47 On Ear Wireless Headphones Dynamic Plastic Mobile Phone Earphone with Volume Control / with Microphone / Noise-isolating Headset,775.0,4.0,676,36,headphones
New Air 31 Wireless Bluetooth Headset airPod handfree earbuds airdots Hanging Ear Unisex Driving Can Answer The Phone Long Standby 1 Minute Fast Charge Single Headsr-Color Family Headphones & Headsets&gt;Wireless Earbuds,699.0,4.0,2216,108,headphones
Lenovo HE05 Wireless Neckband Bluetooth 5.0 Headphone Wireless Headset With Heavy Bass Stereo Earphones High Quality Magnetic Attraction Intelligent Noise Reduction Cancelling Sports Headset,925.0,4.0,1375,72,headphones
"Wireless Headphones, P47 Bluetooth Foldable Headset with Microphone Support FM Radio TF for PC TV Smart Phones & Tablets Etc",797.0,4.0,2997,127,headphones
"Wireless Headphones, P47 Bluetooth Foldable Headset with Microphone Support FM Radio TF for PC TV Smart Phones & Tablets Etc",899.0,5.0,3,30,headphones
Wireless Neckband Bluetooth 5.0 Headphone Wireless Headset With Heavy Bass Stereo Earphones High Quality Magnetic Attraction Intelligent Noise Reduction Cancelling Sports Headset ZF Tech,349.0,4.0,231,929,headphones
Cat Headphone Ear Wireless Bluetooth Headphones - Glowing LED Light-Up Foldable Headset for Kids and Adults,1069.0,5.0,7,66,headphones
Cat Headphone / P47 headphone Wireless Bluetooth Headphones - cat ear style lighting light headphone Glowing LED Light-Up Foldable Headset for Kids and Adults,799.0,5.0,2,14,headphones
Universal Bluetooth Hands-Free Earphone with Mic for All Smartphones,224.0,4.0,347,20,headphones
"Lenovo HE05 Bluetooth 5.0 Neckband Earbuds with High Quality Stereo Sound, Intelligent Noise Cancelling for Sports",143.0,4.0,2,39,headphones
STN-28 Cat Wireless Headphones Bluetooth Over-Ear Headset with Cute Cat Ears,978.0,4.0,5,46,headphones
New TWS wireless headphones - Clear display of battery level - Gaming Bluetooth headphones - With microphone - Noise reduction - High-fidelity bass headphones,548.0,4.0,1631,64,headphones
"M10 and i12 TWS Wireless Bluetooth Earbuds V5.0 with Touch Sensor and Built-in Mic, True Stereo, 10m Transmission, Charging Case, Sports Headset for All Bluetooth Devices - Black",649.0,4.0,1422,65,headphones
"Wireless Neckband Earbuds with MicroSD Card Slot, Bluetooth 5.0, Noise Cancelling Mic, Sweatproof, Siri/Google Assistant Compatible, Intuitive Touch Controls, Lightweight and Compact Design",746.0,0.0,0,11,headphones
Y08 Wireless Bluetooth Headphones Foldable Wireless Headphones 5.0+EDR with Mic Stereo Headset Support FM Radio TF for PC TV Tablets & Smart Phones/Aux Cable,699.0,0.0,0,0,headphones
IP9 Wireless Bluetooth Headphones aap ke liye perfect choice hain agar aap powerful sound aur stylish design chahte hain. Yeh over-ear headphones noise isolation ke sath aate hain jo aapko clear aur immersive audio experience dete hain.  Iska deep bass sy,949.0,0.0,0,0,headphones
Wireless Bluetooth Headphones With Mic Headsets Stereo Sound Earphones Sports Gaming Headphones Supports TF,1120.0,5.0,1,7,headphones
P47 Wireless Bluetooth Foldable Headset with Microphone – Universal Headphone for All Mobile Phones & Laptops,549.0,5.0,1,14,headphones
"iP9 Wireless Bluetooth Headphones Over-Ear | Hi-Fi Stereo, Foldable & Comfortable Headset with Mic, USB-C Fast Charge, Long Battery Life",1019.0,0.0,0,0,headphones
STN-28 Cat Wireless Headphones Bluetooth Over-Ear Headset with Cute Cat Ears,1249.0,4.0,10,67,headphones
Cat Headphone / P47 Ear Wireless Bluetooth Headphones - Glowing LED Light-Up Foldable Headset for Kids and Adults,901.0,0.0,0,0,headphones
Wireless Bluetooth Headphones with Mic Noise Cancelling Stereo Sound Over Ear Foldable with TF and 3.5mm Support,1299.0,0.0,0,0,headphones
"Wireless Headphones, P47 Bluetooth Foldable Headset with Microphone Support FM Radio TF for PC TV Smart Phones & Tablets Etc",599.0,5.0,1,9,headphones
Special Edition P47 Headphone with Pop Window Over The Ear Wireless Bluetooth Headphone Support Sd Card use,745.0,4.0,36,160,headphones
"Magnetic Lenovo HEO5 X Bluetooth 5.0 Sports Earbuds - Waterproof Neckband, 8H Battery & Calling Noise Cancellation",625.0,5.0,3,11,headphones
P47 Wireless Bluetooth Foldable Headset With Microphone FOR All cell phones and laptop used,749.0,5.0,3,19,headphones
Cat Headphone / P47 Ear Wireless Bluetooth Headphones - Glowing LED Light-Up Foldable Headset for Kids and Adults,1395.0,4.0,260,15,headphones
"Wireless Headphones, P47 Bluetooth Foldable Headset with Microphone Support FM Radio TF for PC TV Smart Phones & Tablets Etc",759.0,4.0,10,55,headphones
Special  P47 Headphone with Pop Window Over The Ear Wireless Bluetooth Headphone Support Sd Card,792.0,4.0,150,559,headphones
"Wireless Bluetooth 5.0 Headphones | Noise Cancelling Over-Ear Headset | Deep Bass, Built-in Mic, Waterproof, Long Battery",1349.0,0.0,0,0,headphones
"New STN 28 Cat Ear Bluetooth 5.0 Stereo Headset with RGB Lighting, Microphone, TF Card Support, and Universal Compatibility",1097.0,0.0,0,23,headphones
Original M10 & M90 TWS Wireless Earphones Touch Control 5.3 with power bank charger Headset Waterproof 9D Hifi Quality Earbuds 3500mAh Stereo Sports Headphones With Microphone,645.0,3.0,1,0,headphones
"Wireless Headphones, P47 Bluetooth Foldable Headset with Microphone Support FM Radio TF for PC TV Smart Phones & Tablets Etc",798.0,4.0,210,950,headphones
"PRO II RGB Gaming Headphones with Noise Cancelling Mic, 7.1 Surround Sound, Super Bass, Vibration, Soft Memory Foam Ear Cushions, for PC, PS4, Mobile, Laptop, and Gaming Consoles - Unique Mall",1477.0,4.0,703,24,headphones
New S109 Wireless Bluetooth Headset Hanging Ear Unisex Driving Can Answer The Phone Long Standby 1 Minute Fast Charge Single Headset,325.0,4.0,702,24,headphones
KS19 Bone Conductive Bluetooth Headset Wireless Neckband Earphone Waterproof Sports Headphone,186.0,4.0,7,15,headphones
Air Buds M10 Wireless Earbuds - 3500mAh Extended Battery HiFi Stereo Sound Bluetooth Headphones,519.0,5.0,1,7,headphones
"M10 , A6s , F2 earbuds Headphones,Handfree,EarPhone, earphone Bluetooth Neckband Magnetic Earphones Sport Running Earbuds Waterproof Bluetooth 5.2 Headset With Mic, SM Trader",209.0,4.0,741,61,headphones
"H130 Gaming Headphones - Over-Ear Stereo Sound Headset with 360° Adjustable Noise Reducing Microphone for PC, Laptop, Mobile, PS4, Xbox - 3.5mm Wired Plug - Red & Black - By FunBug",1697.0,5.0,10,62,headphones
Universal S109 Mini Bluetooth Handsfree Earphone with Mic and Dual Device Pairing,326.0,4.5,507,28,headphones
P47 On Ear Wireless Headphones Dynamic Plastic Mobile Phone Earphone with Volume Control / with Microphone / Noise-isolating Headset,792.0,4.0,38,223,headphones
M10 Air buds Wireless Bluetooth EarBuds Stereo Earphones with Power bank Bluetooth Ear phone Ear Buds Airdots Premium Quality For All Smart Phones,699.0,4.0,512,31,headphones
T-10 Wireless Stereo V4.2 Earphones With Mic Noise Cancelling For All Smartphones Multicolours,299.0,4.0,75,362,headphones
P47 Wireless Bluetooth Foldable Headset With Microphone FOR All cell phones and laptop use,746.0,4.0,451,15,headphones
Imported Bluetooth Earphones Wireless Magnetic in Ear Headphones Sport Neckband Neck-hanging TWS Earbuds Wireless Bluetooth Headset with Mic | large Capacity Digital Display Neckband,1111.0,5.0,7,52,headphones
P47 Bluetooth Foldable Headset with Microphone Support FM Radio TF for PC TV Smart Phones & Tablets Etc,792.0,4.0,66,244,headphones
M19 TWS (True Wireless Stereo) Bluetooth Earphones Headset With HiFi Stereo Sound & Touch Control System (Connected With All Bluetooth Devices).,899.0,0.0,0,16,headphones
Best Lenovo XT96 and jbl TWS Wireless Earphone Bluetooth 5.3 Dual Stereo Noise Reduction Headset Bass Touch Control In-Ear Music Earphone - Touch Control - Charging Case - Black,799.0,4.0,44,191,headphones
P47 Wireless Bluetooth Headphones with Mic Foldable Noise Cancelling,792.0,4.0,128,419,headphones
"Sport Bluetooth Neckband Pro Air V5.3 + EDR White Bliss Earphones for Ultimate Freedom in Driving, Cycling, Running, & Gym with Rechargeable Balanced Sound & Built-In Mic",746.0,3.5,10,59,headphones
Special Edition P47 Headphone with Pop Window Over The Ear Wireless Bluetooth Headphone Support Sd Card,792.0,4.0,17,56,headphones
"Wireless Headphones, P47 Bluetooth Foldable Headset with Microphone Support FM Radio TF for PC TV Smart Phones & Tablets Etc",898.0,4.0,1799,75,headphones
P47 On Ear Wireless Headphones Dynamic Plastic Mobile Phone Earphone with Volume Control / with Microphone / Noise-isolating Headset,749.0,5.0,1,7,headphones
Wireless Bluetooth Headphones with Mic | Foldable & Hi-Fi Stereo Sound,390.0,4.0,3,0,headphones
"P47 On-Ear Wireless Bluetooth Headphones with Volume Control, Microphone, Noise-Isolating, Foldable Design, TF Card & FM Radio Support",799.0,4.0,33,154,headphones
100% Original Branded Gaming Headset RGB with Noise Reducing Microphone ~ Over the Ear Gaming Headphones with Stereo Sound for Pubg Mobile PC Laptop Computer PlayStation4 Xbox PS4 PS5 Nintendo Switch & Android ~ 3.5mm Wired Headphone Bass ~ By FunBug,1592.0,4.0,297,14,headphones
"ZF Tech Wireless Neckband Bluetooth 5.0 Earbuds with Heavy Bass, Magnetic Attraction & Noise Reduction for Sports",164.0,3.5,3,12,headphones
"Lenovo HE05 Pro Original Bluetooth Neckband Earphones - Clear Sound, Wireless Ease",399.0,4.0,7,31,headphones
Cat Headphone / P47 Ear Wireless Bluetooth Headphones - Glowing LED Light-Up Foldable Headset for Kids and Adults,890.0,5.0,6,38,headphones
Latest High Quality Orignal P47 Wireless Foldable Headphone (Connect with All Smart Cell Phones / Laptops / Computer Systems and Gaming Mode),799.0,5.0,13,62,headphones
Universal Stereo blutooth hand free /Earphone/ With Mic \ Handsfree For All Mobiles uesd,224.0,4.0,51,324,headphones
P47 Wireless Bluetooth Foldable Headset With Microphone FOR All cell phones and laptop used,898.0,4.0,6,25,headphones
"Pro IV  RGB Gaming Headphones with Noise Cancelling Microphone  360° Surround Sound Wired Over-Ear Headset for PC, Laptop, PS4 & Mobile  Deep Bass Gaming Gear with Soft Earpads - Unique Mall.",1479.0,4.0,141,558,headphones
Cat Ear Wireless Bluetooth Headphones for Girls with LED Light and Microphone,1399.0,5.0,1,13,headphones
"P47 Bluetooth Foldable Headset, Wireless Headphones with FM Radio and TF Card Support, for PC, TV, and Smart Devices",849.0,4.0,44,180,headphones
"P47 Wireless Bluetooth Foldable Headset with Microphone - Adjustable, Portable for Phones & Laptops",792.0,4.0,1001,36,headphones
🎵 Pro TWS Wireless Earbuds Stereo Sound Deep Bass Noise Reduction Bluetooth 5.3 Earphones 🎧 📦 Wireless Bluetooth Earbuds Long Battery Backup HD Sound Noise Cancelling Earphones with Charging Case 🔋,678.0,0.0,0,16,headphones
"🔥 TWS Wireless Earbuds with LED Display – ENC Noise Cancellation, HiFi Stereo, Bluetooth 5.3 – Available in Black & White 🎧",679.0,4.5,2,0,headphones
"Universal Wired Headphones With Mic  & Deep Bass, Comfortable Over-Ear Headset For Gaming Head Phones  Music & Calls Wired Headphones With Microphone, Noise-Isolating Stereo Sound For Smartphone, PC, Laptop & MP3/MP4",1180.0,4.0,50,227,headphones
Magnetic Neckband Headphones Wireless Bluetooth 5.2 Earphones LED Display Headset Sport Noise Cancel Earbuds with Mic,199.0,5.0,3,9,headphones
Ibex YG12 Bluetooth 5.4 Neckband Headset With Voice Changer Earphones_HiFi Sound Quality with Heavy Deep Bass_ENC Noise Cancellation_LED Smooth Screen Display_50H Playtime,1655.0,0.0,0,0,headphones
"P47 Wireless headphones with Microphone Bluetooth Foldable Headset Support FM Radio TF for PC ,TV Smart Phones & Tablets etc.",599.0,0.0,0,0,headphones
"Universal  Mini Invisible Ultra Small Bluetooth Handfree Stereo Earbud Headset With Microphone, Support Hands-Free Calling For Smartphones",320.0,3.5,3,46,headphones
Original T75 TWS Touch Control Wireless Headphones Bluetooth Earphones Sport Earbuds Music Headset For,625.0,4.0,11,97,headphones
Cross-Border Ambie Earclip Wireless Earphones: Advanced Bone Conduction Technology | Wireless Bluetooth Earbuds: Sound Earcuffs Ear Bone Conduction Earring Headphone for Sports,840.0,4.5,4,24,headphones
Headset Bluetooth Wireless Earphones for Mobile Phones Computers Sports and Gaming,1200.0,0.0,0,0,headphones
"SOLIC SLR 812, SLR 822 Headphone Headset Gaming Original Solic SLR MV Super Bass Beats Stereo Dual 3.5mm Plug Interface Microphone HD Music High Quality Smart Fancy Stylish Mobile Laptop Desktop PC",1349.0,4.0,113,446,headphones
Ibex YG12 Bluetooth 5.4 Neckband Earphones HiFi Sound ENC Noise Cancel LED Display 50H Playtime,840.0,5.0,1,6,headphones
Wireless Bluetooth Earphones Neckband Style Sports Card Slot Long Battery Life Semi-In-Ear Digital Display Heavy Bass Effect Magnetic Absorption,1119.0,5.0,3,27,headphones
Lenovo HE05 Wireless Neckband Bluetooth 5.0 Headphone Wireless Headset With Heavy Bass Stereo Earphones High Quality Magnetic Attraction Intelligent Noise Reduction Cancelling Sports Headset,399.0,4.0,21,104,headphones
"Bluetooth 5.2 Earbuds with Magnetic Neckband, LED Display, Noise Cancel & Mic for Active Lifestyles",222.0,0.0,0,0,headphones
Wireless Headphones Bluetooth 5.2 Neckband Earphones Magnetic Sports Waterproof TWS Earbuds Blutooth Headset With Microphone Mic,395.0,4.0,30,144,headphones
"New Air 31 Wireless Bluetooth Earbuds - 1 Min Fast Charge, Long Standby, Handsfree for Driving & Calls",519.0,0.0,0,0,headphones
P47 On-Ear Wireless Headphones - Dynamic Plastic Mobile Earphones with Microphone and Noise Isolation,799.0,4.0,21,99,headphones
Wireless Neckband Bluetooth 5.0 Headphone Wireless Headset With Heavy Bass Stereo Earphones High Quality Magnetic Attraction Intelligent Noise Reduction Cancelling Sports Headset ZF Tech,279.0,4.0,90,360,headphones
Cat Ear Wireless Bluetooth Headphones for Girls with LED Light and Microphone,1540.0,4.0,199,13,headphones
"Bluetooth 5.2 Earbuds with Magnetic Neckband, LED Display, Noise Cancel & Mic for Active Lifestyles",272.0,0.0,0,0,headphones
"Bluetooth 5.2 Earbuds with Magnetic Neckband, LED Display, Noise Cancel & Mic for Active Lifestyles",230.0,0.0,0,0,headphones
"G02 Neckband Magnetic Wireless Bluetooth Earphone / Sports Earphones / Hi Fi stereo sound full boosted bass , audio sound play and Bluetooth earphones",799.0,0.0,0,6,headphones
Universal Stereo blutooth hand free /Earphone/ With Mic \ Handsfree For All Mobiles uesd,346.0,3.5,119,521,headphones
"Misuli Neckband Bluetooth Earphones – Wireless Sports Headset with Mic, Noise Cancelling & 10H Battery",652.0,4.0,75,461,headphones
"New  Wireless  Bluetooth Earbuds - 1 Min Fast Charge, Long Standby, Handsfree for Driving & Calls",583.0,0.0,0,0,headphones
Open Ear Headphones Clip On Ear Earbuds Hands-Free Noise Canceling Ear Clip For Cell Phone PC Tablet Laptop Computer,308.0,4.0,71,396,headphones
Mini Wireless Bluetooths Earbuds In Ear Headphones for Running Cordless Earphones for Men and Women ZF Tech,611.0,0.0,0,9,headphones
"100% Original Huntbird RGB Gaming Headset with Noise Reducing Mic - 3.5mm Stereo Sound Wired Over-Ear Gaming Headphones for PUBG Mobile, PC, Laptop, PS4, PS5, Xbox, Android & MP3/MP4 By Panorama",1298.0,4.0,34,107,headphones
"Magnetic Bluetooth 5.2 Neckband Earphones with LED Display & Noise Cancellation, Noise Cancelling Mic, Sweatproof, Siri/Google Assistant Compatible, Intuitive Touch Controls, Lightweight and Compact Design",599.0,0.0,0,0,headphones
"Sport Bluetooth Headphone OTE-10
Wireless Stereo Headset Mini Bluetooth Earphone with Mic
Handsfree For MP3/MP4, SmartPhone/Computer
Long Battery Time, Light Weight and Flexible",1000.0,5.0,1,15,headphones
P47 Bluetooth Over Ear Foldable Headset With Microphone Stereo Earphones 3.5Mmm Audio Support Fm Radio SD Card that suit For Pc Tv Smart Phones & Tablets,663.0,0.0,0,12,headphones
NEW Imported Bluetooth Earphones Wireless Magnetic in Ear Headphones Sport Neckband Neck-hanging TWS Earbuds Wireless Bluetooth Headset with Mic | large Capacity Digital Display Neckband,279.0,3.5,3,0,headphones
Stereo Headphone Earphone MP3 P47 Wireless Bluetooth 4.2 Headset Men Women,1294.0,0.0,0,0,headphones
"RGB Wired Gaming Headset for PC, Laptop, PS4, Xbox One & Mobile  Professional 3D Surround Sound RGB Headphones  Noise Canceling Mic with Red LED Light  Soft Earmuffs Over Ear Headset  Best Quality Stereo Bass Gaming Headphone.",1537.0,4.0,165,691,headphones
Cat Headphones for Girls | P47M Bluetooth Wireless Headphone for Mobile PC & Laptop,1184.0,4.0,109,569,headphones
"PRO RGB Gaming Headphones – Premium Stereo Surround Sound Headset with Noise-Canceling MIC, LED Light Effects, Ergonomic Over-Ear Design for Ultimate Comfort, Perfect for PC & Laptop Gaming",1472.0,4.0,110,490,headphones
Magnetic Bluetooth 5.2 Neck Band Earphones with LED Display & Noise Cancellation,763.0,0.0,0,0,headphones
K58 Wireless Headphones Bluetooth Neckband Magnetic Earphones Sport Running Earbuds Waterproof Bluetooth 5.2 Headset With Mic by Sm Trader,449.0,5.0,20,61,headphones
Stereo 13 pro Max Air.pods Super Sound Quality,653.0,4.0,46,311,headphones
HOT Sale Original Lenovo HE05X Bluetooth 5.3 Earphones Sports Headphones Waterproof Wireless HIFI Sound Magnetic Neckband Headset Mic For All Mobile Phone,655.0,5.0,1,5,headphones
K58pro TWS Wireless Headphone Bluetooth 5.3 Earphones Magnetic Neckband Sport Waterproof Blutooth Headset with Mic,1330.0,4.0,66,320,headphones
Ear Phone 3.5mm Headset Ear Hook Super Bass Earphone Handfree Hnadsfree With Mic For Mp3 Player Computer Mobile Telephone Earphone Wireless Blhutooth with Mic For PUG,276.0,5.0,5,50,headphones
High Quality Headphones / Head Phones For Girls for all Smartphones with mic White and Black Colour,682.0,3.5,23,92,headphones
Lenovo Wireless Headsets He05 Sport Earphones Magnetic Hanging Bluetooth Call Noise Reduction 8 Hours Music Control,677.0,0.0,0,0,headphones
"ZF Tech Wireless Neckband Bluetooth 5.0 Earbuds with Heavy Bass, Magnetic Attraction & Noise Reduction for Sports",158.0,3.5,1,0,headphones
"Wireless Headphones, P47 Bluetooth Foldable Headset with Microphone Support FM Radio TF for PC TV Smart Phones & Tablets Etc",775.0,4.0,131,599,headphones
"ZF Tech Wireless Neckband Bluetooth 5.0 Headset - Heavy Bass, Magnetic Attraction, Noise Reduction for Sports",215.0,5.0,0,8,headphones
"P47 Wireless headphones with Microphone Bluetooth Foldable Headset Support FM Radio TF for PC ,TV Smart Phones & Tablets etc.",746.0,3.5,9,25,headphones
P47 Bluetooth Foldable Headset with Microphone Support Fm Radio TF for PC Smartphone and Tablet,774.0,5.0,1,0,headphones
Lenovo HE05 Wireless Bluetooth 5.0 Neckband Earbuds Sports Waterproof Headset Hi-Fi Sound Bass In-Ear Earphone,399.0,4.0,11,54,headphones
"P47 Wireless Bluetooth Headphones with Mic, Noise Cancelling, Stereo Sound, Foldable Design, Supports TF Card and FM Radio, 7-10 Hours Playback, Ideal for Sports and Gaming",1300.0,0.0,0,13,headphones
AS Association Wireless Bluetooth 5.0 Headphones With Mic - Over Ear HiFi Stereo Deep Bass Headset For Gaming Gym - Noise Cancelling Foldable Earphones Support AUX/TF Card For Android Mobile Laptop PC,999.0,0.0,0,0,headphones
"Wireless Bluetooth 5.0 Headphones with Mic | HiFi Stereo Deep Bass Headset for Android, Laptop, PC | Foldable Over-Ear Noise Cancelling Earphones for Gaming, Gym, Travel & Online Classes | Support AUX/TF Card.",899.0,0.0,0,0,headphones
Bluetooth P47 Foldable Wireless Bluetooth Headset with Microphone for Smartphones and Laptops,799.0,0.0,0,0,headphones
R.ealme Neckband GD-003 Wireless Bluetooth Sports Hand free Earphone Headset Handfree,799.0,0.0,0,0,headphones
"P47 Wireless Bluetooth Headphones with Mic – Stereo Sound, Foldable, Built-in FM & SD Card Slot – Universal Compatibility",849.0,4.0,33,170,headphones
"P47 Wireless Headphones Bluetooth Headset Airpod Style Wireless Earbuds Air Buds TWS Earbuds Bluetooth Earphones Gaming Headphones Foldable Headset Wireless Built-in Mic compaible for ( PC, Laptop, Mobiles & Other Devices",2.0,0.0,0,0,headphones
"Bluetooth Wireless Headphone P47 Wireless Headphones, P47 Bluetooth Over Ear Foldable Headset With Microphone Stereo Earphones 3.5Mm Audio Support Fm Radio Tf For Pc Tv Smart Phones & Tablets",790.0,5.0,2,0,headphones
"P47 Foldable Bluetooth Wireless Headphones with Built-in Microphone, FM Radio, TF Card Support, for PC, TV, Smartphones, Tablets - New",814.0,0.0,0,0,headphones
"P47 Wireless headphones with Microphone Bluetooth Foldable Headset Support FM Radio TF for PC ,TV Smart Phones & Tablets etc.",599.0,0.0,0,0,headphones
"P47 M Wireless Bluetooth Headphones – Deep Bass Stereo Sound, Foldable & Rechargeable Over-Ear Headset with Mic",1099.0,0.0,0,0,headphones
"Wireless Headphones, P47 Bluetooth Foldable Headset with Microphone Support FM Radio TF for PC TV Smart Phones & Tablets Etc",811.0,0.0,0,0,headphones
P47 Wireless Bluetooth Headphones With Mic Stereo Bass Foldable Sports Gaming Headset TF Card Support,809.0,0.0,0,0,headphones
"Wireless Headphones, P47 Bluetooth Foldable Headset with Microphone Support FM Radio TF for PC TV Smart Phones & Tablets Etc",684.0,0.0,0,0,headphones
P47 Wireless Headphones Over Ear Super Bass 5.1 Volume Control Bluetooth Card Support SD LED Lights Built-in Microphone FM Radio,799.0,3.0,2,21,headphones
"Wireless Bluetooth 5.0 Headphones with Mic | HiFi Stereo Deep Bass Headset for Android, Laptop, PC | Foldable Over-Ear Noise Cancelling Earphones for Gaming, Gym, Travel & Online Classes | Support AUX/TF Card.",1100.0,0.0,0,0,headphones
"iP9 Wireless Bluetooth Headphones Over-Ear | Hi-Fi Stereo, Foldable & Comfortable Headset with Mic, USB-C Fast Charge, Long Battery Life",1499.0,0.0,0,0,headphones
P47 Wireless Headphones Bluetooth Stereo Headphones Foldable headset with Built in Mic Compatible for All Android and PC,899.0,0.0,0,0,headphones
"P47 Wireless headphones with Microphone Bluetooth Foldable Headset Support FM Radio TF for PC ,TV Smart Phones & Tablets etc.",799.0,0.0,0,0,headphones
"P47 Wireless Bluetooth Headphones with Mic | Stereo Bass, Foldable Headset, TF Card, FM, AUX, Gaming, Music, Handsfree for Android Phone Laptop",890.0,5.0,36,117,headphones
P47 Wireless Bluetooth Headphone Foldable Headset - Black,720.0,0.0,0,0,headphones
P47 On Ear Wireless Headphones Dynamic Plastic Mobile Phone Earphone with Volume Control / with Microphone / Noise-isolating Headset,849.0,4.0,37,104,headphones
"Wireless Headphones, P47 Bluetooth Foldable Headset with Microphone Support FM Radio TF for PC TV Smart Phones & Tablets Etc",684.0,5.0,1,0,headphones
"Wireless Headphones, P47 Bluetooth Foldable Headset with Microphone Support FM Radio TF for PC TV Smart Phones & Tablets Etc",815.0,0.0,0,8,headphones
"Wireless Headphones, P47 Bluetooth Foldable Headset with Microphone Support FM Radio TF for PC TV Smart Phones & Tablets Etc",849.0,5.0,1,12,headphones
P47 Wireless Bluetooth Foldable Headset With Microphone For All cell phones and laptop,799.0,4.0,323,13,headphones
P47 Wireless Bluetooth 5.0 Foldable On Ear Headphones with Mic and Noise Isolation,746.0,0.0,0,0,headphones
P47 Wireless Headphones Bluetooth Stereo Head phones Foldable Headset with Mic Wireless Built-in Mic compaible for all Android Devices and PC,456.0,5.0,3,10,headphones
P47 On Ear Wireless Headphones Dynamic Plastic Mobile Phone Earphone with Volume Control / with Microphone / Noise-isolating Headset,799.0,4.0,52,242,headphones
Wireless Bluetooth Over-Ear Headphones | Deep Bass | Noise Reduction | Long Battery Life,1299.0,0.0,0,0,headphones
Orignal P47 Wireless Headset Bluetooth Foldable On-Ear Headphone Wireless Earbuds Invisible Ultra Small Bluetooth Handfree for all cell phones,821.0,0.0,0,0,headphones
Original P47 Wireless Bluetooth Headset Foldable On-Ear Headphones Wireless Earbuds Invisible Ultra Small Bluetooth Handsfree Stereo Headset for All Mobile Phones Deep Bass Noise Isolation Adjustable Headband Rechargeable Gaming Music Calling Headphones P,750.0,0.0,0,0,headphones
"ZAYRAZ Cute Cat Ear Wireless Bluetooth Headphones with LED Lights, Noise Cancelling, Volume Control, New, Compatible with iOS/Android - One Size Fits All for Kids & Adults",1390.0,4.0,214,11,headphones
Lunar Ace - Wireless - Bluetooth - Rechargeable - Headphone with Mic for calling - Headset for Mobile and PC Users (Black),466.0,0.0,0,0,headphones
"P47 Wireless Headphones Over Ear Super Bass 5.1, Volume Control, Bluetooth, Card Support SD, LED Lights, Compatible with both, Built-in Microphone, FM Radio",1000.0,0.0,0,11,headphones
P47 On Ear Wireless Headphones Dynamic Plastic Mobile Phone Earphone with Volume Control / with Microphone / Noise-isolating Headset,839.0,4.0,123,543,headphones
P47 Wireless Headphones Bluetooth Stereo Head phones Foldable Headset with Mic Wireless Built-in Mic compaible for all Android Devices and PC,456.0,5.0,4,18,headphones
"B-51 Wireless Stereo Headphones - RGB Glow Light - Foldable Bluetooth 5.0 Headset for Gaming, Music & Calls",1300.0,0.0,0,6,headphones
P47 Foldable Wireless Bluetooth Headphones,999.0,0.0,0,0,headphones
Orignal Wireless Headset Bluetooth Foldable On-Ear Headphone Wireless Earbuds Invisible Ultra Small Bluetooth Handfree for all cell phones,394.0,5.0,2,34,headphones
Wireless Bluetooth Headphones China Bubble Packing | HiFi Stereo Over-Ear | Built-in Mic | Sports Headset,1169.0,0.0,0,0,headphones
Original p47 headphone Wireless Earbuds Invisible Ultra Small Bluetooth Handfree for all cell phones,899.0,4.0,13,92,headphones
Lenovo GM2 Pro Bluetooth 5.3 Earphones Sports Headset Wireless In-Ear Gaming Low Latency Dual Mode Music Headphones New,2300.0,4.0,1000,41,headphones
Single in-Ear Clip on Headphones TWS Bluetooth 5.3 Earphone Wireless Earbud With Mic Sports Handsfree Headset For Iphone Samsung,339.0,4.0,11,47,headphones
Magnetic Bluetooth 5.2 Neck Band Earphones with LED Display & Noise Cancellation,790.0,5.0,2,0,headphones
Air Buds M10 Wireless Earbuds - 3500mAh Extended Battery HiFi Stereo Sound Bluetooth Headphones,599.0,4.5,3,15,headphones
"G4 & Pro 4 - M10 and i12 TWS Wireless Bluetooth Earbuds V5.0 with Touch Sensor and Built-in Mic, True Stereo, 10m Transmission, Charging Case, Sports Headset for All Bluetooth Devices - Black",499.0,4.0,23,93,headphones
Wireless Bluetooth Neckband Earphones Long Battery Display Sports Headphones Handsfree Earbuds Magnetic,1500.0,5.0,1,0,headphones
Neckband Wireless Bluetooth 5.4 Headphones HiFi Sound Neckband Earphones Sports Gamer Headsets Noise Reduction,1578.0,4.0,17,45,headphones
"FunBug Premium Gaming Headphones Collection - Over-Ear Stereo Sound Headset with 360° Adjustable Noise Reducing Microphone for PC, Laptop, Mobile, PS4, Xbox - USB 3.5mm Wired Plug -Multiple Models",1592.0,4.0,38,212,headphones
Original Magnetic Wireless Bluetooth Handfree connects with all mobile Phones,653.0,4.5,25,139,headphones
"Bluetooth TWS Wireless Headset, Premium Sound, Hands-Free, Noise-Canceling, Universal Compatibility",616.0,5.0,3,9,headphones
Neckband Wireless Headphones Bluetooth Neckband Magnetic Earphones Sport Running Earbuds Waterproof Bluetooth 5.2 Headset With Mic,326.0,5.0,2,10,headphones
"G01 Neckband Bluetooth Headset - Waterproof, Long Battery Life",980.0,4.0,361,21,headphones
SUPER SOUND NECK BAND BLUETOOTH HANDFREE WIRELESS HEADPHONES,249.0,4.0,33,131,headphones
Magnetic Bluetooth 5.2 Neckband Earphones with LED Display & Noise Cancellation,1199.0,3.5,4,32,headphones
Super Sound Neckband_Best Sports Neckband_water Resistance_ HEO5 Neckbands_Lenovo Neckband_ Long Lasting battery timing_Hifi Stereo Sounds quality with Heavy Bass_ Neckband Headset,685.0,4.0,70,379,headphones
"Magnetic Lenovo HEO5 X Bluetooth 5.0 Sports Earbuds - Waterproof Neckband, 8H Battery & Calling Noise Cancellation",750.0,5.0,1,0,headphones
"Heart Shape Wireless Bluetooth Earbuds with Stylish Charging Case – Stereo Sound, Touch Control, Long Battery",2989.0,5.0,8,34,headphones
Bluetooth 5.2 Neckband Earphones with LED Display & Noise Cancellation,199.0,5.0,1,8,headphones
"Misuli Neckband Bluetooth Earphones Wireless with Mic, Noise Cancelling, Sport Design, 10 Hours Battery, Free Charging Cable",593.0,3.5,34,244,headphones
Air buds Air 31 Wireless Bluetooth-Compatible Headset Wireless Earphone Invisible Sports Fitness Earbuds In-ear Headphone,699.0,4.0,5,33,headphones
"Wireless Bluetooth Handsfree Sports Earphone with Magnetic Design, Stereo Bass, Noise Reduction, and Dual Device Connectivity Black and Red",599.0,4.0,62,280,headphones
Lenovo HE05 X Wireless Bluetooth 5.0 Sports Earphones Headset Neckband_Waterproof Neckband_Sports Neckband_Noice Cancellation in Calling_Magnetic Ear buds_Long Battery Timing UpTo 8 hours,825.0,4.0,40,219,headphones
M10 Wireless Bluetooth Headphones With Headsets Stereo Sound Earphones Sports Gaming Headphones Supports Headphones - All device connected,549.0,5.0,2,22,headphones
"Pro - III RGB Gaming Headphones | 360° Surround Sound | Noise Cancelling Microphone | Soft Ear Cushions | In-Line Volume Controls | LED Lights | RGB Gaming Headset for PC, PS4, Xbox One, Laptop, Mobile & More - Unique Mall",1477.0,4.0,96,357,headphones
Original T75 Bone Conduction Wireless Bluetooth 5.3 Headphones Sports Earphones HiFi Sound Quality Waterproof TWS Headset,653.0,0.0,0,20,headphones
Original p47 headphone Wireless Earbuds Invisible Ultra Small Bluetooth Handfree for all cell phones,660.0,5.0,1,10,headphones
Wireless 9D Bluetooth Headset NeckHanging Stereo Noise Reduction Universal 5.0 Sports Headset Microphone,847.0,0.0,0,0,headphones
"M10 , A6s , F2 earbuds Headphones,Handfree,EarPhone, Bluetooth Neckband Magnetic Earphones Sport Running Earbuds Waterproof Bluetooth 5.2 Headset With Mic, SM Trader",211.0,5.0,3,25,headphones
New S109 Wireless Bluetooth Headset Hanging Ear Unisex Driving Can Answer The Phone Long Standby 1 Minute Fast Charge Single Headset,204.0,0.0,0,0,headphones
Bluetooth Earpiece Universal Bone Conduction Headset Wireless Bluetooth 4.2 Sports Stereo Headset For Laptops For Smartphones,225.0,5.0,1,0,headphones
【PRO】 Gaming Headset with RGB Microphone for Nintendo Switch PS5 PS4 PC Gaming Headsets / Head Phone / Headphone Over Ear Noise Canceling Mic Wired Mode for Xbox PC,1479.0,4.0,158,612,headphones
"Lenovo HE05 Bluetooth 5.0 Neckband Earbuds with High Quality Stereo Sound, Intelligent Noise Cancelling for Sports",169.0,0.0,0,0,headphones
New Special Offer P47 New Multifunctional Noise Cancelling+FM+Mic +Wired Double Mode Mic  Headphones for All Phones,849.0,4.0,35,115,headphones
Original Mini Wireless bluetooth handfree Earbuds Wireless Headphones Mini Stereo In-Ear   Cancelling Microphone For All  Devices,232.0,3.5,14,55,headphones
Original M10 & M90 TWS Wireless Earphones Touch Control 5.3 with power bank charger Headset Waterproof 9D Hifi Quality Earbuds 3500mAh Stereo Sports Headphones With Microphone,696.0,0.0,0,5,headphones
"Lenovo HE05 Pro Original Bluetooth Neckband Earphones - Clear Sound, Wireless Ease",933.0,4.0,46,262,headphones
Wireless Headphones Bluetooth 5.2 Neckband Earphones Magnetic Sports Waterproof TWS Earbuds Blutooth Headset With Microphone Mic,666.0,4.0,84,292,headphones
"Bone Conduction Headphones, Wireless Open-Ear Headphones, Bluetooth 5.3 with Mic - MP3 Play Built-in 32GB Memory, IPX8 Waterproof Sports Headphones for Gym Workout Swimming Running Cycling.",840.0,4.0,1,20,headphones
"G02 Sports Neckband LED Digital Display Wireless BT Headphone Magnetic Bass Headset with Handsfree Earbuds BY Sm""Trader""",449.0,5.0,1,0,headphones
Special Edition [4G LTE SIM] C95 Ultra Android 4GB+64B Play Store GPS WiFi Bluetooth Health Monitoring Phone Call Smart Android Watch,999.0,4.0,7,94,watches
Special Edition [4G LTE SIM] C95 Ultra Android 4GB+64B Play Store GPS WiFi Bluetooth Health Monitoring Phone Call Smart Android Watch,1499.0,5.0,1,51,watches
2025 New  Smart Watch 2.45inch 4G Network GPS Wifi Camera 64G ROM Storage Google Play Small Mobile Phone Smartwatch Women YouTube play store TikTok song All social media working,2021.0,5.0,2,55,watches
4g Sim Smart Watch Orignal WhatsApp _facebook_ Android _yotube_Dual camera _instagram_tiktok_playstore_google chrome_ 2months Sim working_Ram1/16_and both social media platforms working perfectly,1645.0,5.0,1,69,watches
Special Edition [4G LTE SIM] C95 Ultra Android 4GB+64B Play Store GPS WiFi Bluetooth Health Monitoring Phone Call Smart Android Watch,1099.0,3.5,3,35,watches
"T900 ultra smart watch T900 pro ultra series 8 - 2.09"" Infinite Display, Fitness tracker, Heart rate monitor, Full touch Bluetooth calling, Built-in games for Men and Women smart watch",1585.0,0.0,0,0,watches
Special Edition [4G LTE SIM] C95 Ultra Android 4GB+64B Play Store GPS WiFi Bluetooth Health Monitoring Phone Call Smart Android Watch,1222.0,4.0,2,37,watches
Special Edition [4G LTE SIM] C95 Ultra Android 4GB+64B Play Store GPS WiFi Bluetooth Health Monitoring Phone Call Smart Android Watch,1425.0,4.5,4,13,watches
Pink Arabic Aura watch For Womens New Arabic Design Waterproof in Quartz Movement Trending New Color Pink Aura Watch 100% Original Watch Black Arabic Aura Watch For Men Stylish Aura Watch 100% Original Watch Amazing Smart Watch Black Aura Watch,824.0,0.0,0,0,watches
Special Edition [4G LTE SIM] C95 Ultra Android 4GB+64B Play Store GPS WiFi Bluetooth Health Monitoring Phone Call Smart Android Watch,1221.0,4.5,4,30,watches
Special Edition [4G LTE SIM] C95 Ultra Android 4GB+64B Play Store GPS WiFi Bluetooth Health Monitoring Phone Call Smart Android Watch,1599.0,0.0,0,18,watches
Aura Watch for Men Stylish - Original Aura Arabic Dial Watch - Luxury Business Watch for Gents - Aura Watch Black and Blue - Fashionable Aura Watch for Girls and Boys - High Quality Aura Watches with Box - Aura Perfume Design Watch - New Arrival Watch,545.0,4.0,22,188,watches
High Quality Men's Watches Stainless Steel Waterproof Watch for Man women,531.0,4.0,1223,61,watches
"“WHEEL WATCH Premium  Men’s Wristwatch – Rotating Rim Dial, Multi-Function Modern Design, Waterproof Metal Strap”Look Like Smart Watch",1899.0,4.0,51,251,watches
"Black Arabic Aura Watch For Men – Elegant Design, Arabic Numerals, Premium Quartz Movement ✅",550.0,4.0,360,17,watches
"A58 Plus Ladies Smartwatch with Jewelry Strap | Elegant Fitness & Health Tracker | Heart Rate, BP & Sleep Monitor | Stylish Women Smart Watch",2450.0,0.0,0,0,watches
Watch Touch Screen With Bluetooth Calling/Good Battery Life,1799.0,5.0,3,72,watches
M16 5G 4G Ultra-Thin Business AI Smartwatch TFT Display 2.02INCH for Magnetic Charging Answer Calls IP68 5-7 Days Battery,2260.0,0.0,0,15,watches
Special Edition [4G LTE SIM] C95 Ultra Android 4GB+64B Play Store GPS WiFi Bluetooth Health Monitoring Phone Call Smart Android Watch,1499.0,3.0,1,13,watches
Special Edition [4G LTE SIM] C95 Ultra Android 4GB+64B Play Store GPS WiFi Bluetooth Health Monitoring Phone Call Smart Android Watch,1536.0,3.0,1,11,watches
"10 in 1 STRAP
ULTRA WATCH
49 MM
SPACE ALUMINIUM CASE",2564.0,5.0,4,64,watches
Special Edition [4G LTE SIM] C95 Ultra Android 4GB+64B Play Store GPS WiFi Bluetooth Health Monitoring Phone Call Smart Android Watch,1580.0,3.5,3,13,watches
Smart,1699.0,3.5,6,50,watches
Aura Watch Marble Design Black and White Shade Dial Stylish Aura Watch Original Amazing Smart Watch - Elegant New Black Arabic Aura Watch Full Black Dial in Fiber and Metal With Box,599.0,3.5,7,84,watches
Special Edition [4G LTE SIM] C95 Ultra Android 4GB+64B Play Store GPS WiFi Bluetooth Health Monitoring Phone Call Smart Android Watch,1630.0,3.0,1,19,watches
"The 4G LTE Android Watch Phone | 4GB+64GB Memory | Google Play Apps, WiFi, GPS & Bluetooth | Advanced Health Monitoring & Voice Calls
3. The ""Concise & Premium",1739.0,5.0,1,25,watches
"D13 Smart Watch With Elegant Design, Touch Display & Sporty look for Android",1600.0,0.0,0,0,watches
Special Edition [4G LTE SIM] C95 Ultra Android 4GB+64B Play Store GPS WiFi Bluetooth Health Monitoring Phone Call Smart Android Watch,1550.0,0.0,0,8,watches
"DZ09 Premium Bluetooth Smart Watch with HD Display, Camera, SIM Support, Pedometer & Notifications for Android Phones",1890.0,3.5,3,31,watches
Black Arabic Aura Watch For Men Stylish Aura Watch 100% Original Watch Amazing Smart Watch with Arabic numerals fiber chain unisex Butterfly Clasp Black Arabic Aura Watch For Men Stylish Aura Watch 100% Original Watch Amazing Smart Watch Arabic Numerals,1574.0,0.0,0,0,watches
Aura Watch for Men Original Black - Arabic Numerals Dial Watch - Luxury Aura Watches - Aura Watch for Boys Stylish - New White Dial Aura Watch - Aura Watch Arabic Original - Fashion Gents Watch - Aura Watch with Comfortable Strap - Arabic Number Watch,545.0,5.0,6,43,watches
"Black Arabic Aura Watch For Men – Elegant Design, Arabic Numerals, Premium Quartz Movement ✅",560.0,4.0,617,28,watches
Pack of 4 Mens Silver Watch Set || casual watch set || smart watch || Watch Ring Braclete Chain,399.0,0.0,0,0,watches
"GT7 Ultra Smart Watch 1.52"" HD Display – Bluetooth Calling, Fitness & Health Tracker, Waterproof, Heart Rate Monitor – Premium Series Design Compatible with All Smartphones",1871.0,4.0,181,709,watches
NEW 4G Android H18 Smart Watch 1.95 inch Large Spherical Screen Camera Video Call With 1100mAh Big Battery Outdoor Sport Men 3 sold,3699.0,5.0,2,21,watches
Aura watch Arabic Aura Watch marble Design Black and White Aura watch,650.0,4.0,4,43,watches
Aura watch Arabic Aura Watch marble Design Black and White Aura watch,629.0,4.0,572,30,watches
GT1 Smart Watch for Men & Women | Stylish Fitness Smartwatch | Heart Rate & Sleep Monitor | Sports Mode | Waterproof Watch GT1 | Long Battery Life | Latest GT1 Smartwatch Design,1645.0,0.0,0,7,watches
"Unisex Waterproof Digital Display Watch - 1 Pc, Square Case with Textured Strap",800.0,0.0,0,14,watches
"100% Imported High Quality watch for men , boys new design 2025",698.0,4.0,16,105,watches
Black Arabic Aura Watch For Men Stylish Premium Quartz Wrist Watch Elegant Arabic Dial Design,519.0,5.0,5,32,watches
Brown leather Luxury Watch For Unisex Rs. 19,299.0,4.0,3455,167,watches
D20 Bluetooth Smart Watch Men Waterproof Sport Fitness Tracker Smart Bracelet Blood Pressure Heart Rate Monitor Y68 Smartwatch,629.0,3.5,4,39,watches
Watch for Boys Digital Watch Waterproof Stainless Steel Analock Watch for Men Watch Mens & Womens Watch KCO A159WA-N1DF Classic Black Chrono Premium Quality Casual Wrist Watch Numerals Butterfly Clasp Stealness Steel Chain Imported Gift Watch,349.0,5.0,0,8,watches
zip for girls,2.0,3.0,1,0,watches
"GT7 Ultra Smart Watch 1.52"" HD Display – Bluetooth Calling, Fitness Tracker, Waterproof, Health Monitor – Compatible with All Smartphones & Android",749.0,4.0,44,183,watches
"“Premium Hybrid Men’s Wristwatch – Rotating Rim Dial, Multi-Function Modern Design, Waterproof Metal Strap”Look Like Smart Watch",599.0,4.0,14,55,watches
"Black Arabic Aura Watch For Men – Elegant Design, Arabic Numerals, Premium Quartz Movement ✅",545.0,4.0,5,36,watches
zip for girls,2.0,0.0,0,0,watches
Classic Luxury Watch for Men / Boys - Stylish Stainless Steel Mens Watches Arabic Watch,399.0,4.0,245,15,watches
"Elegant Black Arabic Aura Watch  Alphabet Watch for Men, Stylish Stainless Steel Strap, Original New",548.0,4.0,711,35,watches
Pack of 4 Men's Watches | Mens Watch |Stylish Watches for Boys & Men | Luxury Men's Watch Set with Chain Strap | Pack of4 Watches for Men with Elegant Design | Trendy Watches for Boys Stylish Look | Premium Men's Watches Chain  | Exclusive Pack of 4 Men's,324.0,4.0,37,171,watches
New GT1 Smart Watch Multiple Sport Mode Sleep Monitoring Information Push Bluetooth Calling,1424.0,5.0,19,80,watches
Round led watch W90,260.0,5.0,8,60,watches
Dz09 smart watch for man & women sim supported android watch calling and travelling,2319.0,5.0,1,27,watches
Elegant Black/Gold Stainless Steel Quartz Watch with Calligraphy Design for Men and Women,597.0,4.0,1637,83,watches
V16 Round Dial Touch Screen Smart Watch ⌚✨,2999.0,0.0,0,5,watches
Aura Watch Marble - Aura Watch For Men - Aura Watch Black - Aura Watch Arabic - Aura Watch White - Aura Watch For Men Luxury Men - Aura Watch For Boys - Aura Watches - Ghari - Unisex - Fiber Watch,599.0,5.0,24,183,watches
"Zero®  Luna Smart Watch | 1.39” TFT Display, Bluetooth Calling, 100+ Watch Faces | IP67 Waterproof, SpO2 & Heart Rate Monitor | Best Price Smartwatch for Men & Women, IOS & Android",5494.0,4.0,1530,56,watches
"LCZ DZ09 Smartwatch |

Touch Screen Display

| Sim Supported |

Calling and Camera |

PTA

Approved |

Smart Watch",1930.0,0.0,0,7,watches
New led watch for boys and girls,199.0,5.0,23,96,watches
Aura Watch Arabic Original for Men - Luxury Black Watch with Marble Dial - Premium Quality Adjustable Strap Watches - Aura Watch for Boys Kids - The Art of Persuasion Style Fashion Watch - New Aura Watch White and Green - Elegant Men’s Aura Watch with Box,545.0,5.0,2,36,watches
Pack of 4 Men's Watches | Mens Watch |Stylish Watches for Boys & Men | Luxury Men's Watch Set with Chain Strap | Pack of4 Watches for Men with Elegant Design | Trendy Watches for Boys Stylish Look | Premium Men's Watches Chain  | Exclusive Pack of 4 Men's,399.0,5.0,5,18,watches
Brown leather Luxury Watch For Unisex Rs. 19,299.0,4.0,78,417,watches
Aura Watch for Men Original - Luxury Arabic Dial Wrist Watch for Boys - Genuine Leather Strap Watch - Aura Black and White Quartz Watch for Gents - Premium Golden Watch with Box - Water Resistant Fashion Watch for Men - Stylish Aura Watches for Kids,545.0,4.0,12,46,watches
Aura Watch Blue - Aura Watch For Men - Aura Watch Black - Aura Watch Arabic - Aura Watch Fiber - Aura Watch For Men Luxury Men - Aura Watch For Boys - Aura Watches - Ghari - Unisex - Fiber Watch,629.0,4.0,18,79,watches
"HMT DZ09 Smartwatch |

Touch Screen Display

| Sim Supported |

Calling and Camera |

PTA

Approved |

Smart Watch",1899.0,0.0,0,7,watches
Luxury Watch for Boys Stylish New Design 2026 - Watches for Men Luxury Fashion - Waterproof Analog Quartz Wrist Watch for Boys Digital Smart Style - Branded Watch for Mens - Fancy Watch for Girls Stylish with Bracelet - Best Gift for Boys & Men,649.0,0.0,0,5,watches
Black Ora Watch | Black Arabic Aura Watch For Men,630.0,5.0,1,21,watches
Aura Marble Design Most Trending 2026 Aura Watch Premium Quality Aura watch Smart watch,629.0,4.0,21,112,watches
White Marble Arabic Aura Unisex Watch | Luxury Marble Effect Dial Wrist Watch with Arabic Numerals | Stylish Fiber Strap Fashion Watch for Men & Women | Elegant Modern Unisex Timepiece in Pakistan Best Gift,663.0,4.0,43,207,watches
Black Arabic Aura Watch For Men Stylish Aura Watch 100% Original Watch,530.0,4.0,21,160,watches
Gifts Surprise & Big Offer Buy A Watch with Luck Premium Quality Watch,1499.0,0.0,0,0,watches
"GT7 Pro Smartwatch 2024 Edition - Bluetooth Calling Watch with High Resolution HD Display & Full Metal Body - Professional Sports Activity Tracker, Heart Rate & SpO2 Oxygen Sensor - Music Control & Voice Assistant Fashionable Fitness Smart Band",1799.0,5.0,1,0,watches
20/22 mm Metal Magnetic Chain Straps for Smart Watches,599.0,4.0,23,102,watches
20/22 mm Silicon Rubber Straps For Smart Watches,349.0,4.0,39,212,watches
Black Arabic Aura Watch For Men Stylish Aura Watch 100% Original Watch Amazing Smart Watch Latest Aura Design Aura Watch – White & Black Marble Color – Premium Trending Fashion Wrist Watch for Men & Women – Elegant Dial – Stylish High Class Look,599.0,4.0,39,183,watches
New Design Stainless Steel Quartz Wristwatch For Men,699.0,4.0,17,91,watches
B41 Real Stepcount Smart Watch Multi Function Step Connected Smart Watch For Men And Women Suitable For And Android,1799.0,0.0,0,53,watches
Dz09 smart watch for man & women sim supported android watch calling and travelling,2190.0,3.0,1,13,watches
Stainless Steel Quartz Wristwatch for Men,339.0,4.0,319,15,watches
Silicone LED Watch with Acrylic Case,215.0,4.0,32,170,watches
Ultra Smartwatch 49mm | Series 8 Ultrasupported sim watch facebook whatsapp message call direct no need phone with charging cable inside,1599.0,4.0,25,137,watches
Latest Style Fashionable New Smart Watch with Leather Strap - for Men,295.0,4.0,15,90,watches
Dz09 smart watch for man & women sim supported android watch calling and travelling,1899.0,0.0,0,6,watches
"Watch with Earbuds, 2.02"" HD Screen，2 in 1 Watches for Women, Waterproof Fitness Tracker Watch with Wireless Earphone Compatible for Android iOS with Sports Monitor Sleep/Black",3799.0,0.0,0,0,watches
Aura Watch Arabic Original - Luxury Green Marble Dial Analog Watch for Men - Comfortable Strap Watch for Boys - High Precision Quartz Watch for Gents - Aura Brand Watch with Gift Box - Fashionable Arabic Numbering Watch - Trending Aura Watch for Men,1425.0,4.0,5,47,watches
Arabic Aura Watch 2025 Black Modern Creative Design Waterproof Stainless Steel Chain Quartz Movement,549.0,0.0,0,0,watches
Classic Men’s Watch – Gold Plated Bezel with Steel Bracelet,897.0,5.0,7,66,watches
"Brown Leather Analog Watch for Unisex, Quartz Movement, Fashion Casual Style",332.0,4.0,229,13,watches
Smart Watch i8 Pro Max  44mm Full  Screen  Water Resistance Black,3000.0,0.0,0,0,watches
Westpoint HALO WP-5000 Smart Watch Bluetooth Calling Fitness Tracker HD Display Waterproof Smartwatch for Men & Women,6499.0,0.0,0,0,watches
Black Arabic Aura Watch For Men Stylish Aura Watch 100% Original Watch 7 straps Smartwatch,544.0,4.0,930,37,watches
Y20 Ultra Smart Watch With 7 Straps 49mm Large Screen Wireless Charging Waterproof,6999.0,4.0,13,23,watches
Black Arabic Aura Watch For Men Stylish And Trendy Watch For Boys 100% Fiber smart,569.0,5.0,7,18,watches
Aura Watch Original Arabic - Men’s Casual Wrist Watch - Luxury Golden Aura Watch - Aura Watch for Boys and Girls - Premium Black Marble Dial Wrist Watch - Water Proof Aura Watch for Men - Best Gift Item Aura Watch with Box Pack - New Stylish Aura Watches,545.0,5.0,2,9,watches
"Black Arabic Aura Watch For Men – Elegant Design, Arabic Numerals, Premium Quartz Movement ✅",549.0,4.0,73,322,watches
black arabic aura watch orginal for men | black aura stylish watch for boys | best gift for boys and men | smart and nique watch for daily wear,999.0,0.0,0,0,watches
DZ09 Android Multifunctional Smart Watch 1.5inch OLED Touch Screen IP67 Waterproof Card Insert Call Sports,1899.0,0.0,0,7,watches
Aura Watch Original Arabic - Men’s Casual Wrist Watch - Luxury Golden Aura Watch - Aura Watch for Boys and Girls - Premium Black Marble Dial Wrist Watch - Water Proof Aura Watch for Men - Best Gift Item Aura Watch with Box Pack - New Stylish Aura Watches,545.0,4.0,7,29,watches
Special Edition [4G LTE SIM] C95 Ultra Android 4GB+64B Play Store GPS WiFi Bluetooth Health Monitoring Phone Call Smart Android Watch,1690.0,0.0,0,0,watches
"Arabic Aura Premium Men's Watch – Elegant Quartz Wristwatch | Stylish & Durable Design - For Children,Kids,Men,Women,Unisex | 100% Orignal",560.0,5.0,8,54,watches
"White Aura Stylish Smart Wrist Watch for Men & Women – Elegant Analog & Digital Design, Perfect for Casual & Formal Wear",600.0,5.0,34,159,watches
Aura Watch Marble - Aura Watch For Men - Aura Watch Black - Aura Watch Arabic - Aura Watch White - Aura Watch For Men Luxury Men - Aura Watch For Boys - Aura Watches - Ghari - Unisex - Fiber Watch,650.0,5.0,4,28,watches
V16 Pro Smartwatch – HD Display | Bluetooth Calling | Fitness Tracker,2599.0,0.0,0,0,watches
The A58 Plus 10-in-1 Combo is designed to make every woman feel special. 💖,2399.0,0.0,0,0,watches
Stainless Steel Quartz Wirstwatch For Men,663.0,4.0,29,126,watches
"Black Arabic Aura Watch For Men – Elegant Design, Arabic Numerals, Premium Quartz Movement look like smart watch",549.0,4.0,24,81,watches
"All in one Smartwacth, Sim supported, Memory card (sd card) supported, wifi supported and coonectivity, camera supported, sim wali, calling watch, bluetooth supported, youtube, whatsapp, facebook, and all social media supported, fitness tracking,",2238.0,0.0,0,15,watches
"SENBONO Waterproof Sports Smartwatch with HD Touch Display, Bluetooth Call, 100+ Sport Modes, Heart Rate Monitor, Password Lock, Calculator - Unisex",2469.0,4.0,8,24,watches
Luxury Aura Watch for Men - Arabic Dial Original Watch - Premium Quality Strap Wrist Watch - Aura Watch for Boys Kids - Aura Black and Green Watch - Elegant Golden Watch for Gents - High Volume Search Keywords Aura Watch - Aura Watch with Free Box Pack,545.0,4.0,13,42,watches
White Marble Arabic Aura Unisex Watch | Luxury Marble Effect Dial Wrist Watch with Arabic Numerals | Stylish Fiber Strap Fashion Watch for Men & Women | Elegant Modern Unisex Timepiece in Pakistan.,663.0,5.0,8,67,watches
"Branded Matt Chain Watch for Men – Black Matte Chain, Round Dial, Formal Wear",579.0,4.0,50,306,watches
Luxury ladies watch magnet stainless steel mesh with starry fashion diamond female luminous shining quartz watch relogio feminin,349.0,0.0,0,0,watches
Black Ora Watch | Black Arabic Aura Watch For Men,649.0,0.0,0,11,watches
WS-Z9 Smartwatch Super Amoled Display Smart Watch For Men / Women Stainless Steel IP67 Waterproof Smart Watch Wireless Charging Heart Rate & Sleep Monitoring Smart Watch WS Z9 SmartWatch Stainless With Amoled Display,4500.0,4.0,2,0,watches
Premium Ladies Leather Handbag – Stylish & Durable Shoulder Bag,949.0,0.0,0,0,watches
"Casual Analog Watch for Men and Women, Stylish Round Dial, Leather Strap, White",429.0,4.0,131,639,watches
Analog Date Leather Men Wrist Watch - Black For Gents Watch With Box,758.0,4.0,222,971,watches
High Quality Wrist Watch For Men & Boys| Decent Wrist Nautilus Stainless Steel Watch New Ultra Thin Men's Watch Quartz Watch,649.0,5.0,2,12,watches
"Zero® Ignite Smart Watch | 1.83” IPS Curved Screen, Bluetooth Calling, 100+ Watch Faces | IP67 Waterproof, SpO2 & Heart Rate Monitor | Best Price Smartwatch for Men & Women, IOS & Android",5494.0,4.0,403,14,watches
Y56 New Smart Watch Men Women Bluetooth Smartwatch Touch Smart Bracelet Fitness Bracelet Connected Watches for Ios Android D20,1960.0,0.0,0,148,watches
Stylish Ladies Magnetic Wrist Watch For Women,344.0,4.0,105,713,watches
"Watch, 2.01"" AMOLED Curved Touchscreen Fitness Watch for Men Women, IP68 Waterproof, 24/7 Heart Rate/Sleep Monitor, Fitness Tracker with Pedometer, 120+ Sports Modes, Smartwatch for Android iOS",3899.0,0.0,0,0,watches
W9 Ultra Smart Watch - Series 9 Smart Watch - Curved Display- Wireless Charging Andrioid Watch.,1600.0,0.0,0,0,watches
Y10 Ultra Smart Watch with 3 + 1 Straps 49mm HD Screen Wireless Charging IP68 Waterproof,6500.0,0.0,0,0,watches
New Style  Brown Leather Strap Watch For Unisex,295.0,4.5,65,301,watches
watch for boys stylish branded watches for mens boys watchs digital wristwatch smartwatch analog watches for boys,497.0,4.0,238,12,watches
LAXASFIT Smart Watch Bluetooth Calling LED Flashlight Sports Fitness Tracker for Men & Women 1.71-inch HD Dial,1799.0,4.0,2,12,watches
Black Wristwatch Stainless Steel Quartz Watch for Men,599.0,4.0,17,92,watches
Vintage Luxury Classic Watch For Boys & Girls Men & Women Latest Design,377.0,4.0,98,570,watches
Black Arabic Aura Watch For Men Stylish Aura Watch 100% Original Watch Amazing Smart Watch,680.0,4.0,204,515,watches
Samsung Galaxy Active 2 New Model 2024 With Chain Strap,4084.0,5.0,5,15,watches
Classic Black Chain Strap Stainless Steel Wrist Watch For Men / Decent SB FIT Chain Formal Watches For Boys and girls,555.0,4.0,62,290,watches
Black Arabic Aura Watch  | Premium Men’s Wrist Watch in Black Color | Stylish Aura Watch in White Color |,597.0,4.0,72,294,watches
Premium Quality BROWN LEATHER WALLET For Men,265.0,4.0,109,716,watches
Mini GPS Locator Tracker Air tag Tracking Anti-Lost Device Locator Tracer For Pet Dog Cat Kids Car Wallet Key Collar Accessories,979.0,0.0,0,18,watches
LUXURY Ladies Magnetic Wrist Watch For Women,322.0,5.0,5,25,watches
Luxury Watch Full Diamond Touch Screen LED Watch Steel Chain with Diamonds Ladies Watches For Female Women Girl,729.0,4.0,31,119,watches
DZ09 Smartwatch for Men & Women | New Smart watch | Good Battery timing with SD card support Upto 32GB | Smartwatch,2675.0,0.0,0,0,watches
Luxury Watch for Boys Stylish New Design 2026 - Watches for Men Luxury Fashion - Waterproof Analog Quartz Wrist Watch for Boys Digital Smart Style - Branded Watch for Mens - Fancy Watch for Girls Stylish with Bracelet - Best Gift for Boys & Men,679.0,5.0,1,9,watches
Silver/Black/Golden Classic Luxury Watch for Girls / Women - Stylish Stainless Steel Analog Quartz Girls Watches,597.0,5.0,2,15,watches
SIM Memory and Camera Supported Smart Watch DZ09 Price in Bangladesh,1899.0,0.0,0,0,watches
New S9 Ultra Smart Watch 2.02 Inch Full HD Touch Screen IP67 Waterproof,3999.0,0.0,0,0,watches
Waterproof Sport M4 Touch Led Digital Watch For Boys & Girls - All Colours,173.0,4.0,1246,64,watches
Pack of 02 - 100% Imported Branded Watch for Men and Boys New Design 2025 - 8 Number Classic Watches for Mens Smartwatch With Amazing Hand Band,429.0,0.0,0,0,watches
"Military Tactical  Watches for Men, 100-Day Battery Rugged Fitness Watch with Compass & Flashlight, Sports Watch for Android with 2.01"" HD Display AI Voice, IP68 Waterproof watch (Black)",3799.0,0.0,0,0,watches
Aura Arabic Watch Original for Men - Luxury Blue Marble Dial Analog Watch - High Quality Watch for Boys - Aura Gents Watch with Premium Strap - Elegant Arabic Number Watch for Men - New Arrival Aura Watches - Best Birthday Gift Watch with Original Box,555.0,5.0,2,8,watches
Only Box For Aura Watch,199.0,5.0,3,17,watches
Stylish watch square shape for men and women Waterproof Smart Like Design,335.0,5.0,8,42,watches
zip for girls,2.0,0.0,0,0,watches
Mini GPS Bluetooth 5.0 Tracker AntiLost Device Round Pet Kids Bag Wallet Tracking Smart Finder Locator,1067.0,0.0,0,135,watches
"Watch for Men Golden Mix – Luxury Watches for Men, Real Watch smart for Men, Stylish Watch for Men, Chain Watches for Men & Boys, Low Price Watch for Men, Elegant Chain Watches for Mens Fashion smart.",1454.0,5.0,3,12,watches
Mini Bluetooth 5.0 Pet tracker anti loss devicetracker GPS Built in Speaker for Airtag Smart tag Air tag Tracker for Ios Android,1315.0,0.0,0,14,watches
"A58 Plus Smart Watch 2.02"" Big Screen with Jewelry Gift Set for Women",2719.0,0.0,0,0,watches
"Classic Luxury Stainless Steel Analog Quartz Watch for Men/Boys Fashionable, Durable, and Long Lasting Battery",510.0,4.0,147,624,watches
Stainless Steel Quartz Wirstwatch For Men,499.0,5.0,3,12,watches
M4 Smart Band With Heart Rate Sensor Black Color,1400.0,0.0,0,0,watches
Aura Watch Blue - Aura Watch For Men - Aura Watch Black - Aura Watch Arabic - Aura Watch Fiber - Aura Watch For Men Luxury Men - Aura Watch For Boys - Aura Watches - Ghari - Unisex - Fiber Watch,629.0,0.0,0,10,watches
Elegant Full Black Arabic Aura Watch For Men's With Stainless Steel Chain Strap | Marble Design White and Black Aura Watch With Arabic Digits For Boy's in Fiber With Stylish Latest Smartwatch Strap,579.0,4.0,58,192,watches
"Premium quality watch with earbuds and seven straps,back case and charger| Multi function watch that can connect with Bluetooth 5.0 | premium quality earbuds with high quality sound experience",4500.0,0.0,0,0,watches
"DZ09 Smartwatch | Touch Screen Display | Sim

Supported | Calling and Camera Camera & MemoryCard Suported ||

Smart Watch",2020.0,0.0,0,0,watches
zip for girls,2.0,0.0,0,0,watches
Classic Rose Gold Slim Watch - Brown Top-Grain Italian Leather Strap – Brathwait,347.0,4.0,29,142,watches
black leather Luxury Watch For Unisex,300.0,4.0,10,68,watches
Online Sale Black Stainless Steel Crystal Wrist Watch Simple Quartz Watch Men Women,474.0,4.0,51,209,watches
Analog Leather Men Wrist Watch - Brown For Gents Watch For MenWomen,300.0,4.0,812,43,watches
Elegant Women Shoulder Bags with Gold Chain Detail in Polyester - Fashionable Crossbody Purses in Various Colors,464.0,4.0,291,11,watches
Pedometer Watch With LCD Display Walking Fitness Simple Operation Tracker Wrist Band And Digital Step Counter,1011.0,0.0,0,10,watches
Black Arabic Aura Watch For Men Stylish Aura Watch 100% Original Watch,599.0,3.0,1,17,watches
Galaxy Watch 6 Classic Smart Watch | Round Dial Smart Watch | Full Bezel Less HD Display | BT Calling Feature | Sports Functions,3999.0,4.0,17,52,watches
Original Aura Watch for Men - Arabic Dial Luxury Watch - Aura Watch for Boys Kids - Luxury Golden and Silver Aura Watch - Aura Watch Black Marble - Stylish Aura Watches for Men with Box - Water Resistant Quartz Watch - Aura Arabic Original - Men's Gift,545.0,0.0,0,9,watches
Watch 8 Round Dial Smart Watch with Logo and AMOLED Display in Premium Quality Round Dial Design,5499.0,0.0,0,0,watches
D20 Bluetooth Smart Watch For Men Waterproof Sport Fitness Tracker Smart Bracelet Blood Pressure Heart Rate Monitor Y68 Smartwatch for Womens,2500.0,0.0,0,0,watches
"Elegant Digital Sports Watch with Stainless Steel Strap for Men, Classic LED Display, Non-Sports, Battery Powered",349.0,0.0,0,0,watches
Luxury Watches for Mens Branded Original Style - Stylish Analog Quartz Wrist Watch for Boys - Stainless Steel Chain & Leather Strap - Water Resistant Business Casual Fashion Watch with Gift Box - New 2024 Collection,448.0,0.0,0,0,watches
Aura Watch for Men Original Black - Arabic Numerals Dial Watch - Luxury Aura Watches - Aura Watch for Boys Stylish - New White Dial Aura Watch - Aura Watch Arabic Original - Fashion Gents Watch - Aura Watch with Comfortable Strap - Arabic Number Watch,522.0,5.0,1,0,watches
Bracelet Watch For Girls,349.0,0.0,0,0,watches
HOT DEAL NO 1 Full Diamond Touch Screen LED Watch Steel Chain with Diamonds Ladies Korean watches for girls Ins Girls Alloy Ribbon Streamer Watch Female Accessories ladies watch best Gift for girls / Women,450.0,5.0,5,23,watches
Dz09 smart watch for man & women sim supported android watch calling and travelling,1960.0,0.0,0,0,watches
Lastest Stylish & Fashionable Magnet Chain Watch For Girls - New Arrival,349.0,4.0,143,770,watches
Retro Design Women Men Watches Classic Ladies Leather Band Alloy Quartz Wrist Watch Female Clock,321.0,4.5,20,90,watches
zip for girl,2.0,0.0,0,0,watches
Most Trending Black Aura Watch For Men 100% Original Watch With New Design & 7 straps Smartwatch,539.0,4.0,365,19,watches
Elegant Balck Aura Watch For Men | Wrist Aura Watch for Men | stylish Aura Watch for Men | Trendy Wrist Watch for Men | High Quality Stylish Wrist Aura Watch for Men,595.0,0.0,0,0,watches
Aura Watch Blue - Aura Watch For Men - Aura Watch Black - Aura Watch Arabic - Aura Watch Fiber - Aura Watch For Men Luxury Men - Aura Watch For Boys - Aura Watches - Ghari - Unisex - Fiber Watch,640.0,4.0,7,56,watches
Black Leather Strap Watch- Unisex,348.0,4.0,2,22,watches
Active 2 Smart Watch With Dual Straps | Metal Chain And Silicon | Round Dial Smart Watch | BT Calling Feature | Sports Function | Health Measure | Steel Body,3499.0,4.0,66,284,watches
Aura Watch Blue - Aura Watch For Men - Aura Watch Black - Aura Watch Arabic - Aura Watch Fiber - Aura Watch For Men Luxury Men - Aura Watch For Boys - Aura Watches - Ghari - Unisex - Fiber Watch,629.0,5.0,5,27,watches
Arabic Aura Watch 2025 Black Modern Creative Design Waterproof Stainless Steel Chain Quartz Movement,649.0,0.0,0,0,watches
Watch for Boys Digital Watch Waterproof Stainless Steel Analock Watch for Men Watch Mens & Womens Watch KCO A159WA-N1DF Classic Black Chrono Premium Quality Casual Wrist Watch Numerals Butterfly Clasp Stealness Steel Chain Imported Gift Watch,349.0,0.0,0,0,watches
Watch for Boys Digital Watch Waterproof Stainless Steel Analock Watch for Men Watch Mens & Womens Watch KCO A159WA-N1DF Classic Black Chrono Premium Quality Casual Wrist Watch Numerals Butterfly Clasp Stealness Steel Chain Imported Gift Watch,349.0,0.0,0,0,watches
Stylish Magnet Chain Watch For Girls,349.0,5.0,2,16,watches
MASTOP Men’s Fashion Watch Stainless Steel Quartz Sports Wristwatch,298.0,4.0,40,309,watches
LUXURY Ladies Magnetic Wrist Watch For Women,326.0,3.5,6,49,watches
Smart Watch DZ09 IP67 Waterproof OLED 1.54Inch Full Screen Supports Multiple Language Patterns Android Dual System Answer Call,1960.0,0.0,0,0,watches
"digital waterproof stainless steel watch for boys and men, classic black chrono wrist watch with steel chain, premium quality analog digital watch for men and women, imported casual wrist watch with butterfly clasp, stylish stainless steel waterproof watc",349.0,0.0,0,0,watches
TF10 Pro Smart Watch Round Dial 1.53 Inch Screen AMOLED Display Bluetooth Calling Smartwatch men's watch,4600.0,0.0,0,0,watches
zip for girls,2.0,0.0,0,0,watches
"A59 Plus Ladies Smartwatch Gift Set – Bluetooth Calling, Stylish Straps, Analog Watch & Jewellery Combo",2299.0,5.0,1,9,watches
"Lenovo M10 – 10.1” FHD Display, 7000mAh Battery, Powerful Tablet",6175.0,0.0,0,0,tablets
Touch Screen With Calling/Good Battery Life,1899.0,5.0,1,13,tablets
SCHOK SV55. Wiko y62. Boost Smart tab phone Simlocked 2+16GB.,4499.0,5.0,15,91,tablets
"Digiland - 10.1"" Tablet 32GB - Blue - Type C support - Free fire 🔥 n PUBG support",14450.0,0.0,0,0,tablets
"AMAZON FIRE TABLET POUCH ""8"" INCH (10TH) (12) GENERATION",3499.0,0.0,0,0,tablets
"Mi Pad 1 |

Best Tablet | 2GB Ram

16GB  Storage

| Best Gift

For Your Kids |

Smooth Working| 8

Inches Large Display",3500.0,5.0,6,28,tablets
OnePlus 15 Official Pta Dual sim 16/256 16/512 Snapdragon 8 elite gen 5 battery 7300 mah 165 Hz Display,260000.0,0.0,0,0,tablets
"xiomi, Mi Pad 7.9 Android 7.4.4, Tablet for sale Brand new condition",10499.0,0.0,0,0,tablets
OPPO PAD 3,61000.0,0.0,0,0,tablets
"Windows Tablet, Acer Tablet, Lenovo Tablet,  Dell Tab, Hp Tablet,  Ram 2Gb Storage 32GB_64Gb | Display 8inch 1080p | Battery Backup 3hrplus | Window Tab | Tablet Pc | Tablet for Office | Tablet for Kids | window 10 Tablet | Ms office Tablet | lotsmall",7500.0,4.0,70,236,tablets
OPP0 A57 DUAL SIM 4/64 IN BRAND NEW CONDITION,7999.0,0.0,0,0,tablets
Nokia Asha 200 Dual SIM - QWERTY Keyboard - PTA Approved - Lush Condition - Collectible Secondary Phone,6999.0,0.0,0,0,tablets
Lenovo M11 Tab - 8GB - 128GB - 2024 Model - 11 Inch - Android 13 - Helio G88 - Free Glass Protector Installed - Daraz Like New Tablets,59999.0,4.5,3,15,tablets
TelePuff es320 Keypad Wape Mobile Phone 📱 | PTA Approved ✅ | Dual SIM 📶 | Modern Type-C Charging ⚡ | VGA Camera 📸 | Premium Puff Wape ✨,5999.0,0.0,0,0,tablets
"Honor Pad V9 2025 Series - 11.6"" Inch - 8GB RAM - 128GB STORAGE - 90FPS Gaming Machine - Android 15 - Dimensity 8350 Elite (Free Original Glass Protector & Jelly Cover Installed ) - Daraz Like New Tablets",66499.0,0.0,0,0,tablets
Original Motorola Moto G04 PTA Approved 4GB RAM 128GB Storage Smooth Performance Budget Smartphone,22099.0,0.0,0,0,tablets
Tablet for kids and professional use,9500.0,0.0,0,0,tablets
New Super Pubg Trigrs Pubg Accessories Pubg Triggers pubg triger R11 Metal Trigger Controller L1 R1 Buttons PUBG4 fingers -you,2399.0,0.0,0,0,tablets
Calling  4 64gb card memory card support,10200.0,0.0,0,0,tablets
Huawei tablet,7500.0,0.0,0,0,tablets
Model  6 plus American Stock health 80+ with fingerprint,9500.0,5.0,0,0,tablets
Xiaomi Pad 1 | Android Tablet | 16GB & 64GB Storage | Smooth working | 7000 Mah battery | Best For Kids Gaming | Only Tablet Accessories Not Included,9999.0,5.0,4,22,tablets
"Lenovo Tab M8 64GB PTA Approved WiFi Tablet – 8"" Display",25800.0,0.0,0,0,tablets
AMAZON FIRE HD TABLET _ 5TH GENERATION 7 INCH IPS DISPLAY _ 1GB 8GB AND 16GB _ PLAYSTORE AND YOUTUBE INSTALLED,6000.0,4.0,13,47,tablets
Huawei Pta approved tablets,7500.0,0.0,0,0,tablets
"Colorful 10-inch LCD Drawing Tablet for Kids - Educational Drawing Pad with Stylus, Protective Screen & Key Lock, Ideal Travel Companion for Children 3-8 Years",225.0,0.0,0,0,tablets
Lenovo Tab M11 128GB | Premium Tablet | Ultra Smooth Performance | Box & Charger Included | Fast Delivery,49999.0,0.0,0,0,tablets
Amazon tab,5800.0,0.0,0,0,tablets
Daraz Like New Tablets WITH FREE KEYBOARD & MOUSE - Microsoft Surface Pro - 4 Gb Ram 128gb SSD - Windows 10 - Six months warranty,18999.0,5.0,1,10,tablets
ZnG Traders Colorful LCD Writing Tablet for Kids | Unisex Educational Drawing Pad | Portable Travel-Sized Doodle Board for Ages 3-8,430.0,5.0,1,0,tablets
Amazon Orginial Tablet 1GB Ram - 8GB Rom 10/9 Condition all Okie Gamings & other apps work - 7 inch Display 5 Gen - Memory Card Support - mix Colour - Best for Kids - budget Friendly Tablet For Bpys & Girls - Tablet On installment,5980.0,5.0,0,6,tablets
"Android Tablet, Amazon Fire Tab 7 5th Gen | Android 7 Support, Low Price  Android Tab, 7’ Inch Tablet | 1GB RAM 8_16GB ROM | Front and Back Camera, Battery 4750mAh | 10/9 Condition lot mall | kids tab, Amazon tabs, baby tab | Android tablet | Lotsmall,",7800.0,0.0,0,16,tablets
Lenovo Docomo Dtab D-42A | 4GB RAM | 64GB Storage,20000.0,0.0,0,0,tablets
Moto G Stylus 2023 | 128GB | PTA Approved | Smooth Performance Smartphone | Free Charger & Free Cover Included,24900.0,0.0,0,0,tablets
"Daraz like new Tablet Samsung Galaxy Tab A8 10.5 inches (X200) 3GB Ram, 32GB Rom WIFI Tablet (FREE BOOK COVER)",32999.0,5.0,2,14,tablets
Samsung  Galaxy Tab4 | SMT531 | 16GB Memory | 10 Inches large Display | Android 11 | Only Tablet,10499.0,0.0,0,8,tablets
OnePlus 13R/ Ace 5 12/256 16/512 Dual sim Official Pta Snapdragon 8 Gen 3 Battery 6400mah box pack,160000.0,0.0,0,0,tablets
Vivo Y100 8GB + 128GB,56999.0,0.0,0,0,tablets
"Samsung Galaxy Tab A 10.1 (Model SM-T510) - 128GB Storage - Wi-Fi - 10.1"" Full HD Display - Dual Speakers - Black - Daraz Like New",39999.0,0.0,0,0,tablets
Lenovo Tab M10 |16GB Storage | 2GB RAM | 5MP Camera | 10 Inches Display | 4850 mAh Battery | Tablet PC,11990.0,3.5,3,14,tablets
"Samsung Galaxy Tab A 8' Inch Tablet | 100% INSPECTED | 2GB RAM | 32GB ROM(STORAGE) | BEST FOR ADULT AND KIDS BOTH |  Just Like New Condition | With Box, Charger, Cable & Free Surprise Gift | High Performance | Reliable | Affordable | Long Battery Life",12999.0,4.0,226,801,tablets
ZnG Traders Colorful LCD Writing Tablet for Kids | Unisex Educational Drawing Pad | Portable Travel-Sized Doodle Board for Ages 3-8,199.0,4.0,442,25,tablets
AMAZON 5TH GENERATION 7 INCH IPS DISPLAY TABLET 1GB 8GB AND 16GB PLAYSTORE AND YOUTUBE INSTALLED,6000.0,4.0,33,178,tablets
"Tab - Amazon Fire 7' Inch Tablet | 100% INSPECTED | 1GB RAM | 5th Generation | 2980mAh Battery | Top Rated | Budget Friendly | BEST FOR KIDS | Just Like New Condition | With Box, Charger, Cable & FREE SURPRISE GIFT | Affordable",5999.0,5.0,10,69,tablets
"Daraz Like New Tablets - Samsung Galaxy Tab A 8.0"" 2GB 32GB, Black Wi-Fi Supported",12398.0,4.0,522,16,tablets
Nokia 2660 2760 Flip Phone without internet PTA Life Time Warranty,9600.0,5.0,3,12,tablets
Daraz Like New Tabs&Tablet  | Amazon Fire HD 7 | 9th Generation 2019 | 1GB 16GB | android 9.0 | WIFI | DARAZ LIKE NEW,8459.0,4.0,34,164,tablets
NOKIA - NOKIA 106 - DUAL SIM - WITHOUT XAMERA PHONE - PTA APPROVE - BOX PACK - KEYPAD PHONE,2103.0,4.5,1,22,tablets
Kindle Paperwhite 2 6th generation,11000.0,0.0,0,0,tablets
Samsung Galaxy  S24 Ultra Dual Sim Pta 12/256 16/512,255000.0,5.0,4,11,tablets
"Colorful 10-inch LCD Drawing Tablet for Kids - Educational Drawing Pad with Stylus, Protective Screen & Key Lock, Ideal Travel Companion for Children 3-8 Years",192.0,4.0,147,696,tablets
6.5 to 12-Inch LCD Writing Tablet for Kids | Erasable Digital Drawing Pad | Single & Multi-Color Doodle Board | Educational Learning Toy | Best Gift for 3-8 Year Old Boys & Girls,290.0,4.0,53,406,tablets
MOT0 G STYLUS 2024 COUNTRY LOCKED BEST FOR GAMING & ONLINE CLASSES,31999.0,0.0,0,0,tablets
AMERICAN TAB 10.4 INCH/FRESH PIECE/4K ULTRA HD DISPLAY/SIM WORKING TAB/APROVED STOCK /ORIGINAL IMPORTED STOCK,14616.0,0.0,0,0,tablets
Samsung Galaxy Tab S7 FE 4GB Ram 64GB Rom (Without SIM),110000.0,0.0,0,0,tablets
Comparison of Infinix GT 20 Pro,100000.0,0.0,0,0,tablets
2.8 LCD,3654.0,0.0,0,0,tablets
Google Pixel 9 pro xl Dual Sim Pta Approved 16/128 16/256,200000.0,0.0,0,0,tablets
"LCD Writing Tab Pad Up to 12 inch LCD Writing Tablet for Kids Toys Single and multi Color Erasable Digital Drawing Pad | Best Gift For Children Educational Learning ToyDoodle Drawing Tablet Pad, Toys for 3 4 5 6 7 8 Year Old Girls Boys Kids",254.0,5.0,14,132,tablets
"Amazon Fire 7' Inch Tablet | 100% INSPECTED | 1GB RAM | 7th Generation | 2980mAh Battery | Top Rated | Budget Friendly | BEST FOR KIDS | Just Like New Condition | With Box, Charger, Cable & FREE SURPRISE GIFT | Affordable",5999.0,4.0,5,20,tablets
Lenovo Tab M8 PTA Approved | Premium Tablet | Smooth Performance | Box & Charger Included | Fast Delivery,19750.0,0.0,0,0,tablets
"Writing LCD Drawing Multicolor Screen Tablet Available in 4.5 inch, 6.5 inch, 8.5 inch, 10 inch, 12 inch, 16 inch sizes Also",282.0,4.0,184,804,tablets
"Lenovo M8 HD 8"" Inch And M10 Hd 10"" Inch Tablet 100% INSPECTED 2GB RAM 16GB ROM(STORAGE) 5000mAh Battery Top Rated Gaming Tablet BEST FOR ADULT AND KIDS BOTH Just Like New Condition With Charging Cable",10200.0,5.0,1,0,tablets
"Samsung Galaxy Tab A 2018 (T597) 10.5' Inch Tablet | 100% INSPECTED | 3GB RAM | 32GB ROM(STORAGE) | 7300mAh Battery | Top Rated | BEST FOR ADULT AND KIDS BOTH | Just Like New Condition | With Box, Charger, Cable & FREE SURPRISE GIFT | High Performance",14999.0,0.0,0,0,tablets
Vivo Y100 8GB + 256GB,59000.0,0.0,0,0,tablets
Amazon Fire 7 9th Gen | 8GB Storage | Quality+COD | Memory Card Supported,8999.0,5.0,1,15,tablets
Slim Smart tablets weight loss - Slim Smart Tablets Weight Loss– Natural Body Support Formula  Slim Smart Tablets,899.0,4.0,33,107,tablets
Nokia E51 - Golden Edition - PTA Approved - Slim Stainless Steel Body - WiFi Enabled - Premium Business Phone - Collector's Condition,9999.0,0.0,0,0,tablets
"Lenovo tablet, Nec Window Tablet, window tab, window 10 Tablet, Ram 4Gb Storage 64Gb 128GB Display 10inch | Battery Backup 3hr Plus, | Window Tab | Tablet Pc | Tablet for Office | Tablet for Kids | window 10 Tablet | Ms office Tablet",8000.0,4.0,9,35,tablets
Amazon Fire 7 | 5th Generation | 8 GB Storage | 1 GB RAM | 7″ IPS Display | 2 MP main camera and rear-facing cameras with 720p HD video recording | 1.3 GHz quad-core processor,5999.0,0.0,0,0,tablets
"Kids' LCD Writing Tablet 6.5/10/12 Inch - Colorful Educational Drawing Board with Erase Button, Unisex Drawing Pad for Kids 1-4 Years",224.0,4.0,95,265,tablets
Redmi Pad 2 || 8GB RAM + 256B ROM || 9000mAh Battery ||,81999.0,0.0,0,0,tablets
"AMAZON POUCH ""10"" INCH (11) (13) GENERATION",3499.0,0.0,0,0,tablets
"TCL 9011 Tablet | 2GB RAM 16GB Storage | 10.1"" HD Display | Octa-Core Processor | 4G LTE + WiFi | Long Battery Backup | Kids Learning & Gaming Tab",13999.0,0.0,0,0,tablets
"Samsung Galaxy Tab E 8' Inch Tablet | 100% INSPECTED | 2GB RAM | 5000mAh Battery | Just Like New Condition | With Box, Charger, Cable & Free Surprise Gift | High Performance | Reliable | Affordable | Long Battery Life | Budget Friendly | Top Selling",9999.0,4.0,42,126,tablets
Vivo Y51 | dual sim PTA APPROVE | 4GB RAM 64 GB ROM | 3000 MaH long battery,8050.0,4.0,9,41,tablets
"OnePlus Pad – Best Heavy Gaming Tablet | 11.61"" Display | 512GB Storage | 12GB RAM | MediaTek Dimensity 8350 | Android 15 | 8MP Rear & Front Cameras | 9250mAh Battery - Daraz Like New Tablets",83926.0,0.0,0,0,tablets
"Colorful 10-inch LCD Drawing Tablet for Kids - Educational Drawing Pad with Stylus, Protective Screen & Key Lock, Ideal Travel Companion for Children 3-8 Years",280.0,0.0,0,0,tablets
Model (6) tab used simlocked whatsapp not supported,5999.0,0.0,0,0,tablets
"Fujitsu Tablet, Display 10inch, Ram 4GB Storage 64/128GB, Battery 9000mAh, 3hr Plus Backup, Windows 10 32bit, windows tablet, Office Tablet, Business Tablet, windows 10 tablet, lotsmall, tablet for office, office work tablet, tab for kids, excle tab, 12v,",16500.0,0.0,0,0,tablets
OPPO Pad 3 | PUBG 90 Fps | Tablet,52500.0,0.0,0,0,tablets
"Amazon Fire HD 10 | 10’ Inch Tablet | 3GB RAM | 32GB ROM | With PlayStore | 11th Generation | Front and Back Camera | 6300mAh Battery | 10/9.5 Condition | With Box, Charger, Cable & Free Surprise Gift",18999.0,4.0,66,242,tablets
Samsung Galaxy Tab A7 Lite With Stylus Pen | Premium Tablet | Smooth Performance | Box & Charger Included | Fast Delivery,24999.0,0.0,0,0,tablets
SAIL Air S109 10inch 16+512GB 2SIM+WIFI Kid Tablet Pc Child Educational Android Best Tablet for Education,27000.0,5.0,2,9,tablets
Oleum Jac capsules,450.0,0.0,0,0,tablets
"Fujitsu Q555 Windows Tablet | Display 10inch Ram 4gb Storage 64gb 128gb | Only Tablet | window 10 tablet, Ms office tablet, tab for office, window tab, window tablet, kids learning tablet,  window tablet pc, tablet pc, tab for kids, Fujitsu lot Q55,",15000.0,3.5,22,104,tablets
Lenovo tablet,10500.0,0.0,0,0,tablets
Samsung Galaxy Tab A (2019) 8’ Inch Tablet | Top Rated | 2GB RAM | 32GB ROM | 5100mAh Battery | best for kids & adults | with box & original charger + cable,15559.0,4.0,50,132,tablets
Graphic Tablet,10500.0,0.0,0,0,tablets
OnePlus Nord N200 5G PTA Approved With Box | Original Charger & Free Cover | Fast Delivery,21674.0,0.0,0,0,tablets
"Fujitsu Japan Tablet, Q506_7_8, Ram 4GB Storage 64GB Display 10inch, Graphics tablet, Ms office tablet, window 10 tablet, Office working tablet, Business Tablet, Tablet,  Tablet, kids tablet, Entertainment tablet, low price tablet, LotsMll, | window tab,",16500.0,4.0,20,73,tablets
Amazon Tablet 1gb 16gb 9th Generation WiFi Supported Memory Card Supported Play Store,6375.0,0.0,0,0,tablets
"Amazon Fire 7 Tablet (9th Gen) – 8GB Storage | 7” IPS Display | Fast & Portable Tablet for Reading, Learning & Entertainment",8000.0,3.0,1,0,tablets
"Samsung Galaxy Tab S7 – 11"" Display – Snapdragon 865+ – 6GB RAM 128GB Storage – S Pen Support – 8000mAh Battery – Android 13 | Seller: SUK",72000.0,0.0,0,0,tablets
Calling Tab 64gb /2sim n 1 sim slot / Android charging/ for children games n poems,10200.0,0.0,0,0,tablets
Samsung Tab A 2019 T290 8Inch Wi-Fi 32GB SILVER  FREE TABLET COVER,13499.0,4.0,77,221,tablets
Moto G Power 2025 PTA Approved 8GB RAM 128GB Storage | Premium Performance Smartphone | Free Charger & Free Cover Included,36337.0,0.0,0,0,tablets
SAMSUNG S8 ORIGINAL PHONE OFFICIALLY PTA APPROVED WITH IMEI MATCHED BOX,31999.0,0.0,0,0,tablets
Samsung Galaxy Tab A9+ 5g | Snapdragon 695 | Tablet,51500.0,0.0,0,0,tablets
No Free gift !! Honor Pad X8a (8GB+128GB) 11-Inch Tablet – Smooth Performance & Large Display,46000.0,0.0,0,0,tablets
American Schok Volt SV55 Mobile Phone | No Sims(WiFi Only) | Android 11 | Free Compatible Charger | Snapdragon 425 | Best Economical Smart Mobile Phone | Mobile Phones Low Price | Globally Customized,6600.0,0.0,0,0,tablets
"Nokia 3310 Box Pack PTA Life Time Warranty A+ Condition High Quality, nokia 3310, availability nokia 105, nokia 106, nokia 150, nokia 5310, nokia 3210 - tablet",5000.0,0.0,0,8,tablets
"Microsoft Surface Pro 3 | 12"" | Core i5 | 4GB Ram | 128GB Rom | Silver | Wifi | Certified Daraz Like New Tablets | 6 Months Warranty | Daraz Like New Tablets",44999.0,0.0,0,0,tablets
"lPad 5 (5th Generation) - Model A1822 - 9.7"" Retina Display - 32GB Memory - Wi-Fi Only - Gold Edition - Like New Condition",27999.0,0.0,0,0,tablets
Poco Pad -9 Months Used - 8GB RAM - 256GB ROM - Li-Po 10000mAh -Wi-Fi,47000.0,0.0,0,0,tablets
Nokia N8 - 12MP Carl Zeiss Camera - 16GB Storage - PTA Approved - Collector's Edition - Vintage Metallic Design - Symbian OS,19999.0,0.0,0,0,tablets
American Stock | 6 plus 📱 |  Battery health 80+🔋 | Finger supported,9500.0,0.0,0,0,tablets
Motorola One Ace 5G | 128GB Storage | 6GB RAM | Snapdragon 750G | Single Sim | 5000 mAh Battery | 48MP Camera | Non PTA Approved | Mobile Phone,20000.0,5.0,3,8,tablets
OnePlus Nord N200 5G PTA Approved | Smooth Performance Mobile | Free Charger & Free Cover Included,24800.0,0.0,0,0,tablets
"Daraz Like New Tablets – Amazon Fire HD 7 | 5th Generation | 8 GB Storage | 1 GB RAM | Quad-core 1.3 GHz Cortex-A53| 7"" HD| 2 MP front and 2 MP rear-facing cameras | best for kids |with box & charger",6099.0,5.0,1,0,tablets
"Amazon Tablet 10.1 Inch Display | 3GB RAM 32GB Storage | 6000mAh Battery | Android Tablet with Play Store | YouTube, Facebook, TikTok Supported",13000.0,0.0,0,0,tablets
"Lenovo Yoga N23 x360 Convertible Chromebook – 4GB/32GB SSD, Touchscreen",14999.0,0.0,0,0,tablets
"Itel Flip 1 | 2.4"" Display Big LCD | Dual SIM | 1200mAh Battery | King Voice | Slim Stylish Flip Feature Phone | 2000 Contacts & 100 Messages Memory | Bluetooth Calling Wireless FM Radio | Type-C Charging Support",4400.0,0.0,0,0,tablets
10.1 Inch Wifi Tablet PC With Keyboard And Pen Android 13.0 12GB+512GB Android Tablet Touch Screen Pad Drawing Tablet For School,105000.0,0.0,0,0,tablets
Nokia C1-02 - Reliable Dual SIM - PTA Approved - Classic Candybar Design - Loud Speaker - Lush Condition,4499.0,0.0,0,0,tablets
urba (sovo),2300.0,0.0,0,0,tablets
AMAZON AMERICAN TABLET /7HOURS BATTERY BACKUP/WHATSAPP AND OTHER ALL APPS WORKING/BOX AND CHARGER/3GB RAM/8INCH SIZE,8014.0,0.0,0,0,tablets
Samsung Galaxy Tab A7 Lite 8.7’ Inch Tablet | Top Rated | 3GB RAM | 32GB ROM | 5100mAh Battery| best for kids & adults |Reliable| PUBG Supported & HIGH PERFORMANCE | WITH  BOX ORIGINAL CHARGER & CABLE,22499.0,4.0,11,27,tablets
"Amazon Fire 7' Inch Tablet | 100% INSPECTED | 1GB RAM | 5th Generation | 2980mAh Battery | Top Rated | Budget Friendly | BEST FOR KIDS | Just Like New Condition | With Box, Charger, Cable & FREE SURPRISE GIFT | Affordable",6499.0,4.0,6,18,tablets
"Nokia 125 (Classic) - Large 2.4"" Display - Ergonomic Tall Design - PTA Approved",4499.0,0.0,0,0,tablets
Xiaomi Pad 7 8GB + 256GB,97999.0,0.0,0,0,tablets
OnePlus 13 Dual Sim Official Pta 16/512 Snapdragon 8 elite gen 3 Box pack,220000.0,5.0,2,6,tablets
"Samsung Galaxy Tab S10 Ultra - 14.6 "" Inch Display - 12GB Ram - 256GB ROM WIFI - With Keyboard Cover - X920",339999.0,0.0,0,0,tablets
"Lenovo Tab M10 Plus FHD Gen 3 10.6"" | 64 GB Storage | 4 GB RAM | Wi-Fi Tablet| GAMMING TAB  7700 mAH Battery | Best for kids & adults",29663.0,4.5,1,0,tablets
Samsung Galaxy Tab E - 1.5GB RAM - 16GB ROM - Android 7 - FREE TABLET COVER,9999.0,4.0,171,598,tablets
Amazon Tablet Fire HD10 | 3/32 GB Storage |11 Inches large Display | with Play Store | Freefire/Pubg Supported | Only tablet | Without Box & Charger,12500.0,5.0,1,9,tablets
"Lenovo M8 HD 8"" Inch And M10 Hd 10"" Inch Tablet 100% INSPECTED 2GB RAM 16GB ROM(STORAGE) 5000mAh Battery Top Rated  Gaming Tablet BEST FOR ADULT AND KIDS BOTH Just Like New Condition With Charging Cable",10499.0,5.0,2,12,tablets
Samsung Galaxy Tab A9 Plus | 8Gb Ram | 128GB Storage | 11 inches screen|,72000.0,0.0,0,0,tablets
"Samsung Galaxy Tab A11 X133 (8.7"", 4GB/64GB) – WiFi Only Tablet",50000.0,0.0,0,0,tablets
LG V60 THINQ 5G DUAL SIM,53000.0,0.0,0,0,tablets
American stock | 7 | Good condition 32/128gb Health 80+ Finger supported 🫆,11500.0,0.0,0,0,tablets
Samsung Tab A 2020 | 32 GB Storage | 3 GB RAM | Android 11|Octa-core 1.8 GHz | 8.4 inches| 8 MP Rear and 5 MP Front Camera|5000 mAh Battery,19999.0,0.0,0,0,tablets
Schok Volt SV55 Non PTA Mobile - Amrican Orginial Mobile Phone -2GB Ram 16GB Rom - Andriod 11 Snapdrogon 425 Loud Speaker - Dual Camera & Type-c Charging Support - Sim not Working - Best for Kids - Budget friendly Mobile - Mobile Phone on easy installment,6780.0,0.0,0,0,tablets
S390 SAIL Air | 256 GB Storage | 8 GB RAM |  7″ IPS Display | with HD video recording| 5000 mAh Battery,19000.0,5.0,8,24,tablets
Samsung Galaxy S22 ultra 12/256 12/512 Dual Sim Official Pta Box Pack,180000.0,4.0,9,12,tablets
Q-link tab,9500.0,0.0,0,0,tablets
FUJITSU Japan Q507 Window Tab window 10,15039.0,5.0,4,10,tablets
"Honor Pad V9 2025 - 11.6"" Inch - 8GB RAM - 128GB STORAGE - 90FPS Gaming Machine - Android 15 - Dimensity 8350 Elite (Free Original Glass Protector & Jelly Cover Installed ) - Daraz Like New Tablets",66499.0,0.0,0,0,tablets
"OPPO A31 6GB 128GB PTA Approved – Triple Camera, 6.5” Display, 5000mAh Battery – Best Price in Pakistan",19000.0,0.0,0,0,tablets
Sumsung mini Mobile Tablet Approved PTA without display only kit casing,100000.0,5.0,2,16,tablets
Nokia 9300 Communicator - Collector’s Edition - Full QWERTY Keyboard - Dual Display - PTA Approved - Lush Condition,24999.0,0.0,0,0,tablets
Xiaomi Pad-1 tablet | 16GB & 64GB Memory | 8 inches Display | 7000 mah Battery | Quality+COD | Best Gift for your kids,10500.0,5.0,1,0,tablets
Vivo Y85 4gb Ram 64gb Rom Dual Sim Fingerprint PTA Approved,12500.0,0.0,0,0,tablets
Q-link tab,9500.0,0.0,0,0,tablets
Lenovo M11 Tab - 8GB - 128GB - 2024 Model - 11 Inch - Android 13 - Helio G88 - Free Glass Protector & Cover Installed - Daraz Like New Tablets,48999.0,3.0,1,0,tablets
Realme Note 60,28500.0,0.0,0,0,tablets
"Samsung Galaxy Tab A7 10.4’ Inch Tablet | Top Rated | 3GB RAM | 7040mAh Battery | 10/10 Condition | With Box, Charger, Cable & Free Surprise Gift | High Performance | Reliable | Affordable",36499.0,5.0,3,0,tablets
"Amazon Fire 7' Inch Tablet | 100% INSPECTED | 1GB RAM | 7th Generation | 2980mAh Battery | Top Rated | Budget Friendly | BEST FOR KIDS | Just Like New Condition | With Box, Charger, Cable",6499.0,0.0,0,0,tablets
Samsung Galaxy Tab A - 2GB RAM 16GB ROM - 8'' Screen size - Fast Processor - Good Condition - FRE,11000.0,0.0,0,0,tablets
Amazon Fire HD-10 Tablet | Quality+COD | 10.1 inches Large Display | Play Store Working | Fast And Smooth Working,15000.0,0.0,0,0,tablets
AMAZON 5TH GENERATION 7 INCH IPS DISPLAY TABLET 1GB 8GB AND 16GB PLAYSTORE AND YOUTUBE INSTALLED,5999.0,4.0,28,132,tablets
Vivo Y81 - nouch Display - PTA Approve - 6GB RAM - 128GB ROM - DUAL SIM PHONE -,10731.0,5.0,3,13,tablets
"Honor Pad V9 - 11.6"" Inch - 8GB RAM - 128GB STORAGE - 90FPS Gaming Machine - Android 15 - 2025 Series - Dimensity 8350 Elite (Free Original Glass Protector & Jelly Cover Installed ) - Daraz Like New Tablets",66499.0,0.0,0,0,tablets
"Samsung Galaxy Tab E – 2GB RAM, 32GB Storage, 5000mAh Battery",11500.0,0.0,0,0,tablets
Amazon Fire HD 8 | 10th Generation | 32GB Storage | 2GB RAM | Mediatek MT8168 (12 nm) | 8.0″ Display | Wi-Fi | Best Tablet For Youtube And Online Classes And Gaming | Tablet PC,10999.0,0.0,0,0,tablets
New Super Pubg Trigrs Pubg Accessories Pubg Triggers pubg triger R11 Metal Trigger Controller L1 R1 Buttons PUBG4 fingers -you,2300.0,5.0,2,15,tablets
Amazon Tablet 1gb 16gb 9th Generation WiFi Supported Memory Card Supported Play Store,6999.0,4.0,17,59,tablets
Lenovo M10 3rd Gen Tab - 4GB - 64GB - Android 12 - Original JellyCover Free Included - Daraz Like New Tablets,32999.0,4.0,12,42,tablets
Nokia 125 4G (2024) - HD Voice Calling - Ceramic Coating - USB-C Charging - PTA Approved - Lush Condition,4999.0,0.0,0,0,tablets
"Lenovo Tab M8 Tablet – 8 Inch, 2GB RAM, 16GB ROM, Android 10 | PUBG & FreeFire Supported | Free Charger Included",10999.0,5.0,1,0,tablets
"Oppo Pad 3 – Powerful Gaming Tablet | 11.61"" Display | 128GB Storage | 8GB RAM | MediaTek Dimensity 8350 | Android 15 | 8MP Front & Rear Cameras | 9250mAh Battery - Daraz Like New Tablets",73999.0,0.0,0,0,tablets
Amazon Kindle Paperwhite 3 ereader 7th Generation,16999.0,5.0,3,0,tablets
Samsung Galaxy Tab A8 (X200) (2021) 10.5’ Inch Tablet | Top Rated | 3GB RAM | 32GB ROM | 7040mAh Battery | 10/10 Condition | High Performance | Reliable | Affordable | with box & original charger,31999.0,4.0,3,9,tablets
Samsung Galaxy Tab A7 Lite 8.7’ Inch Tablet | Top Rated | 3GB RAM | 32GB ROM | 5100mAh Battery| best for kids & adults |Reliable| PUBG Supported & HIGH PERFORMANCE | WITH BOX ORIGINAL CHARGER & CABLE. FREE COVER,19802.0,3.5,3,0,tablets
"Model (6s) tab
used simlocked whatsapp supported",6999.0,3.0,0,0,tablets
Amazon kindle Paperwhite 2 6th generation,11499.0,5.0,2,0,tablets
"Lenovo Tab M11 (2024 Model) - 11"" Display, 8GB RAM, 128GB Storage, Android 13, 13MP Main & 8MP Front Camera, 7040mAh Battery | Buy Now on Daraz | Daraz Like New Tablets",59999.0,4.0,1,0,tablets
amazon tablet/ 7th generation /best for kids/ android / oneTube/ facebook/ TikTok,10000.0,4.0,32,154,tablets
Vivo Y71 Dual sim Phone - PTA APPROVE - 3360 MAH Battery - 6GB RAM - 128GB ROM - Loud Speaker - Snapdrogon 425 Proxessor - 6 Inch HD+ Display - 13MP Camera  4G support Mobile Phone - Vivo Mobile On installment - Budget Friendly Mobile - Support Games,9428.0,0.0,0,0,tablets
Google Pixel 8 5G (PTA OFFICIAL APPROVED) – 8GB RAM | 120Hz Actua Display – In-Display Fingerprint – On Installments,98000.0,0.0,0,0,tablets
Amazon Fire HD 8 | 10th Generation | 32GB Storage | 2GB RAM | Mediatek MT8168 (12 nm) | 8.0″ Display | Wi-Fi | Best Tablet For Youtube And Online Classes | Tablet PC,13000.0,0.0,0,0,tablets
Samsung Tab A11 (Wi-Fi) - 8.7 Inches Display - 4GB RAM 64GB ROM - 5MP Front Camera - 8MP Rear Camera - 5100mAh Battery,52999.0,0.0,0,0,tablets
Oneplus 10 pro Dual Sim Official Pta approved 12/512 snapdragon 8 gen1 Box pack,140000.0,4.0,13,17,tablets
RUGGED UNBREAKABLE PHONE 64GB STORAGE/with 4G LTE INTERNET / TYPE C CHARGING/ 5000 MH BIG BATTERY,17900.0,3.0,1,0,tablets
AMAZON 1GB 16GB WIFI 7.0 INCH DISPLAY,5999.0,4.0,7,36,tablets
Amazon Fire HD 8 | 16 GB Storage  8.0″ Display WiFi Tablet PC Mobile Tablet,8400.0,4.0,2,6,tablets
Amazon Fire 7 HD Tablet 1gb 16gb 9th Generation WiFi Supported Memory Card Supported Play Store,6999.0,4.5,2,8,tablets
"Samsung A9 Plus 11' Inch Tablet | 100% INSPECTED | 4GB RAM | 64GB ROM(STORAGE) | 7040mAh Battery | BEST FOR ADULT AND KIDS BOTH | Top Rated |  Just Like New Condition | With Box, Charger, Cable & FREE SURPRISE GIFT | High Performance | Reliable",42999.0,4.5,1,0,tablets
"Microsoft Surface RT - 10.6"" Touchscreen Tablet | Windows RT | 2GB RAM | 32GB Storage | Sleek Design | Certified Like New | 6 Months Warranty | Daraz Like New Tablets",15999.0,0.0,0,0,tablets
Samsung Galaxy Tab A9+ Plus 8GB RAM 128GB Storage 5G PTA Approved,95000.0,0.0,0,0,tablets
Samsung Galaxy A9+ Tablet - 8GB - 128GB - 2023 Model - 11 Inch - Android 13 - Free Glass Protector Installed - Daraz Like New Tablets,58499.0,5.0,2,9,tablets
Samsung Galaxy Tab A8 (X200) (2021) 10.5’ Inch Tablet | Top Rated | 4GB RAM | 64GB ROM | 7040mAh Battery | 10/10 Condition | High Performance | Reliable | Affordable | with box & original charger,38662.0,0.0,0,0,tablets
D9 Trigger For Pubg Free Fire Mobile Controller Gamepad - Triger,2299.0,5.0,1,6,tablets
"amsung Galaxy Tab E 8' Inch Tablet | 100% INSPECTED | 2GB RAM | 5000mAh Battery | With Box, Charger, Cable & Free Surprise Gift | Just Like New Condition | High Performance | Reliable | Affordable | Long Battery Life | Budget Friendly | Top Selling",12689.0,0.0,0,0,tablets
Earldom F08 Mobile Trigger Controller Shoot Fire Button Smartphone Mobile Game Triggers for iOS & Android,3899.0,0.0,0,10,tablets
"Tab -  Amazon Fire 7' Inch Tablet | 100% INSPECTED | 1GB RAM | 7th Generation | 2980mAh Battery | Top Rated | Budget Friendly | BEST FOR KIDS | Just Like New Condition | With Box, Charger, Cable & FREE SURPRISE GIFT | Affordable",5999.0,5.0,3,11,tablets
"windows 11 tablet, window 10 Tab, Surface pro 2, Ram 4Gb / Storage 128/256/512Gb  | window tab I5 3rd gen, Windows pc tab, Gaming Tablet, Graphic design Tablet, Business Tablet, Heavy working Tablet, Ms Office Tablet, Educational Tablet, #lotsmall, kids",25000.0,5.0,4,8,tablets
"""Zkai Zmooth Tablet 4GB RAM 16GB ROM - HD IPS Display | 5000mAh Battery | Dual Camera | Android | Expandable Storage - Best Budget Tablet!""",12730.0,0.0,0,0,tablets
Cloud Tab,9500.0,0.0,0,0,tablets
"Xiaomi Mi Pad 1 (2GB RAM / 16GB-64GB Storage) 8"" HD Display Tablet | 7000mAh Battery | Smooth Performance for YouTube, TikTok, Facebook & Online Classes",10000.0,0.0,0,0,tablets
"Lenovo P11 Tab 11' Inch Tablet | 100% INSPECTED | 4GB RAM | 7700mAh Battery  | Top Rated | BEST FOR GAMING | PUBG SUPPORTED | Just Like New Condition | With Box, Charger, Cable & FREE SURPRISE GIFT | High Performance | Latest Model",39999.0,5.0,1,0,tablets
Vivo y19 with box charger & sim injector tool - 6GB RAM 128GB ROM - PTA approve dual sim mobile phone - vivo mobile - vivo phone - imported 4G mobile - mobile phone on installment - budget Phone - smart mobile phone - 5000 mah battery Vivo Mobile,15385.0,5.0,1,0,tablets
"Samsung Galaxy Tab S3 - 9.7"" - Super Amoled Display - 4GB Ram - 32GB Rom - Pubg Supported - Free Fire Supported - Daraz like new tablets",58999.0,0.0,0,0,tablets
Japanese AQUOS R7 GAMING PHONE 8GEN 1 12GB,63000.0,0.0,0,0,tablets
"Oppo Pad 3 – Powerful Gaming Tablet | 11.61"" Display | 128GB Storage | 8GB RAM | MediaTek Dimensity 8350 | Android 15 | 8MP Front & Rear Cameras | 9250mAh Battery - Daraz Like New Tablets",68084.0,5.0,2,0,tablets
VIVO Y71 - 2 PHONE DEAL - DUAL SIM - PTA APPROVE 4GB RAM -32GB ROM - BOX - CHARGER - PHONE - VIVO,13500.0,0.0,0,0,tablets
Nokia 105 - Classic Phone - Dual sim - without camera - budget Phone - Keypad - Nokia - Snake Game,1961.0,5.0,5,21,tablets
Q MOBILE PHANTOM 2.4 LCD FOLD MOBILE,4100.0,0.0,0,0,tablets
SAMSUNG GALAXY S9 plus 4/64 GB PTA APPROVED,45000.0,0.0,0,0,tablets
"Samsung Tab A9 - 8.7"" Inch Display - 4GB RAM - 64GB ROM - Wifi +SIM PTA APPROVED - X115",54999.0,0.0,0,0,tablets
